dataset,epoch,seed,accuracy,f1,auc,bal_acc
Heart,0,3000,0.5297297297297298,0.6789667896678966,0.6618578465869106,0.5038705137227305
Heart,0,3001,0.33513513513513515,0.08888888888888888,0.25535714285714284,0.37857142857142856
Heart,0,3002,0.4702702702702703,0.5625,0.41654879773691655,0.45473833097595473
Heart,0,3003,0.4702702702702703,0.6080000000000001,0.42303158887317305,0.4417138142385667
Heart,0,3004,0.5351351351351351,0.5904761904761905,0.5644677661169415,0.5353573213393303
Heart,0,3005,0.6810810810810811,0.7445887445887445,0.7619223205506391,0.6583087512291053
Heart,0,3006,0.7351351351351352,0.6620689655172413,0.8029026217228464,0.7279962546816479
Heart,0,3007,0.4702702702702703,0.4431818181818182,0.49768687606525447,0.5
Heart,0,3008,0.6378378378378379,0.6298342541436465,0.6303483750292261,0.6383563245265373
Heart,0,3009,0.5297297297297298,0.5347593582887701,0.5114575950862272,0.5342546657217103
Heart,0,3010,0.35135135135135137,0.42857142857142855,0.21745806756437513,0.341070163004961
Heart,0,3011,0.2756756756756757,0.14102564102564102,0.22810665362035226,0.32307974559686886
Heart,0,3012,0.3891891891891892,0.5191489361702126,0.3092588207435472,0.36318967558607623
Heart,0,3013,0.518918918918919,0.6044444444444446,0.5391629646948796,0.5155482815057284
Heart,0,3014,0.43243243243243246,0.4976076555023924,0.4002818886539817,0.42541696030068127
Heart,0,3015,0.6378378378378379,0.5677419354838709,0.6294131400514379,0.6353752630348375
Heart,0,3016,0.34594594594594597,0.17687074829931973,0.28205128205128205,0.3876707404744788
Heart,0,3017,0.6432432432432432,0.6562499999999999,0.6802549302549302,0.6553030303030303
Heart,0,3018,0.4702702702702703,0.19672131147540986,0.6664292497625831,0.5206552706552706
Heart,0,3019,0.34594594594594597,0.3163841807909605,0.24204653371320037,0.3568376068376068
Heart,0,3020,0.2702702702702703,0.28571428571428575,0.23946629213483145,0.2698384831460674
Heart,0,3021,0.4594594594594595,0.3055555555555555,0.4888414055080722,0.4946581196581197
Heart,0,3022,0.34594594594594597,0.3857868020304569,0.24034282955094158,0.345364558184452
Heart,0,3023,0.6,0.513157894736842,0.6718823529411765,0.6185294117647059
Heart,0,3024,0.35135135135135137,0.4594594594594595,0.2638287638287638,0.327020202020202
Heart,0,3025,0.5081081081081081,0.6224066390041494,0.5891472868217055,0.4892529950669485
Heart,0,3026,0.654054054054054,0.7090909090909091,0.6388888888888888,0.6403318903318903
Heart,0,3027,0.2972972972972973,0.2441860465116279,0.19978783592644977,0.3063413484205563
Heart,0,3028,0.34594594594594597,0.26666666666666666,0.256689557186834,0.36289367748046414
Heart,0,3029,0.3891891891891892,0.3615819209039548,0.29436350609027945,0.4041079531884404
Heart,1,3000,0.5351351351351351,0.6814814814814815,0.67100633356791,0.509617640159512
Heart,1,3001,0.34054054054054056,0.08955223880597014,0.2630952380952381,0.3848214285714286
Heart,1,3002,0.4810810810810811,0.5752212389380531,0.4213814238566714,0.46463932107496464
Heart,1,3003,0.4648648648648649,0.5991902834008097,0.44636963696369636,0.4377652050919377
Heart,1,3004,0.5351351351351351,0.5904761904761905,0.5702148925537232,0.5353573213393303
Heart,1,3005,0.6918918918918919,0.7510917030567684,0.7697885939036382,0.6721976401179941
Heart,1,3006,0.7405405405405405,0.6712328767123288,0.8065308988764045,0.7336142322097379
Heart,1,3007,0.4702702702702703,0.4431818181818182,0.5080350620891162,0.5
Heart,1,3008,0.6378378378378379,0.6298342541436465,0.6380640635959784,0.6383563245265373
Heart,1,3009,0.5351351351351351,0.5425531914893617,0.5237420269312544,0.5391566265060241
Heart,1,3010,0.3621621621621622,0.44339622641509435,0.22383652256083156,0.3508740845735885
Heart,1,3011,0.2756756756756757,0.14102564102564102,0.23581213307240703,0.32307974559686886
Heart,1,3012,0.4,0.5276595744680851,0.3184939616386455,0.3741416054937248
Heart,1,3013,0.518918918918919,0.6044444444444446,0.5487491232172084,0.5155482815057284
Heart,1,3014,0.44324324324324327,0.507177033492823,0.4074465586093493,0.4362814188395584
Heart,1,3015,0.6378378378378379,0.5677419354838709,0.635492167407061,0.6353752630348375
Heart,1,3016,0.34594594594594597,0.17687074829931973,0.2881619937694704,0.3876707404744788
Heart,1,3017,0.654054054054054,0.6701030927835051,0.6853054353054353,0.6645622895622896
Heart,1,3018,0.4756756756756757,0.21138211382113822,0.6768755935422602,0.525462962962963
Heart,1,3019,0.34594594594594597,0.3163841807909605,0.2502374169040836,0.3568376068376068
Heart,1,3020,0.2702702702702703,0.28571428571428575,0.24754213483146068,0.2698384831460674
Heart,1,3021,0.4594594594594595,0.3055555555555555,0.49750712250712253,0.4946581196581197
Heart,1,3022,0.34594594594594597,0.3857868020304569,0.24891356832448092,0.345364558184452
Heart,1,3023,0.6108108108108108,0.5263157894736842,0.6768235294117647,0.6294117647058823
Heart,1,3024,0.3567567567567568,0.46636771300448426,0.2702020202020202,0.33164983164983164
Heart,1,3025,0.5135135135135135,0.625,0.5960770495654216,0.49506694855532063
Heart,1,3026,0.6594594594594595,0.7149321266968327,0.6463443963443963,0.64496151996152
Heart,1,3027,0.3027027027027027,0.24561403508771926,0.2057991513437058,0.3122937293729373
Heart,1,3028,0.35135135135135137,0.2682926829268293,0.26225432157234196,0.3689912384560739
Heart,1,3029,0.3891891891891892,0.3615819209039548,0.30666348220683065,0.4041079531884404
Heart,2,3000,0.5405405405405406,0.6840148698884759,0.6869575416373446,0.5153647665962937
Heart,2,3001,0.35135135135135137,0.11764705882352941,0.2805952380952381,0.39434523809523814
Heart,2,3002,0.4864864864864865,0.5814977973568283,0.4334040546911834,0.4695898161244696
Heart,2,3003,0.4918918918918919,0.6299212598425197,0.4873880245167374,0.4615157944365865
Heart,2,3004,0.5675675675675675,0.6190476190476192,0.5869565217391305,0.5700274862568715
Heart,2,3005,0.7081081081081081,0.763157894736842,0.7797443461160275,0.690511307767945
Heart,2,3006,0.7513513513513513,0.6891891891891891,0.8142556179775281,0.7448501872659176
Heart,2,3007,0.4756756756756757,0.4457142857142858,0.5265400535670806,0.5067567567567568
Heart,2,3008,0.6378378378378379,0.6298342541436465,0.6501052139350012,0.6383563245265373
Heart,2,3009,0.5459459459459459,0.5483870967741935,0.5498464446019372,0.5512048192771084
Heart,2,3010,0.372972972972973,0.45794392523364486,0.23883770375620128,0.3606780061422159
Heart,2,3011,0.2864864864864865,0.14285714285714285,0.25146771037182,0.33677837573385516
Heart,2,3012,0.41621621621621624,0.5462184873949579,0.33956902675822875,0.3887047122898414
Heart,2,3013,0.5567567567567567,0.6403508771929824,0.5701426233341127,0.5531330371755904
Heart,2,3014,0.44324324324324327,0.507177033492823,0.42177589852008457,0.4362814188395584
Heart,2,3015,0.6432432432432432,0.5714285714285714,0.6469487958849661,0.6406944119710077
Heart,2,3016,0.3783783783783784,0.1958041958041958,0.300862688713156,0.42439491972202253
Heart,2,3017,0.6594594594594595,0.6735751295336788,0.696969696969697,0.6710557960557961
Heart,2,3018,0.4864864864864865,0.23999999999999996,0.695275403608737,0.5350783475783476
Heart,2,3019,0.3567567567567568,0.3276836158192091,0.2700617283950617,0.36781813865147195
Heart,2,3020,0.2918918918918919,0.32124352331606215,0.2588951310861423,0.29067181647940077
Heart,2,3021,0.4648648648648649,0.3172413793103448,0.5117521367521367,0.49946581196581197
Heart,2,3022,0.3567567567567568,0.39593908629441626,0.26219217769193626,0.35653066151617574
Heart,2,3023,0.6162162162162163,0.5359477124183006,0.6843529411764706,0.6344117647058823
Heart,2,3024,0.3837837837837838,0.4910714285714286,0.2831890331890332,0.3585257335257336
Heart,2,3025,0.5297297297297298,0.6359832635983264,0.6098191214470284,0.5117453605825699
Heart,2,3026,0.6864864864864865,0.7387387387387387,0.661014911014911,0.6718374218374219
Heart,2,3027,0.3027027027027027,0.2366863905325444,0.219000471475719,0.3132956152758133
Heart,2,3028,0.3567567567567568,0.26993865030674846,0.2755150367037651,0.37508879943168366
Heart,2,3029,0.40540540540540543,0.3888888888888889,0.33257702412228324,0.41825889658466686
Heart,5,3000,0.5405405405405406,0.679245283018868,0.7609664555477363,0.5166549378372038
Heart,5,3001,0.3621621621621622,0.11940298507462686,0.38857142857142857,0.4068452380952381
Heart,5,3002,0.5513513513513514,0.6406926406926406,0.522984441301273,0.533003300330033
Heart,5,3003,0.6270270270270271,0.7112970711297072,0.6845827439886846,0.6053158887317303
Heart,5,3004,0.6432432432432432,0.6886792452830188,0.665792103948026,0.6479885057471264
Heart,5,3005,0.7837837837837838,0.8198198198198198,0.8203048180924287,0.7776548672566372
Heart,5,3006,0.7783783783783784,0.7421383647798743,0.8462078651685393,0.7741690074906367
Heart,5,3007,0.5567567567567567,0.5340909090909091,0.6229607986364744,0.5900900900900901
Heart,5,3008,0.6810810810810811,0.6740331491712708,0.7112462006079028,0.6816109422492401
Heart,5,3009,0.6378378378378379,0.6455026455026455,0.6600519725962675,0.6423931018190409
Heart,5,3010,0.4918918918918919,0.5877192982456141,0.34431845027167496,0.4730096858020316
Heart,5,3011,0.32432432432432434,0.18300653594771243,0.3482142857142857,0.3775684931506849
Heart,5,3012,0.4972972972972973,0.6234817813765182,0.46992659246980817,0.46524982240113666
Heart,5,3013,0.6,0.6810344827586208,0.6726677577741408,0.5960369417816227
Heart,5,3014,0.4972972972972973,0.5326633165829145,0.49612403100775193,0.4944209537232793
Heart,5,3015,0.6702702702702703,0.6013071895424836,0.7111292962356792,0.6676408697685293
Heart,5,3016,0.44324324324324327,0.237037037037037,0.372993050563144,0.49784327821711
Heart,5,3017,0.6810810810810811,0.6943005181347149,0.7472342472342473,0.6933020683020683
Heart,5,3018,0.5783783783783784,0.4507042253521127,0.7787274453941121,0.6168091168091168
Heart,5,3019,0.42702702702702705,0.4361702127659574,0.40550807217473883,0.4316832858499525
Heart,5,3020,0.4540540540540541,0.5167464114832535,0.4054307116104869,0.4497893258426966
Heart,5,3021,0.5405405405405406,0.43708609271523174,0.5898622981956315,0.5722340930674263
Heart,5,3022,0.42162162162162165,0.46766169154228854,0.3660067600193143,0.419543698696282
Heart,5,3023,0.6486486486486487,0.5911949685534592,0.7272941176470589,0.6644117647058823
Heart,5,3024,0.4702702702702703,0.5701754385964911,0.37073112073112074,0.4437830687830688
Heart,5,3025,0.6,0.6837606837606838,0.6795865633074936,0.584272962179939
Heart,5,3026,0.7351351351351352,0.7802690582959642,0.7290764790764791,0.720959595959596
Heart,5,3027,0.3891891891891892,0.2981366459627329,0.30787364450730786,0.4045261669024045
Heart,5,3028,0.42162162162162165,0.3096774193548387,0.36028889415107745,0.4457731470518589
Heart,5,3029,0.4756756756756757,0.4812834224598931,0.5009553379508,0.48441604967757346
Heart,10,3000,0.7027027027027027,0.7577092511013216,0.8461177574478067,0.6916490734224725
Heart,10,3001,0.5459459459459459,0.5058823529411764,0.6621428571428571,0.5672619047619047
Heart,10,3002,0.6810810810810811,0.7551867219917013,0.7848892032060348,0.6588283828382838
Heart,10,3003,0.7621621621621621,0.8035714285714285,0.8604431871758604,0.7491159830268741
Heart,10,3004,0.7297297297297297,0.7641509433962264,0.7974762618690655,0.7404422788605698
Heart,10,3005,0.8,0.8310502283105022,0.8746312684365781,0.7984882005899705
Heart,10,3006,0.8054054054054054,0.7857142857142858,0.8952481273408239,0.8030781835205993
Heart,10,3007,0.7135135135135136,0.7253886010362693,0.7871925980034088,0.7342342342342343
Heart,10,3008,0.7243243243243244,0.7301587301587302,0.8334112695814824,0.7241641337386018
Heart,10,3009,0.7243243243243244,0.7384615384615385,0.8240018899125915,0.7264351523742028
Heart,10,3010,0.6756756756756757,0.7457627118644067,0.7583274273564847,0.6542641152846681
Heart,10,3011,0.6810810810810811,0.6844919786096257,0.7899951076320939,0.7103718199608611
Heart,10,3012,0.7513513513513513,0.8,0.7980108927302866,0.7331873076012314
Heart,10,3013,0.7297297297297297,0.7767857142857142,0.859597848959551,0.7265022211830723
Heart,10,3014,0.6810810810810811,0.6974358974358974,0.7060136246182758,0.6806436457599248
Heart,10,3015,0.7513513513513513,0.7325581395348836,0.8034837502922609,0.7504091653027822
Heart,10,3016,0.5027027027027027,0.303030303030303,0.6618739515935778,0.5614066618739516
Heart,10,3017,0.7243243243243244,0.7384615384615385,0.8154160654160654,0.7359307359307359
Heart,10,3018,0.745945945945946,0.7403314917127072,0.8709639126305793,0.7603869895536562
Heart,10,3019,0.6864864864864865,0.7410714285714285,0.7628205128205128,0.6706433998100665
Heart,10,3020,0.745945945945946,0.7929515418502202,0.8397705992509363,0.7384129213483146
Heart,10,3021,0.6270270270270271,0.5964912280701754,0.7412155745489079,0.6464268755935423
Heart,10,3022,0.6810810810810811,0.7203791469194314,0.7168034765813617,0.6775712216320618
Heart,10,3023,0.7135135135135136,0.6936416184971099,0.8111764705882353,0.7235294117647059
Heart,10,3024,0.6270270270270271,0.7063829787234043,0.6394901394901394,0.5985449735449735
Heart,10,3025,0.7405405405405405,0.7735849056603774,0.8134836739487902,0.7339088560018793
Heart,10,3026,0.7837837837837838,0.8214285714285715,0.8488455988455988,0.7700817700817701
Heart,10,3027,0.5513513513513514,0.5310734463276837,0.6228194247996228,0.5600542197076851
Heart,10,3028,0.6864864864864865,0.7070707070707071,0.7364432867629647,0.6873668008524745
Heart,10,3029,0.7837837837837838,0.8095238095238094,0.8386673035586338,0.7806902316694531
Heart,20,3000,0.827027027027027,0.8297872340425533,0.9003049495660334,0.82899366643209
Heart,20,3001,0.8,0.8294930875576038,0.8404761904761905,0.7910714285714285
Heart,20,3002,0.8324324324324325,0.8571428571428572,0.9255068363979255,0.8234912776991985
Heart,20,3003,0.827027027027027,0.8431372549019608,0.8986327204148986,0.8245520980669496
Heart,20,3004,0.8,0.8246445497630333,0.8921789105447276,0.8170289855072463
Heart,20,3005,0.8108108108108109,0.8401826484018264,0.9048672566371682,0.809857423795477
Heart,20,3006,0.8432432432432433,0.8342857142857142,0.9242743445692884,0.8424040262172285
Heart,20,3007,0.8162162162162162,0.8380952380952381,0.8718042366691016,0.822072072072072
Heart,20,3008,0.8486486486486486,0.8600000000000001,0.9150105213935001,0.8475566986205284
Heart,20,3009,0.827027027027027,0.8383838383838385,0.8940467753366407,0.828549492085991
Heart,20,3010,0.8108108108108109,0.8356807511737089,0.8797543113630995,0.8037443893219939
Heart,20,3011,0.8486486486486486,0.8771929824561403,0.9060665362035225,0.836839530332681
Heart,20,3012,0.8486486486486486,0.8715596330275228,0.9217381008761544,0.8392138290314942
Heart,20,3013,0.8486486486486486,0.8571428571428571,0.9338321253214871,0.847907411737199
Heart,20,3014,0.827027027027027,0.8350515463917525,0.8717406624383368,0.8276955602536998
Heart,20,3015,0.7945945945945946,0.7934782608695653,0.8871872808043021,0.7947159223754969
Heart,20,3016,0.8162162162162162,0.8247422680412372,0.8824586628324946,0.8289599808291397
Heart,20,3017,0.7675675675675676,0.781725888324873,0.8453583453583453,0.7785594035594035
Heart,20,3018,0.827027027027027,0.8446601941747574,0.9163105413105413,0.8256766381766382
Heart,20,3019,0.8324324324324325,0.858447488584475,0.9042022792022792,0.8222934472934473
Heart,20,3020,0.8486486486486486,0.8691588785046729,0.8989934456928839,0.8439255617977528
Heart,20,3021,0.7513513513513513,0.7676767676767676,0.8592117758784426,0.7542735042735043
Heart,20,3022,0.8378378378378378,0.861111111111111,0.8918396909705456,0.8345002414292613
Heart,20,3023,0.8324324324324325,0.8393782383419689,0.890235294117647,0.8344117647058824
Heart,20,3024,0.8054054054054054,0.8363636363636364,0.892015392015392,0.7960557960557961
Heart,20,3025,0.8486486486486486,0.8541666666666666,0.9003993422598073,0.8501879257693211
Heart,20,3026,0.8648648648648649,0.8868778280542987,0.9276094276094277,0.8563011063011063
Heart,20,3027,0.8,0.8121827411167514,0.879066478076379,0.8008015087223008
Heart,20,3028,0.7621621621621621,0.794392523364486,0.8504617570447549,0.7540847738574473
Heart,20,3029,0.827027027027027,0.8490566037735849,0.9104370671124911,0.8232624791019824
Heart,30,3000,0.827027027027027,0.826086956521739,0.9137931034482759,0.8302838376730002
Heart,30,3001,0.8054054054054054,0.8363636363636364,0.87,0.794345238095238
Heart,30,3002,0.8378378378378378,0.8557692307692306,0.9296322489391796,0.8334512022630834
Heart,30,3003,0.8378378378378378,0.85,0.9034653465346535,0.8374587458745875
Heart,30,3004,0.8162162162162162,0.8454545454545455,0.914167916041979,0.821151924037981
Heart,30,3005,0.8054054054054054,0.8363636363636363,0.9135939036381514,0.8029129793510325
Heart,30,3006,0.8486486486486486,0.842696629213483,0.9314138576779026,0.8484316479400749
Heart,30,3007,0.8378378378378378,0.8636363636363636,0.8844655466277088,0.8333333333333334
Heart,30,3008,0.8378378378378378,0.8529411764705882,0.9278700023380875,0.8363923310731821
Heart,30,3009,0.8432432432432433,0.855721393034826,0.9037325773682967,0.8432553744389322
Heart,30,3010,0.8216216216216217,0.8421052631578947,0.8882589180250413,0.8169147176943067
Heart,30,3011,0.8486486486486486,0.8771929824561403,0.9093688845401174,0.836839530332681
Heart,30,3012,0.8648648648648649,0.8847926267281107,0.9359460099455363,0.8562633199147526
Heart,30,3013,0.8756756756756757,0.8795811518324608,0.9383913958382043,0.8753799392097263
Heart,30,3014,0.8702702702702703,0.8762886597938143,0.8945266619685225,0.8711533944092084
Heart,30,3015,0.8162162162162162,0.8152173913043477,0.9103343465045592,0.8163432312368482
Heart,30,3016,0.8432432432432433,0.8585365853658536,0.9033069734004313,0.847112389168464
Heart,30,3017,0.7513513513513513,0.7745098039215687,0.848003848003848,0.7553511303511304
Heart,30,3018,0.8378378378378378,0.8584905660377359,0.9233143399810066,0.8325617283950617
Heart,30,3019,0.8432432432432433,0.8651162790697674,0.9178537511870846,0.8360042735042735
Heart,30,3020,0.8486486486486486,0.8691588785046729,0.9006320224719101,0.8439255617977528
Heart,30,3021,0.8,0.8177339901477833,0.886039886039886,0.8002730294396961
Heart,30,3022,0.8432432432432433,0.8651162790697675,0.9058425881216804,0.8410791887976823
Heart,30,3023,0.8648648648648649,0.8743718592964824,0.9112941176470588,0.8644117647058823
Heart,30,3024,0.827027027027027,0.8476190476190476,0.9141414141414141,0.8276214526214527
Heart,30,3025,0.8810810810810811,0.8842105263157896,0.918487197556965,0.8835447498238196
Heart,30,3026,0.8864864864864865,0.9023255813953489,0.9445646945646946,0.8841390091390091
Heart,30,3027,0.8162162162162162,0.83,0.9001650165016502,0.8156529938708157
Heart,30,3028,0.772972972972973,0.8055555555555555,0.8705896282263793,0.763793511721525
Heart,30,3029,0.8216216216216217,0.8436018957345972,0.9162885120611416,0.8185454979699069
Heart,50,3000,0.8378378378378378,0.845360824742268,0.9209476894205958,0.837907576823833
Heart,50,3001,0.8216216216216217,0.8506787330316743,0.8971428571428571,0.8101190476190476
Heart,50,3002,0.8324324324324325,0.8472906403940887,0.9263319189061763,0.8305044790193306
Heart,50,3003,0.8324324324324325,0.8472906403940887,0.9082979726544083,0.8305044790193306
Heart,50,3004,0.8432432432432433,0.8699551569506727,0.9229135432283858,0.84563968015992
Heart,50,3005,0.8108108108108109,0.8416289592760181,0.9186332350049164,0.8073377581120944
Heart,50,3006,0.8810810810810811,0.8791208791208791,0.9370318352059925,0.8817298689138577
Heart,50,3007,0.8432432432432433,0.8699551569506726,0.8870221572924276,0.8355855855855856
Heart,50,3008,0.8432432432432433,0.8585365853658538,0.9354687865326163,0.8417114800093524
Heart,50,3009,0.8432432432432433,0.855721393034826,0.910347271438696,0.8432553744389322
Heart,50,3010,0.8810810810810811,0.89,0.8975903614457831,0.882057642334042
Heart,50,3011,0.8540540540540541,0.8810572687224669,0.9080234833659491,0.8436888454011742
Heart,50,3012,0.8810810810810811,0.8981481481481481,0.9415107743310442,0.8733128107980109
Heart,50,3013,0.8810810810810811,0.8854166666666667,0.9366378302548515,0.8806990881458967
Heart,50,3014,0.8702702702702703,0.8762886597938143,0.9061545689452666,0.8711533944092084
Heart,50,3015,0.8594594594594595,0.8555555555555556,0.9318447509936871,0.8592471358428806
Heart,50,3016,0.8594594594594595,0.8761904761904761,0.9260723699976037,0.8593937215432542
Heart,50,3017,0.7513513513513513,0.7788461538461539,0.846921596921597,0.7516233766233766
Heart,50,3018,0.8432432432432433,0.8651162790697674,0.9256885090218424,0.8360042735042735
Heart,50,3019,0.8540540540540541,0.872037914691943,0.9256885090218424,0.8497150997150997
Heart,50,3020,0.8378378378378378,0.8571428571428572,0.8999297752808989,0.8339185393258427
Heart,50,3021,0.8594594594594595,0.8712871287128713,0.8996913580246914,0.8613485280151947
Heart,50,3022,0.8432432432432433,0.863849765258216,0.9167069048768711,0.8430709802028006
Heart,50,3023,0.8702702702702703,0.88,0.9218823529411765,0.8694117647058823
Heart,50,3024,0.8378378378378378,0.8571428571428571,0.9278499278499278,0.8387445887445888
Heart,50,3025,0.8918918918918919,0.8947368421052632,0.9263565891472868,0.8944092083626967
Heart,50,3026,0.8918918918918919,0.9056603773584906,0.9517797017797017,0.8924963924963925
Heart,50,3027,0.8378378378378378,0.8514851485148515,0.9136020744931636,0.8364568599717115
Heart,50,3028,0.8108108108108109,0.8341232227488151,0.8871655221406582,0.8052332465072223
Heart,50,3029,0.8378378378378378,0.8584905660377359,0.9185574396942918,0.8343085741581084
Heart,75,3000,0.8378378378378378,0.8484848484848485,0.9204785362420831,0.8366174055829227
Heart,75,3001,0.827027027027027,0.8558558558558558,0.9066666666666666,0.8148809523809524
Heart,75,3002,0.8540540540540541,0.864321608040201,0.9220886374351721,0.8543140028288543
Heart,75,3003,0.8324324324324325,0.848780487804878,0.9088873173031589,0.8295025931164546
Heart,75,3004,0.8432432432432433,0.8699551569506727,0.9277861069465267,0.84563968015992
Heart,75,3005,0.827027027027027,0.8571428571428571,0.9214601769911505,0.8206120943952802
Heart,75,3006,0.8864864864864865,0.8839779005524863,0.9380852059925093,0.886938202247191
Heart,75,3007,0.8378378378378378,0.8660714285714286,0.8890917944971999,0.8288288288288288
Heart,75,3008,0.8486486486486486,0.8627450980392157,0.936520925882628,0.8472059855038578
Heart,75,3009,0.8486486486486486,0.8613861386138614,0.9116465863453815,0.8481573352232459
Heart,75,3010,0.8702702702702703,0.8799999999999999,0.9007795889440113,0.8711315851641861
Heart,75,3011,0.8432432432432433,0.8699551569506726,0.9083904109589042,0.8371453033268101
Heart,75,3012,0.8702702702702703,0.888888888888889,0.9396163864551267,0.8623608808903623
Heart,75,3013,0.8756756756756757,0.8820512820512821,0.9345335515548282,0.8750292260930559
Heart,75,3014,0.8702702702702703,0.8775510204081632,0.9086210946676063,0.8703899459713413
Heart,75,3015,0.8702702702702703,0.8666666666666666,0.9417816226326865,0.8700607902735562
Heart,75,3016,0.8648648648648649,0.881516587677725,0.9348190750059909,0.8640666187395158
Heart,75,3017,0.7567567567567568,0.7846889952153111,0.848003848003848,0.7562530062530063
Heart,75,3018,0.8432432432432433,0.8651162790697674,0.924264007597341,0.8360042735042735
Heart,75,3019,0.8648648648648649,0.881516587677725,0.9285375118708452,0.8606956315289649
Heart,75,3020,0.8324324324324325,0.8502415458937198,0.8960674157303371,0.8291198501872659
Heart,75,3021,0.8540540540540541,0.8669950738916256,0.9049145299145299,0.8551756885090218
Heart,75,3022,0.8486486486486486,0.8679245283018868,0.9188797682279092,0.8496499275712217
Heart,75,3023,0.8702702702702703,0.88,0.924,0.8694117647058823
Heart,75,3024,0.8486486486486486,0.8666666666666667,0.935064935064935,0.8498677248677249
Heart,75,3025,0.8918918918918919,0.8947368421052632,0.9307023725628377,0.8944092083626967
Heart,75,3026,0.8918918918918919,0.9056603773584906,0.9514189514189514,0.8924963924963925
Heart,75,3027,0.8648648648648649,0.878048780487805,0.9235030645921735,0.8622112211221122
Heart,75,3028,0.8162162162162162,0.8411214953271028,0.892138290314942,0.8088444233956902
Heart,75,3029,0.8486486486486486,0.869158878504673,0.919871029376642,0.8437425364222594
Heart,100,3000,0.8324324324324325,0.8426395939086294,0.9178981937602627,0.8315153647665963
Heart,100,3001,0.8540540540540541,0.8778280542986425,0.9110714285714285,0.8431547619047619
Heart,100,3002,0.8486486486486486,0.86,0.9227958510136728,0.8483616218764733
Heart,100,3003,0.827027027027027,0.8431372549019608,0.9094766619519095,0.8245520980669496
Heart,100,3004,0.8324324324324325,0.8634361233480176,0.9292853573213393,0.8282108945527237
Heart,100,3005,0.8378378378378378,0.8660714285714286,0.9223205506391348,0.8319813176007866
Heart,100,3006,0.8864864864864865,0.8839779005524863,0.9366807116104869,0.886938202247191
Heart,100,3007,0.8378378378378378,0.8660714285714286,0.8892135378621865,0.8288288288288288
Heart,100,3008,0.8432432432432433,0.8585365853658538,0.9382744914659809,0.8417114800093524
Heart,100,3009,0.8594594594594595,0.8725490196078431,0.9136546184738956,0.8579612567918734
Heart,100,3010,0.8594594594594595,0.8712871287128714,0.8990077958894401,0.8590833923931018
Heart,100,3011,0.8432432432432433,0.8711111111111112,0.9075342465753424,0.8347602739726028
Heart,100,3012,0.8648648648648649,0.8837209302325582,0.9377219985792091,0.8575065119583235
Heart,100,3013,0.8810810810810811,0.8865979381443299,0.9330137947159224,0.8805237315875614
Heart,100,3014,0.8594594594594595,0.8686868686868688,0.9120272492365515,0.8587620389945971
Heart,100,3015,0.8756756756756757,0.8729281767955802,0.9464577975216273,0.8755552957680617
Heart,100,3016,0.8702702702702703,0.8867924528301887,0.9392523364485982,0.8687395159357776
Heart,100,3017,0.7513513513513513,0.780952380952381,0.8430735930735931,0.7497594997594998
Heart,100,3018,0.8432432432432433,0.8651162790697674,0.922602089268756,0.8360042735042735
Heart,100,3019,0.8648648648648649,0.881516587677725,0.9288936372269706,0.8606956315289649
Heart,100,3020,0.827027027027027,0.8461538461538461,0.8919709737827716,0.8235018726591761
Heart,100,3021,0.8594594594594595,0.8712871287128713,0.9069325735992403,0.8613485280151947
Heart,100,3022,0.8432432432432433,0.863849765258216,0.9200869145340416,0.8430709802028006
Heart,100,3023,0.8648648648648649,0.8756218905472637,0.9238823529411765,0.8635294117647059
Heart,100,3024,0.8540540540540541,0.8732394366197184,0.9392736892736893,0.8526334776334776
Heart,100,3025,0.8864864864864865,0.888888888888889,0.9325816302560489,0.8893587033121917
Heart,100,3026,0.8918918918918919,0.9056603773584906,0.9512987012987013,0.8924963924963925
Heart,100,3027,0.8756756756756757,0.8888888888888888,0.9271570014144271,0.8721122112211221
Heart,100,3028,0.8378378378378378,0.861111111111111,0.8953350698555529,0.8295050911674166
Heart,100,3029,0.8540540540540541,0.8744186046511627,0.919632194888942,0.8484595175543348
Heart,150,3000,0.8324324324324325,0.8426395939086294,0.9173117522871217,0.8315153647665963
Heart,150,3001,0.8486486486486486,0.8727272727272727,0.9121428571428571,0.8383928571428572
Heart,150,3002,0.8486486486486486,0.86,0.923974540311174,0.8483616218764733
Heart,150,3003,0.827027027027027,0.8431372549019608,0.9086515794436586,0.8245520980669496
Heart,150,3004,0.8432432432432433,0.8722466960352423,0.9330334832583708,0.8397676161919041
Heart,150,3005,0.8324324324324325,0.8622222222222222,0.9233038348082596,0.8250368731563422
Heart,150,3006,0.8810810810810811,0.8777777777777778,0.9357443820224719,0.8813202247191011
Heart,150,3007,0.8486486486486486,0.8750000000000001,0.890309228147066,0.8400900900900901
Heart,150,3008,0.8432432432432433,0.8571428571428571,0.9390928220715454,0.8418868365676876
Heart,150,3009,0.8594594594594595,0.8725490196078431,0.913772738010867,0.8579612567918734
Heart,150,3010,0.8378378378378378,0.8529411764705882,0.8940467753366407,0.8361091424521616
Heart,150,3011,0.8324324324324325,0.8622222222222222,0.9059442270058709,0.8234466731898239
Heart,150,3012,0.8702702702702703,0.8878504672897196,0.9358276107032915,0.8636040729339333
Heart,150,3013,0.8756756756756757,0.8808290155440415,0.9327799859714754,0.8752045826513912
Heart,150,3014,0.8324324324324325,0.8457711442786069,0.9103828987549918,0.8304557199906037
Heart,150,3015,0.8810810810810811,0.8791208791208791,0.9498480243161094,0.8810498012625672
Heart,150,3016,0.8810810810810811,0.8962264150943396,0.9427270548765876,0.8798226695422957
Heart,150,3017,0.745945945945946,0.7813953488372093,0.8395863395863395,0.7395382395382395
Heart,150,3018,0.8378378378378378,0.8611111111111112,0.9201092117758785,0.8298314339981007
Heart,150,3019,0.8594594594594595,0.8761904761904762,0.9259259259259259,0.8558879392212726
Heart,150,3020,0.827027027027027,0.8461538461538461,0.8865870786516854,0.8235018726591761
Heart,150,3021,0.8594594594594595,0.8712871287128713,0.9071699905033238,0.8613485280151947
Heart,150,3022,0.8324324324324325,0.8544600938967136,0.9199661999034283,0.8319048768710768
Heart,150,3023,0.8594594594594595,0.87,0.9245882352941176,0.8585294117647059
Heart,150,3024,0.8540540540540541,0.8744186046511628,0.9444444444444444,0.8507696007696008
Heart,150,3025,0.8864864864864865,0.888888888888889,0.9342259807376087,0.8893587033121917
Heart,150,3026,0.8918918918918919,0.9056603773584906,0.9514189514189514,0.8924963924963925
Heart,150,3027,0.8702702702702703,0.8834951456310681,0.9297501178689298,0.8671617161716172
Heart,150,3028,0.8486486486486486,0.869158878504673,0.8981766516694293,0.8417002131186361
Heart,150,3029,0.8540540540540541,0.8744186046511627,0.919632194888942,0.8484595175543348
Heart,200,3000,0.8324324324324325,0.8426395939086294,0.9183673469387755,0.8315153647665963
Heart,200,3001,0.8540540540540541,0.8778280542986425,0.9117857142857143,0.8431547619047619
Heart,200,3002,0.8378378378378378,0.8514851485148515,0.9233851956624234,0.8364568599717115
Heart,200,3003,0.8324324324324325,0.848780487804878,0.9084158415841584,0.8295025931164546
Heart,200,3004,0.8594594594594595,0.8859649122807018,0.9362818590704648,0.8556346826586707
Heart,200,3005,0.827027027027027,0.8571428571428571,0.924410029498525,0.8206120943952802
Heart,200,3006,0.8810810810810811,0.8777777777777778,0.9335205992509363,0.8813202247191011
Heart,200,3007,0.8432432432432433,0.8711111111111112,0.8917701485269053,0.8333333333333333
Heart,200,3008,0.8432432432432433,0.8571428571428571,0.9404956745382277,0.8418868365676876
Heart,200,3009,0.8540540540540541,0.8669950738916257,0.914363335695724,0.8530592960075597
Heart,200,3010,0.8432432432432433,0.8571428571428572,0.8931018190408694,0.8421332388377037
Heart,200,3011,0.8378378378378378,0.8672566371681416,0.9048434442270059,0.8279109589041096
Heart,200,3012,0.8702702702702703,0.8857142857142858,0.9360644091877812,0.866090457021075
Heart,200,3013,0.8756756756756757,0.8808290155440415,0.9337152209492635,0.8752045826513912
Heart,200,3014,0.8378378378378378,0.8514851485148516,0.9102654451491661,0.8355062250411087
Heart,200,3015,0.8810810810810811,0.8804347826086956,0.9496142155716624,0.8812251578209025
Heart,200,3016,0.8864864864864865,0.9004739336492891,0.9453630481667865,0.8862329259525521
Heart,200,3017,0.745945945945946,0.7813953488372093,0.8364598364598365,0.7395382395382395
Heart,200,3018,0.8432432432432433,0.8651162790697674,0.9182098765432098,0.8360042735042735
Heart,200,3019,0.8594594594594595,0.8761904761904762,0.9234330484330484,0.8558879392212726
Heart,200,3020,0.827027027027027,0.8461538461538461,0.8840121722846442,0.8235018726591761
Heart,200,3021,0.8594594594594595,0.8712871287128713,0.9064577397910731,0.8613485280151947
Heart,200,3022,0.8432432432432433,0.8651162790697675,0.920811202317721,0.8410791887976823
Heart,200,3023,0.8648648648648649,0.8756218905472637,0.9243529411764706,0.8635294117647059
Heart,200,3024,0.8648648648648649,0.8847926267281107,0.9448051948051948,0.86002886002886
Heart,200,3025,0.8918918918918919,0.8936170212765958,0.93528306319004,0.8951726568005638
Heart,200,3026,0.8918918918918919,0.9056603773584906,0.9512987012987013,0.8924963924963925
Heart,200,3027,0.8756756756756757,0.8888888888888888,0.9318717586044318,0.8721122112211221
Heart,200,3028,0.827027027027027,0.850467289719626,0.8999526403031021,0.8197963533033389
Heart,200,3029,0.8594594594594595,0.8785046728971964,0.919990446620492,0.8547886314783855
Heart,300,3000,0.8216216216216217,0.8324873096446701,0.9164907342247244,0.8206661975134881
Heart,300,3001,0.8540540540540541,0.8778280542986425,0.9121428571428571,0.8431547619047619
Heart,300,3002,0.8432432432432433,0.8557213930348259,0.9220886374351721,0.8424092409240924
Heart,300,3003,0.8324324324324325,0.8472906403940887,0.9081801037246582,0.8305044790193306
Heart,300,3004,0.8648648648648649,0.8908296943231441,0.9335332333833083,0.8599450274862568
Heart,300,3005,0.8378378378378378,0.8660714285714286,0.9242871189773845,0.8319813176007866
Heart,300,3006,0.8756756756756757,0.8729281767955801,0.9330524344569289,0.8761118913857677
Heart,300,3007,0.8324324324324325,0.8609865470852017,0.8929875821767713,0.8243243243243243
Heart,300,3008,0.8432432432432433,0.8571428571428571,0.9417816226326865,0.8418868365676876
Heart,300,3009,0.8540540540540541,0.8669950738916257,0.9167257264351524,0.8530592960075597
Heart,300,3010,0.8432432432432433,0.8571428571428572,0.8953460902433262,0.8421332388377037
Heart,300,3011,0.8432432432432433,0.8711111111111112,0.9071673189823874,0.8347602739726028
Heart,300,3012,0.8810810810810811,0.8962264150943398,0.9367748046412503,0.8757991948851527
Heart,300,3013,0.8702702702702703,0.875,0.9351180734159458,0.8698854337152209
Heart,300,3014,0.8540540540540541,0.8669950738916256,0.9119097956307258,0.851421188630491
Heart,300,3015,0.8702702702702703,0.8695652173913043,0.9498480243161094,0.8704115033902268
Heart,300,3016,0.8810810810810811,0.8962264150943396,0.9478792235801582,0.8798226695422957
Heart,300,3017,0.7297297297297297,0.7641509433962265,0.8315295815295816,0.7256493506493507
Heart,300,3018,0.8432432432432433,0.8651162790697674,0.9164292497625831,0.8360042735042735
Heart,300,3019,0.8648648648648649,0.8803827751196172,0.9210588793922128,0.8620607787274454
Heart,300,3020,0.8216216216216217,0.8421052631578947,0.8813202247191011,0.8178838951310861
Heart,300,3021,0.8432432432432433,0.8557213930348259,0.9044396961063628,0.8455603038936372
Heart,300,3022,0.8540540540540541,0.8744186046511627,0.9204490584258812,0.8522452921294061
Heart,300,3023,0.8756756756756757,0.8855721393034827,0.9251764705882353,0.8744117647058823
Heart,300,3024,0.8702702702702703,0.8899082568807339,0.9428811928811929,0.8646584896584897
Heart,300,3025,0.8864864864864865,0.888888888888889,0.9358703312191684,0.8893587033121917
Heart,300,3026,0.8918918918918919,0.9056603773584906,0.9508177008177008,0.8924963924963925
Heart,300,3027,0.8756756756756757,0.8888888888888888,0.9345827439886846,0.8721122112211221
Heart,300,3028,0.8216216216216217,0.8450704225352113,0.9024390243902439,0.8149419843712999
Heart,300,3029,0.8540540540540541,0.8732394366197183,0.919751612132792,0.85007165034631
LoL,0,3000,0.611026808295397,0.5876675603217157,0.6491911796311951,0.6113609428698334
LoL,0,3001,0.3899848254931715,0.47746967071057195,0.35714183366425806,0.3914534419585286
LoL,0,3002,0.5897824987354577,0.6190699859088774,0.614183423025827,0.590575942487631
LoL,0,3003,0.40364188163884673,0.4849279161205767,0.3453950266903003,0.3987515496767451
LoL,0,3004,0.4582701062215478,0.4176182707993475,0.4519419115163796,0.4583770839089988
LoL,0,3005,0.577137076378351,0.46134020618556704,0.605043341536219,0.5739073510684907
LoL,0,3006,0.4456246838644411,0.39514348785871967,0.4474040262411856,0.44509512941489526
LoL,0,3007,0.4926656550328781,0.6024573919936583,0.49394181356591527,0.4974141637491555
LoL,0,3008,0.5331310065756196,0.3402430307362402,0.5604664596425967,0.5254041475824888
LoL,0,3009,0.6929691451694486,0.6670323642347777,0.7572433575682875,0.6918069338858712
LoL,0,3010,0.5098634294385432,0.46845858475041136,0.5079770444763271,0.5134397417503587
LoL,0,3011,0.5098634294385432,0.6147117296222664,0.5193267024344911,0.5072949781073894
LoL,0,3012,0.5877592311583207,0.43986254295532645,0.6457827054450678,0.5797048590478611
LoL,0,3013,0.5306019221041983,0.4489311163895487,0.5206763681082189,0.5258464849354376
LoL,0,3014,0.4537177541729894,0.5332757130509939,0.40504674045481076,0.4502232074293262
LoL,0,3015,0.4370257966616085,0.40257648953301123,0.4088985088985089,0.43693930183291885
LoL,0,3016,0.627718765806778,0.5865168539325843,0.6705427864251189,0.6263918716130867
LoL,0,3017,0.5801719777440566,0.617158671586716,0.6006822791812649,0.5776799434507345
LoL,0,3018,0.5746079919069297,0.6591001216051884,0.6128743372976071,0.5767818762409678
LoL,0,3019,0.5660091047040972,0.6416040100250626,0.6173818086545724,0.5672002513555391
LoL,0,3020,0.6666666666666666,0.7110916264796143,0.7549966733200266,0.6688914478734838
LoL,0,3021,0.3626707132018209,0.4380017841213202,0.30679872879620607,0.3600457453169409
LoL,0,3022,0.49418310571573093,0.49135300101729396,0.5122828850145118,0.4941804177941158
LoL,0,3023,0.39049064238745573,0.2647956070774863,0.3240002784255038,0.3880662939313476
LoL,0,3024,0.4092058674759737,0.28078817733990147,0.3535489575615168,0.4092962875026097
LoL,0,3025,0.4076884167931209,0.31799650553290626,0.36089085200361876,0.4077550423074876
LoL,0,3026,0.38239757207890746,0.24208566108007448,0.29540054241398805,0.3775394929822118
LoL,0,3027,0.5285786545270612,0.4040920716112532,0.5488909360765648,0.5258237371411024
LoL,0,3028,0.36570561456752654,0.31921824104234525,0.3205634967585836,0.36508307728838674
LoL,0,3029,0.5968639352554376,0.49525015832805575,0.634808346535991,0.595370779755106
LoL,1,3000,0.6135558927668184,0.5914438502673797,0.6531917855044816,0.613876033413093
LoL,1,3001,0.3975720789074355,0.4868591124515295,0.36394591939082555,0.3990978036149264
LoL,1,3002,0.5943348507840162,0.6227657572906868,0.6192292654768168,0.5951141302011582
LoL,1,3003,0.40819423368740515,0.4890829694323144,0.3509687400743845,0.40329197446747467
LoL,1,3004,0.4628224582701062,0.42156862745098045,0.4571080613633805,0.4629317491019619
LoL,1,3005,0.5821952453211937,0.47254150702426573,0.6114227570703824,0.5790778305073642
LoL,1,3006,0.456752655538695,0.40728476821192056,0.4559702790940446,0.45622358226980114
LoL,1,3007,0.49671219018715224,0.6050019849146487,0.5021712425526688,0.5014280449603833
LoL,1,3008,0.5336368234699039,0.3414285714285714,0.5655352036510525,0.5259244389456521
LoL,1,3009,0.6934749620637329,0.6673984632272228,0.7579538218679683,0.6923039517785152
LoL,1,3010,0.5134041476985332,0.47142857142857136,0.5121664275466284,0.5170414019266243
LoL,1,3011,0.5134041476985332,0.6176470588235293,0.5272281027837084,0.5108311618129006
LoL,1,3012,0.5887708649468892,0.4458077709611452,0.6490006925690213,0.5809173670902676
LoL,1,3013,0.5351542741527567,0.4545994065281899,0.5274533715925395,0.5304237548678008
LoL,1,3014,0.456752655538695,0.5362694300518134,0.40987436902945723,0.4532375316125201
LoL,1,3015,0.4405665149215984,0.4066523605150214,0.4141373205202992,0.4404807957999447
LoL,1,3016,0.6317653009610521,0.5923852183650616,0.6734334982731477,0.6304838052577382
LoL,1,3017,0.5842185128983308,0.6215469613259669,0.6075358042903681,0.5816660520007375
LoL,1,3018,0.5746079919069297,0.6582689963429501,0.6185075635068471,0.5767557775366917
LoL,1,3019,0.569549822964087,0.6428871170793118,0.6225542471512697,0.5707101203354409
LoL,1,3020,0.6656550328780981,0.7099605089951734,0.7557316136956855,0.6678658068478428
LoL,1,3021,0.3636823469903895,0.4393939393939394,0.30852902390878784,0.3610368255944434
LoL,1,3022,0.5058168942842691,0.5058168942842691,0.5203166000090059,0.5058170236979241
LoL,1,3023,0.3945371775417299,0.2678899082568807,0.3294060324160987,0.39208401489576444
LoL,1,3024,0.4122407688416793,0.2836004932182491,0.35849915876258276,0.4123317013463892
LoL,1,3025,0.41173495194739507,0.32107413893753645,0.36906067962158645,0.411802601900255
LoL,1,3026,0.3874557410217501,0.24359775140537163,0.29712323940776914,0.38246075282473146
LoL,1,3027,0.5331310065756196,0.40795381654906987,0.5559598751215518,0.5303423921387993
LoL,1,3028,0.36772888214466365,0.32138979370249726,0.3255315534030267,0.3671065317560555
LoL,1,3029,0.5983813859382904,0.5,0.6440133623177726,0.5969228596342557
LoL,2,3000,0.6160849772382397,0.5947677522690871,0.6606495534754816,0.6163967528466834
LoL,2,3001,0.4142640364188164,0.5063938618925832,0.37807299449368514,0.41589974003643587
LoL,2,3002,0.6039453717754173,0.6287339971550496,0.6280671659969582,0.6046428915031288
LoL,2,3003,0.4157814871016692,0.4989154013015184,0.3626315304146474,0.4106305263265745
LoL,2,3004,0.46889226100151743,0.4268558951965066,0.4670545372673032,0.46900463602591264
LoL,2,3005,0.5882650480526049,0.48415716096324457,0.6233421913578984,0.5852443258824926
LoL,2,3006,0.4744562468386444,0.42628382109331864,0.47285204024194294,0.47392461288110616
LoL,2,3007,0.5032878098128477,0.6103174603174603,0.5175746780500788,0.5080139426325164
LoL,2,3008,0.537683358624178,0.34900284900284906,0.5750704646570584,0.5300304390931363
LoL,2,3009,0.6929691451694486,0.6670323642347777,0.7593041135268718,0.6918069338858712
LoL,2,3010,0.5169448659585231,0.47556287753981324,0.5200389424062308,0.5205682516909202
LoL,2,3011,0.5204855842185129,0.6241078509119746,0.5417290147199404,0.5178840827722861
LoL,2,3012,0.5948406676783005,0.46060606060606063,0.654816838033104,0.587293407480565
LoL,2,3013,0.5452706120384421,0.4626419605499103,0.5404150440664071,0.5403294732527157
LoL,2,3014,0.46383409205867476,0.543103448275862,0.4191866239364371,0.4602782925655544
LoL,2,3015,0.44916540212443096,0.4123043712898003,0.42440923930285634,0.4490712597095575
LoL,2,3016,0.635306019221042,0.5987757373400111,0.6789651579143473,0.6341069194879427
LoL,2,3017,0.6039453717754173,0.64066085360257,0.6203054889667465,0.6013000184399779
LoL,2,3018,0.5746079919069297,0.6568747450020399,0.6288221808281989,0.5767122796962315
LoL,2,3019,0.5766312594840668,0.648171500630517,0.6321898839629844,0.5777805183082216
LoL,2,3020,0.6646433990895296,0.7080581241743725,0.7571103945954245,0.6667987102717642
LoL,2,3021,0.3626707132018209,0.4385026737967915,0.3118636814127399,0.3600247565300723
LoL,2,3022,0.514921598381386,0.5168765743073047,0.5350433718269384,0.5149237769308548
LoL,2,3023,0.40515933232169954,0.2785276073619632,0.3403393515551907,0.4026713494014875
LoL,2,3024,0.4253920080930703,0.29440993788819875,0.36830029105586554,0.4254860141720873
LoL,2,3025,0.4238745574102175,0.3327475102519039,0.3853225562155369,0.4239437455737812
LoL,2,3026,0.3889731917046029,0.2412060301507538,0.3006198431751702,0.38385263464075314
LoL,2,3027,0.5427415275670208,0.4205128205128205,0.5691365985976764,0.5399616152310763
LoL,2,3028,0.3783510369246333,0.3287820862916439,0.3355034891028226,0.3776761899693155
LoL,2,3029,0.616590794132524,0.530359355638166,0.6602280682362477,0.6152331036684966
LoL,5,3000,0.6358118361153262,0.6190476190476191,0.6943543253416736,0.6360763768777467
LoL,5,3001,0.4845725847243298,0.5766514333194849,0.4768724540969848,0.48647882422778543
LoL,5,3002,0.6332827516439049,0.6516098029793368,0.6685577487968788,0.6338468561228688
LoL,5,3003,0.4658573596358118,0.5498721227621484,0.443551807870821,0.4600603477423387
LoL,5,3004,0.5042994436014163,0.45975744211686875,0.5230716486035635,0.5044257161278438
LoL,5,3005,0.616590794132524,0.5332512315270935,0.6756314925293686,0.6139419710674261
LoL,5,3006,0.5594334850784016,0.5179856115107914,0.5658823649817315,0.5588922207780245
LoL,5,3007,0.5498229640870005,0.6405492730210016,0.5951548840161334,0.5541904674160064
LoL,5,3008,0.5619625695498229,0.4060356652949245,0.6210302178668874,0.5550889206617123
LoL,5,3009,0.7015680323722813,0.6775956284153004,0.7654433850040847,0.7004712200535204
LoL,5,3010,0.5472938796155792,0.5079714128642111,0.5618384914941587,0.550996105759377
LoL,5,3011,0.569549822964087,0.6533604887983707,0.6082798897079142,0.5672785816781674
LoL,5,3012,0.6302478502781993,0.5352828989192625,0.6806467938971965,0.6242039554297002
LoL,5,3013,0.5847243297926151,0.5150620200826934,0.6028018036482886,0.5802111088337774
LoL,5,3014,0.4931714719271624,0.5669835782195333,0.4727994102409207,0.4896955983085382
LoL,5,3015,0.48659585230146685,0.4504602057390363,0.4851104765998383,0.4864971907525099
LoL,5,3016,0.6570561456752656,0.625,0.7047328241149242,0.6559433608824451
LoL,5,3017,0.6489630753667173,0.6813590449954087,0.6776927489909235,0.6463796176777921
LoL,5,3018,0.6019221041982802,0.670849017147637,0.6732677624710868,0.603767424723149
LoL,5,3019,0.6191198786039454,0.6752910737386804,0.6769364917889842,0.6201015861189517
LoL,5,3020,0.6772888214466363,0.7126126126126127,0.7638957981472951,0.6790941194534009
LoL,5,3021,0.38037430450177034,0.4577246569278442,0.33250231388577184,0.37757854925505163
LoL,5,3022,0.5766312594840668,0.5842026825633383,0.60536856842269,0.5766406176442895
LoL,5,3023,0.4597875569044006,0.3162612035851472,0.41722983001713543,0.45680668466878627
LoL,5,3024,0.4597875569044006,0.3188775510204082,0.4319682499396192,0.4598923175169783
LoL,5,3025,0.49873545776428935,0.40765092647937834,0.49457596312473645,0.4988133640081381
LoL,5,3026,0.41527567020738493,0.243455497382199,0.3234635017657132,0.4092741935483871
LoL,5,3027,0.5847243297926151,0.4793912492073557,0.6371083474077486,0.5820697067403654
LoL,5,3028,0.4385432473444613,0.37640449438202245,0.41202834678550154,0.4376260181240929
LoL,5,3029,0.6595852301466869,0.6005934718100889,0.7201957677806026,0.6585025115753533
LoL,10,3000,0.6732422862923622,0.6659772492244054,0.7470458560109384,0.6733841502729501
LoL,10,3001,0.6444107233181589,0.6764841233317993,0.7078326817186252,0.6453109327983952
LoL,10,3002,0.6641375821952453,0.6719367588932806,0.7268090829258108,0.6644274248189945
LoL,10,3003,0.6358118361153262,0.6736174070716228,0.6706755053739204,0.6326128830647226
LoL,10,3004,0.6039453717754173,0.575609756097561,0.6604679008934328,0.6040480795799945
LoL,10,3005,0.6717248356095094,0.6297775242441529,0.7447547937745421,0.6701129705228418
LoL,10,3006,0.6525037936267072,0.6120835686053078,0.7170076451503956,0.6518468104268798
LoL,10,3007,0.6519979767324229,0.700609225413403,0.72303912536085,0.6548906701062588
LoL,10,3008,0.6287303995953465,0.5429638854296389,0.7025633567396167,0.6239927036305686
LoL,10,3009,0.7081436519979767,0.6882766072393302,0.7768916879771832,0.707237010480884
LoL,10,3010,0.6160849772382397,0.5841095890410959,0.6531799549087928,0.6197689075630253
LoL,10,3011,0.6626201315123925,0.7004939380332286,0.7016699384468631,0.6614659349342198
LoL,10,3012,0.6646433990895296,0.6183074265975821,0.7199982378421352,0.661367045189104
LoL,10,3013,0.6530096105209914,0.606199770378875,0.7107019881123181,0.6495060463209674
LoL,10,3014,0.5862417804754679,0.6386925795053003,0.6126665096706154,0.5833602956986494
LoL,10,3015,0.6079919069296914,0.5715865118850194,0.6464779507332699,0.6078643578643579
LoL,10,3016,0.689934243803743,0.6673901247965275,0.7496637397867998,0.6890882793099142
LoL,10,3017,0.7020738492665655,0.7266821345707656,0.7519136599258303,0.6999154834347532
LoL,10,3018,0.6621143146181082,0.7001795332136446,0.7346918305938223,0.6632550713364583
LoL,10,3019,0.6671724835609509,0.705987488829312,0.746845262828241,0.667927708673199
LoL,10,3020,0.6960040465351542,0.72007452258966,0.7768002456625211,0.6973084600030708
LoL,10,3021,0.4496712190187152,0.5265448215839861,0.42895346837143394,0.4464959988205326
LoL,10,3022,0.6499747091552858,0.6611165523996082,0.7073793509986368,0.6499915057535727
LoL,10,3023,0.5993930197268589,0.5099009900990099,0.642660314743654,0.5968429414016677
LoL,10,3024,0.5988872028325746,0.5071472964574271,0.637636470814588,0.5989815091512712
LoL,10,3025,0.6656550328780981,0.630106323447118,0.7139055931030812,0.6657038148377088
LoL,10,3026,0.4921598381385938,0.27873563218390807,0.4620474079657837,0.4843026661859775
LoL,10,3027,0.6757713707637835,0.6347578347578348,0.7490782537489125,0.6743635805312451
LoL,10,3028,0.620131512392514,0.5853119823302043,0.6772707826275636,0.6193817665975465
LoL,10,3029,0.7051087506322711,0.6815947569634079,0.7743747671624316,0.7045889981946133
LoL,20,3000,0.7192716236722306,0.7206844489179667,0.7874183043326081,0.7192657470765591
LoL,20,3001,0.7268588770864947,0.724770642201835,0.7867776799787116,0.7268473788713079
LoL,20,3002,0.689934243803743,0.686765457332652,0.7630449868071179,0.6899007412168566
LoL,20,3003,0.7147192716236722,0.7202380952380953,0.7806538867429637,0.7148717738547761
LoL,20,3004,0.69549822964087,0.6804670912951167,0.7715646843306417,0.69557121365632
LoL,20,3005,0.7076378351036925,0.6948257655755015,0.7802213550730275,0.7071534007853478
LoL,20,3006,0.7071320182094082,0.6892109500805154,0.7846830895823312,0.7067834078744026
LoL,20,3007,0.7258472432979262,0.7376573088092934,0.7931484552545912,0.7268011792887414
LoL,20,3008,0.7000505816894285,0.675068493150685,0.7679439068555557,0.6984522356141487
LoL,20,3009,0.7182599898836621,0.7076115485564304,0.7906034442162678,0.7178402294779214
LoL,20,3010,0.6793120890237734,0.6677148846960168,0.7525169092027054,0.6815300266448043
LoL,20,3011,0.7015680323722813,0.7198480531813864,0.765191260969334,0.7010056885988525
LoL,20,3012,0.6884167931208902,0.6716417910447761,0.753551977509948,0.6874802781750602
LoL,20,3013,0.7020738492665655,0.6769061985737794,0.7781041196966592,0.7001521828243493
LoL,20,3014,0.6813353566009105,0.6968238691049087,0.75354213808144,0.6805461414807458
LoL,20,3015,0.6965098634294385,0.6760259179265659,0.7619559321686982,0.6964155230112676
LoL,20,3016,0.7228123419322205,0.7148803329864725,0.7923304009941429,0.7225597335304149
LoL,20,3017,0.7202832574607992,0.7345175228036485,0.7895435081033458,0.7193051201671892
LoL,20,3018,0.708649468892261,0.7230769230769232,0.7755429553968026,0.7091498986756186
LoL,20,3019,0.7223065250379362,0.7361845266698702,0.79120603580793,0.7226215891483182
LoL,20,3020,0.7147192716236722,0.7229862475442042,0.7924939863862019,0.7152602487333026
LoL,20,3021,0.6717248356095094,0.6863218946350893,0.7441538549746496,0.6710483745464375
LoL,20,3022,0.6970156803237229,0.7096461463887541,0.7666610038357151,0.6970378618241957
LoL,20,3023,0.689934243803743,0.6666666666666667,0.7675341531872555,0.6890585942378205
LoL,20,3024,0.6929691451694486,0.6741814278046162,0.7622439956935194,0.6929984894569003
LoL,20,3025,0.7071320182094082,0.6992207792207792,0.7827233168087833,0.7071455033710901
LoL,20,3026,0.6868993424380374,0.6698666666666666,0.7438384392897818,0.6859949445705342
LoL,20,3027,0.723823975720789,0.7156250000000001,0.8008403705409693,0.7235651773376324
LoL,20,3028,0.6980273141122914,0.6866141732283465,0.7689464731301213,0.6977417552162548
LoL,20,3029,0.7167425392008093,0.7074190177638454,0.7947948777781871,0.7165420090146519
LoL,30,3000,0.7303995953464846,0.7330996494742114,0.7978123061870716,0.7303659188088859
LoL,30,3001,0.7314112291350531,0.7267112712300565,0.7969316111600107,0.7313174216527132
LoL,30,3002,0.6980273141122914,0.6927431806484817,0.7723516491614485,0.6979264965068032
LoL,30,3003,0.7233181588265049,0.726089133700551,0.7895595332015041,0.723806620833803
LoL,30,3004,0.7091552857865453,0.6994249869315211,0.7846683655194293,0.7092060421847656
LoL,30,3005,0.7056145675265554,0.7,0.7865260438206065,0.7054945684886353
LoL,30,3006,0.716236722306525,0.7061288632792038,0.7927365954006284,0.7160415110174089
LoL,30,3007,0.7374810318664643,0.7398496240601504,0.803886943881416,0.7378385848535103
LoL,30,3008,0.7116843702579666,0.7028154327424402,0.7823328307946938,0.7114047252288054
LoL,30,3009,0.7228123419322205,0.716062176165803,0.7962318775298773,0.7226179483347086
LoL,30,3010,0.7040971168437026,0.698919197117859,0.7815115802418529,0.7056943021110884
LoL,30,3011,0.7046029337379869,0.7176015473887813,0.7759789241404157,0.704225611590904
LoL,30,3012,0.6914516944865958,0.6868583162217659,0.7636259881402677,0.6917171408783742
LoL,30,3013,0.7177541729893778,0.7019230769230769,0.7915187538430006,0.7167703422832548
LoL,30,3014,0.701062215477997,0.7066997518610422,0.7792806167897038,0.7009757645878342
LoL,30,3015,0.6980273141122914,0.6836248012718601,0.7765312701482914,0.6979598415768629
LoL,30,3016,0.7339403136064745,0.7324516785350965,0.8048298635919756,0.7340166359238506
LoL,30,3017,0.7253414264036419,0.7375543740937651,0.7970598479726269,0.7245943204868155
LoL,30,3018,0.7152250885179565,0.723069355632071,0.786127771068307,0.7155215646940822
LoL,30,3019,0.7283763277693475,0.7340267459138187,0.7989544592069201,0.7285170841938713
LoL,30,3020,0.7202832574607992,0.7225288509784246,0.7984973642458673,0.72052817442039
LoL,30,3021,0.701062215477997,0.700759493670886,0.7661306505909623,0.7013848503960225
LoL,30,3022,0.7091552857865453,0.7199220652703361,0.7802415640875542,0.7091749118849859
LoL,30,3023,0.7066262013151239,0.6979166666666667,0.7822344056127306,0.7063552668483257
LoL,30,3024,0.708649468892261,0.6990595611285267,0.7790728376514126,0.7086657688009399
LoL,30,3025,0.716236722306525,0.711864406779661,0.7885157788302911,0.7162445810801407
LoL,30,3026,0.6929691451694486,0.6969545681477783,0.7612938048456742,0.6938720329053562
LoL,30,3027,0.7364693980778958,0.7337761880429228,0.8049541941757511,0.7364686012590205
LoL,30,3028,0.7040971168437026,0.6970481615743137,0.7749584971782175,0.7039385205548994
LoL,30,3029,0.7223065250379362,0.7159855147439215,0.7986185312094454,0.7221792368249758
LoL,50,3000,0.7389984825493171,0.7404426559356138,0.8043981078741012,0.7389904022302687
LoL,50,3001,0.734951947395043,0.7315573770491803,0.8053763330808753,0.7348975497922339
LoL,50,3002,0.7035912999494183,0.7013251783893986,0.7799787521928433,0.7035833669381664
LoL,50,3003,0.7223065250379362,0.7220253164556962,0.7936445323306114,0.7231713814407639
LoL,50,3004,0.7157309054122407,0.712678936605317,0.7883290862014266,0.7157486721316508
LoL,50,3005,0.7101669195751138,0.7053984575835476,0.7899767835134283,0.7100877067270486
LoL,50,3006,0.7228123419322205,0.7189743589743591,0.7972950291170722,0.7227537893131646
LoL,50,3007,0.7344461305007587,0.7325522159959247,0.8088917552156911,0.7345325839936122
LoL,50,3008,0.7157309054122407,0.7103092783505154,0.7887494162085098,0.7157642137864921
LoL,50,3009,0.7258472432979262,0.7231869254341164,0.8014968889034485,0.7259046135135633
LoL,50,3010,0.7223065250379362,0.7225871652349671,0.7974871899979504,0.7232552777208444
LoL,50,3011,0.7152250885179565,0.7238842569887199,0.7815283273390499,0.7149897343205307
LoL,50,3012,0.6939807789580172,0.6902201740911419,0.7699533642872072,0.6943322036398805
LoL,50,3013,0.7288821446636318,0.719077568134172,0.799938511990162,0.728586800573888
LoL,50,3014,0.7106727364693981,0.7111111111111111,0.7897744376299057,0.7109760717540212
LoL,50,3015,0.7081436519979767,0.7036466358500256,0.7872033403948298,0.7081222559945964
LoL,50,3016,0.7384926656550329,0.7363590005099439,0.8130966443585056,0.7385328613748079
LoL,50,3017,0.727364693980779,0.7372013651877134,0.801602229188436,0.7269100743745774
LoL,50,3018,0.7192716236722306,0.7215253386853988,0.7913649110597097,0.7193944077129347
LoL,50,3019,0.7309054122407689,0.7321248741188318,0.8030819709713009,0.7309533702724997
LoL,50,3020,0.7268588770864947,0.7261663286004056,0.8028189774297558,0.7269599263012436
LoL,50,3021,0.7091552857865453,0.71350274040857,0.7818886222345993,0.7091455823210937
LoL,50,3022,0.7212948912493677,0.7308255984367367,0.7907877338987978,0.72131298534896
LoL,50,3023,0.7132018209408194,0.7120365667851701,0.7904622886985859,0.7132959437908042
LoL,50,3024,0.7248356095093577,0.7139852786540484,0.7911049888858415,0.7248549837688255
LoL,50,3025,0.7228123419322205,0.7204081632653062,0.7913373014086121,0.7228168763278656
LoL,50,3026,0.7030854830551341,0.7098368759268414,0.7757708096061353,0.7042778601686236
LoL,50,3027,0.7410217501264542,0.7377049180327869,0.8073534981319412,0.7409872562567174
LoL,50,3028,0.7061203844208397,0.7009778692743182,0.7803328823121217,0.7060203143774781
LoL,50,3029,0.7248356095093577,0.7198764160659116,0.8014013239502352,0.7247430087321765
LoL,75,3000,0.7395042994436014,0.739767559373421,0.8071030455366993,0.7395215647905746
LoL,75,3001,0.7364693980778958,0.7356671740233384,0.8091826499907887,0.7364977585818681
LoL,75,3002,0.7091552857865453,0.7103274559193955,0.7828670620096168,0.7092596838211663
LoL,75,3003,0.7202832574607992,0.7191467750126967,0.795927295826887,0.7212487576971547
LoL,75,3004,0.716236722306525,0.7150837988826815,0.7896083427998322,0.7162445119891929
LoL,75,3005,0.7101669195751138,0.7060030785017959,0.7916525061112181,0.7101194400199817
LoL,75,3006,0.7212948912493677,0.7204464738711314,0.7994033302971068,0.7213061232844467
LoL,75,3007,0.7339403136064745,0.7316326530612244,0.8110097659848904,0.7340012898470609
LoL,75,3008,0.7071320182094082,0.7007751937984497,0.7901966045867576,0.7070882528861832
LoL,75,3009,0.7263530601922105,0.7252412392077195,0.8043121292840281,0.7265091224025568
LoL,75,3010,0.7298937784522003,0.7313883299798793,0.8039506046320968,0.7306845665095306
LoL,75,3011,0.7172483560950936,0.7253071253071253,0.7861350893820327,0.7170326352398362
LoL,75,3012,0.6970156803237229,0.6917138445702521,0.7725054196599445,0.6972039062532016
LoL,75,3013,0.7319170460293374,0.725103734439834,0.803268087722894,0.7319998975199835
LoL,75,3014,0.7182599898836621,0.7179746835443038,0.7935003634799881,0.7186219500957334
LoL,75,3015,0.7142134547293879,0.710997442455243,0.7920348367156878,0.7141982131343834
LoL,75,3016,0.7374810318664643,0.7342549923195084,0.8168093256165794,0.7374616397214926
LoL,75,3017,0.723823975720789,0.732090284592738,0.803539451308214,0.7235755117093859
LoL,75,3018,0.7202832574607992,0.7216909914443885,0.7937158414017563,0.720380017603832
LoL,75,3019,0.7314112291350531,0.7311392405063291,0.8055156984634153,0.7314282439294977
LoL,75,3020,0.7288821446636318,0.7273652085452695,0.8045580633604585,0.728942115768463
LoL,75,3021,0.7167425392008093,0.7213930348258707,0.784589520759446,0.7167046171235738
LoL,75,3022,0.7283763277693475,0.7366356056890633,0.796190279307197,0.728392376874363
LoL,75,3023,0.7142134547293879,0.7118816930137684,0.7938300089464666,0.7142484251557443
LoL,75,3024,0.7283763277693475,0.7187008905185961,0.7943706684460237,0.7283939119791389
LoL,75,3025,0.7228123419322205,0.7189743589743589,0.7927281063356845,0.7228194348358257
LoL,75,3026,0.7076378351036925,0.7112887112887112,0.7815216678820455,0.7085380017534229
LoL,75,3027,0.7435508345978755,0.7377133988618728,0.8098920108500947,0.7433855366190696
LoL,75,3028,0.7106727364693981,0.7060637204522097,0.7829960226888916,0.7105876717684603
LoL,75,3029,0.7248356095093577,0.7195876288659794,0.8028679447658115,0.7247353327683823
LoL,100,3000,0.7374810318664643,0.7380111055022716,0.8083905262705429,0.7374926056849745
LoL,100,3001,0.7303995953464846,0.7290289781392983,0.8107588070333449,0.7304101078746443
LoL,100,3002,0.7091552857865453,0.7112004018081366,0.7838649720278146,0.7092888534986214
LoL,100,3003,0.7177541729893778,0.716751269035533,0.7977520722123749,0.7186996034876691
LoL,100,3004,0.7167425392008093,0.7154471544715448,0.7903769201641542,0.7167510976021614
LoL,100,3005,0.7096611026808295,0.7056410256410256,0.7927908100383666,0.7096214320518542
LoL,100,3006,0.7253414264036419,0.7245053272450533,0.8007317647299634,0.7253528334135033
LoL,100,3007,0.7334344967121902,0.7307102708226878,0.8123845791618042,0.7334699957005097
LoL,100,3008,0.7106727364693981,0.7045454545454546,0.7910231304333576,0.7106457962915926
LoL,100,3009,0.7298937784522003,0.728658536585366,0.8057473900162363,0.7300419931492406
LoL,100,3010,0.7339403136064745,0.7356783919597991,0.807468743594999,0.7346992211518754
LoL,100,3011,0.7202832574607992,0.7293196279980421,0.7891759003195359,0.720028924038066
LoL,100,3012,0.6965098634294385,0.6904024767801857,0.7739458812633443,0.6966143005257788
LoL,100,3013,0.7344461305007587,0.7267048412285267,0.8046587415453986,0.7344015167042426
LoL,100,3014,0.7202832574607992,0.720565942395149,0.7953136678714408,0.7206021481155354
LoL,100,3015,0.7152250885179565,0.7117255504352279,0.7944255114467881,0.7152083141444844
LoL,100,3016,0.7389984825493171,0.7353846153846154,0.8186559418254477,0.7389571531811138
LoL,100,3017,0.7243297926150734,0.7329740323370896,0.8050525539369353,0.7240334378265412
LoL,100,3018,0.7223065250379362,0.7237040764972321,0.79515280535484,0.7224034347941785
LoL,100,3019,0.7354577642893273,0.7354577642893273,0.8069157570038747,0.7354805332503669
LoL,100,3020,0.7298937784522003,0.7289340101522842,0.8053626081170991,0.7299815753109167
LoL,100,3021,0.7202832574607992,0.7255583126550869,0.7856625084978991,0.7201943868817011
LoL,100,3022,0.7293879615579161,0.7371007371007371,0.7988695488429404,0.7294029875185748
LoL,100,3023,0.7147192716236722,0.7122448979591836,0.7957615858789135,0.7147469296422846
LoL,100,3024,0.7278705108750633,0.718324607329843,0.7957174670361834,0.727887839104645
LoL,100,3025,0.7223065250379362,0.7183170856849667,0.7933912715989242,0.7223138736629238
LoL,100,3026,0.7116843702579666,0.715568862275449,0.7835249944693438,0.7126158365219957
LoL,100,3027,0.7445624683864441,0.7395564724084579,0.8112728389375096,0.7444388146783356
LoL,100,3028,0.7081436519979767,0.7024239298607531,0.7845527623172801,0.7080243223935102
LoL,100,3029,0.727364693980779,0.722879177377892,0.8036693153859065,0.727283752747995
LoL,150,3000,0.734951947395043,0.7358870967741935,0.8099686624323765,0.7349549995803919
LoL,150,3001,0.7319170460293374,0.731237322515213,0.8121282213988905,0.7319494196876344
LoL,150,3002,0.708649468892261,0.712,0.7851965422161995,0.7088267443978866
LoL,150,3003,0.721800708143652,0.7210953346855985,0.8000727451562997,0.7227164680689747
LoL,150,3004,0.716236722306525,0.7142129393785024,0.7915057361865873,0.716249117312947
LoL,150,3005,0.7142134547293879,0.7095115681233933,0.7941993587827518,0.7141352370579348
LoL,150,3006,0.7258472432979262,0.7251521298174443,0.8019619482340419,0.7258619983829535
LoL,150,3007,0.7354577642893273,0.7327542156361778,0.813845382142784,0.7354938271604938
LoL,150,3008,0.708649468892261,0.7009345794392524,0.7922398748023303,0.7084801347022049
LoL,150,3009,0.7283763277693475,0.7272727272727273,0.8074508663774306,0.7285330243052499
LoL,150,3010,0.7389984825493171,0.7401812688821753,0.8110698913711826,0.739839106374257
LoL,150,3011,0.7228123419322205,0.7318982387475538,0.7925718648737721,0.7225533805097426
LoL,150,3012,0.6939807789580172,0.6876613319566339,0.7752695486826845,0.6940658309393941
LoL,150,3013,0.7309054122407689,0.7234927234927235,0.8063219922115188,0.7309120721459315
LoL,150,3014,0.7212948912493677,0.7210126582278481,0.7974392578864918,0.7216582878556728
LoL,150,3015,0.7167425392008093,0.7134083930399181,0.7967865074248053,0.7167265358754721
LoL,150,3016,0.7440566514921598,0.7413087934560327,0.8208055504943076,0.7440609383348926
LoL,150,3017,0.7268588770864947,0.7355533790401567,0.8070297293421026,0.7265489581412503
LoL,150,3018,0.7223065250379362,0.7228672387682988,0.7970390764129122,0.7223773360899024
LoL,150,3019,0.7420333839150227,0.7413793103448276,0.8082666906832654,0.742042284224165
LoL,150,3020,0.7309054122407689,0.7299492385786801,0.8061108552126516,0.7309933978197451
LoL,150,3021,0.7177541729893778,0.7223880597014927,0.7863781749379551,0.7177166861879449
LoL,150,3022,0.7334344967121902,0.7407771765863256,0.8016337608429568,0.7334490120065662
LoL,150,3023,0.7167425392008093,0.7142857142857143,0.7980350529520269,0.7167706326605399
LoL,150,3024,0.727364693980779,0.717948717948718,0.7968288828940204,0.7273817662301512
LoL,150,3025,0.7167425392008093,0.7125256673511294,0.7939817752360991,0.7167501422530426
LoL,150,3026,0.7096611026808295,0.7132867132867133,0.7861254270895639,0.7105628364482536
LoL,150,3027,0.7430450177035913,0.737603305785124,0.8125554020164799,0.7429003531398741
LoL,150,3028,0.7096611026808295,0.7028985507246378,0.7857430898569355,0.7095078819538976
LoL,150,3029,0.7278705108750633,0.723535457348407,0.8046119237398114,0.7277934367439176
LoL,200,3000,0.7329286798179059,0.7336024217961654,0.8110627140257619,0.7329372982554534
LoL,200,3001,0.7303995953464846,0.729304215337735,0.8126594067918039,0.7304188074427365
LoL,200,3002,0.7081436519979767,0.7116441779110444,0.78608289101185,0.7083257423938787
LoL,200,3003,0.7248356095093577,0.7241379310344827,0.8020112498847348,0.725754859069067
LoL,200,3004,0.7167425392008093,0.7151576805696847,0.7922702199297944,0.7167526327100795
LoL,200,3005,0.7177541729893778,0.714139344262295,0.7949230825925486,0.717732359360093
LoL,200,3006,0.7268588770864947,0.7269969666329625,0.8027121350131513,0.7268936331351257
LoL,200,3007,0.7374810318664643,0.7347981604496678,0.8145619638433348,0.7375176586204779
LoL,200,3008,0.7091552857865453,0.7003647733194371,0.7929578359156718,0.7088877645497227
LoL,200,3009,0.7278705108750633,0.7271805273833671,0.8084295463060975,0.7280539215786639
LoL,200,3010,0.7455741021750126,0.746343923348462,0.8129872924779667,0.7464798114367699
LoL,200,3011,0.7233181588265049,0.7314678448699067,0.7946464942141689,0.7230932754170241
LoL,200,3012,0.6934749620637329,0.6876288659793814,0.7761373089800384,0.6936094115622145
LoL,200,3013,0.7303995953464846,0.7216710182767625,0.8072197171551547,0.7302372412379585
LoL,200,3014,0.7248356095093577,0.7241379310344827,0.7985696294551896,0.7252337022740536
LoL,200,3015,0.7197774405665149,0.7150205761316873,0.7979716107375682,0.7197537686899389
LoL,200,3016,0.7445624683864441,0.741687979539642,0.8222457883024438,0.744559442821433
LoL,200,3017,0.7243297926150734,0.7334963325183375,0.8085274653225971,0.7239688979039892
LoL,200,3018,0.7228123419322205,0.7226720647773278,0.7985671299613125,0.722861441467259
LoL,200,3019,0.7430450177035913,0.7416073245167853,0.8087098378674897,0.7430370626608072
LoL,200,3020,0.7354577642893273,0.7357251136937848,0.8062357336608834,0.7356087824351298
LoL,200,3021,0.7167425392008093,0.720837487537388,0.787138890481534,0.7167465946973111
LoL,200,3022,0.7303995953464846,0.7385973516429623,0.8030429870273412,0.7304156449691546
LoL,200,3023,0.7142134547293879,0.7118816930137684,0.799045369026391,0.7142484251557443
LoL,200,3024,0.723823975720789,0.7153284671532846,0.797389707838859,0.7238392561086937
LoL,200,3025,0.7152250885179565,0.7108371854134565,0.7942120409525019,0.7152329470327448
LoL,200,3026,0.7101669195751138,0.7144992526158445,0.7874722442993273,0.7111394585692397
LoL,200,3027,0.7445624683864441,0.7387480600103467,0.8130467270587031,0.7443973591278981
LoL,200,3028,0.708649468892261,0.7015544041450776,0.7860695855449408,0.7084864314942448
LoL,200,3029,0.7278705108750633,0.7238193018480493,0.8051492412053924,0.7278011127077115
LoL,300,3000,0.7309054122407689,0.731041456016178,0.8123256323290711,0.7309252258208457
LoL,300,3001,0.7329286798179059,0.7308868501529052,0.8132376722002743,0.7329176304423475
LoL,300,3002,0.7081436519979767,0.7107769423558897,0.7871985032373224,0.7082965727164237
LoL,300,3003,0.7243297926150734,0.7232097511427119,0.8043421686253215,0.7252999456972777
LoL,300,3004,0.7187658067779464,0.7166156982670744,0.7931022484213973,0.7187789751619539
LoL,300,3005,0.7182599898836621,0.7147977470558116,0.7954809743554047,0.7182462339746871
LoL,300,3006,0.7263530601922105,0.7263530601922105,0.8032156710231402,0.7263844681656756
LoL,300,3007,0.7405159332321699,0.7375959079283888,0.8153788669819626,0.7405365149560839
LoL,300,3008,0.7101669195751138,0.7017178552837064,0.793894974886724,0.7099283472760494
LoL,300,3009,0.7258472432979262,0.7259858442871588,0.8098136208495679,0.7260837651741456
LoL,300,3010,0.7455741021750126,0.7465994962216624,0.8152049600327936,0.7464424062307851
LoL,300,3011,0.7248356095093577,0.7322834645669292,0.7959207485450984,0.7246351743323214
LoL,300,3012,0.6965098634294385,0.6904024767801857,0.7775511333133895,0.6966143005257788
LoL,300,3013,0.7364693980778958,0.7279373368146214,0.8081953269112523,0.7363153310104529
LoL,300,3014,0.7253414264036419,0.7247845919918905,0.7998525602301698,0.7257287517790041
LoL,300,3015,0.7192716236722306,0.715530497180933,0.7989980862321288,0.7192533235086427
LoL,300,3016,0.7465857359635811,0.7439959121103731,0.823779175819564,0.7465979883757352
LoL,300,3017,0.7293879615579161,0.7365829640571147,0.8107146515868625,0.7292580982236154
LoL,300,3018,0.727364693980779,0.7254202750891493,0.8008208298364481,0.7273575829529405
LoL,300,3019,0.7415275670207385,0.7402135231316725,0.8088265094125281,0.7415223794445206
LoL,300,3020,0.7339403136064745,0.7348790322580645,0.8065223399355136,0.7341255949639183
LoL,300,3021,0.7172483560950936,0.7217521154803384,0.7887504197757373,0.7172211460491936
LoL,300,3022,0.7354577642893273,0.743249877270496,0.8045371556759987,0.7354733035045419
LoL,300,3023,0.7157309054122407,0.7135575942915392,0.8005511187177686,0.7157736236874592
LoL,300,3024,0.7228123419322205,0.7139874739039666,0.7980825517944351,0.7228281337628898
LoL,300,3025,0.7147192716236722,0.7113613101330604,0.7943573642046315,0.7147253390534749
LoL,300,3026,0.7116843702579666,0.716699801192843,0.7892420542905602,0.7127284980376413
LoL,300,3027,0.7455741021750126,0.7403200826019618,0.8138574133783715,0.7454368186703516
LoL,300,3028,0.7137076378351037,0.7076446280991736,0.7866775430329505,0.7135742373408718
LoL,300,3029,0.7288821446636318,0.7254098360655737,0.805481866303133,0.7288281566633507
Pima,0,3000,0.6580645161290323,0.15873015873015872,0.43608597285067874,0.5153657616892912
Pima,0,3001,0.36129032258064514,0.22047244094488191,0.3121468926553672,0.3373940677966102
Pima,0,3002,0.3935483870967742,0.5204081632653061,0.5300696736340301,0.5217271727172718
Pima,0,3003,0.5290322580645161,0.3423423423423424,0.45648825567963036,0.49104736234116286
Pima,0,3004,0.567741935483871,0.3619047619047619,0.4458874458874459,0.5181277056277056
Pima,0,3005,0.6516129032258065,0.5573770491803278,0.6625392396232996,0.6350715033135681
Pima,0,3006,0.36129032258064514,0.3355704697986577,0.34898190045248867,0.3941365007541478
Pima,0,3007,0.38064516129032255,0.2615384615384615,0.3446601941747573,0.3673450336071695
Pima,0,3008,0.6193548387096774,0.5755395683453238,0.6770909090909091,0.6436363636363637
Pima,0,3009,0.6580645161290323,0.5691056910569106,0.7616673314718787,0.68777423214998
Pima,0,3010,0.36129032258064514,0.5217391304347826,0.5238095238095238,0.48388829215896884
Pima,0,3011,0.4838709677419355,0.45945945945945943,0.5390261367704977,0.5074292875044755
Pima,0,3012,0.4967741935483871,0.5,0.7007486209613869,0.5908195429472025
Pima,0,3013,0.567741935483871,0.02898550724637681,0.3769445552453131,0.40995213402473074
Pima,0,3014,0.33548387096774196,0.4824120603015075,0.3590681555641124,0.5086638428956488
Pima,0,3015,0.4129032258064516,0.23529411764705882,0.3151713515594917,0.37870619946091644
Pima,0,3016,0.567741935483871,0.30927835051546393,0.5062217194570136,0.49802036199095023
Pima,0,3017,0.6903225806451613,0.5636363636363635,0.72123719464145,0.681639085894405
Pima,0,3018,0.567741935483871,0.0821917808219178,0.3455238095238095,0.4347619047619048
Pima,0,3019,0.5290322580645161,0.2150537634408602,0.391025641025641,0.44419306184012064
Pima,0,3020,0.5741935483870968,0.47619047619047616,0.6144685389264131,0.5627444009953786
Pima,0,3021,0.6064516129032258,0.4873949579831933,0.6142643764002987,0.5943801344286781
Pima,0,3022,0.4,0.4918032786885246,0.6234129947722181,0.5152165795369679
Pima,0,3023,0.5935483870967742,0.3505154639175258,0.568952380952381,0.5271428571428571
Pima,0,3024,0.5161290322580645,0.46808510638297873,0.5161117078410311,0.5292696025778733
Pima,0,3025,0.5870967741935483,0.5151515151515152,0.6064227035100822,0.6036221060492906
Pima,0,3026,0.6516129032258065,0.38636363636363635,0.6565454545454545,0.5745454545454545
Pima,0,3027,0.34838709677419355,0.49246231155778897,0.3152958152958153,0.46275252525252525
Pima,0,3028,0.5290322580645161,0.4511278195488722,0.5320892919427973,0.5224973840251134
Pima,0,3029,0.5612903225806452,0.08108108108108109,0.223421926910299,0.40988372093023256
Pima,1,3000,0.6580645161290323,0.15873015873015872,0.4423076923076923,0.5153657616892912
Pima,1,3001,0.3870967741935484,0.22764227642276422,0.3169138418079096,0.3582274011299435
Pima,1,3002,0.4,0.5230769230769231,0.5315364869820315,0.5266776677667767
Pima,1,3003,0.5419354838709678,0.34862385321100914,0.46187909125914517,0.5004813246053138
Pima,1,3004,0.567741935483871,0.3619047619047619,0.4518398268398268,0.5181277056277056
Pima,1,3005,0.6516129032258065,0.5573770491803278,0.6637600279037321,0.6350715033135681
Pima,1,3006,0.36774193548387096,0.3378378378378378,0.3521870286576169,0.39894419306184015
Pima,1,3007,0.3870967741935484,0.2635658914728682,0.3455937266616878,0.37219940253920836
Pima,1,3008,0.6258064516129033,0.5797101449275363,0.68,0.6486363636363637
Pima,1,3009,0.6580645161290323,0.5691056910569106,0.7648583964898285,0.68777423214998
Pima,1,3010,0.36129032258064514,0.5217391304347826,0.5322234156820623,0.48388829215896884
Pima,1,3011,0.4838709677419355,0.45945945945945943,0.5404582885785894,0.5074292875044755
Pima,1,3012,0.4967741935483871,0.5,0.7021276595744681,0.5908195429472025
Pima,1,3013,0.567741935483871,0.02898550724637681,0.3795372955723973,0.40995213402473074
Pima,1,3014,0.33548387096774196,0.4824120603015075,0.36522911051212936,0.5086638428956488
Pima,1,3015,0.4129032258064516,0.23529411764705882,0.3184443588756257,0.37870619946091644
Pima,1,3016,0.5741935483870968,0.3125,0.5145173453996983,0.5028280542986425
Pima,1,3017,0.6967741935483871,0.5688073394495413,0.7239952718676123,0.6862687155240346
Pima,1,3018,0.5741935483870968,0.08333333333333333,0.34704761904761905,0.43952380952380954
Pima,1,3019,0.535483870967742,0.21739130434782608,0.3987556561085973,0.44900075414781293
Pima,1,3020,0.5935483870967742,0.4878048780487805,0.6182012086740135,0.5782083185211517
Pima,1,3021,0.6129032258064516,0.4915254237288136,0.6153846153846154,0.5992345033607169
Pima,1,3022,0.4064516129032258,0.49450549450549447,0.6314413741598207,0.5200709484690067
Pima,1,3023,0.5935483870967742,0.3505154639175258,0.5700952380952381,0.5271428571428571
Pima,1,3024,0.5096774193548387,0.45714285714285713,0.5180809165771572,0.5204976727533118
Pima,1,3025,0.5870967741935483,0.5151515151515152,0.6069828230022405,0.6036221060492906
Pima,1,3026,0.6580645161290323,0.4044943820224719,0.6581818181818182,0.5836363636363636
Pima,1,3027,0.3419354838709677,0.4900000000000001,0.31691919191919193,0.4577020202020202
Pima,1,3028,0.5290322580645161,0.4511278195488722,0.5352284618067666,0.5224973840251134
Pima,1,3029,0.5741935483870968,0.08333333333333333,0.22591362126245848,0.418812292358804
Pima,2,3000,0.6903225806451613,0.2,0.4560708898944193,0.5444004524886877
Pima,2,3001,0.432258064516129,0.24137931034482757,0.3271539548022599,0.39468573446327687
Pima,2,3002,0.4064516129032258,0.5257731958762887,0.5352035203520352,0.5316281628162816
Pima,2,3003,0.5483870967741935,0.3518518518518518,0.4707354639969195,0.5051983057373892
Pima,2,3004,0.5741935483870968,0.36538461538461536,0.4612193362193362,0.5231782106782107
Pima,2,3005,0.6516129032258065,0.5573770491803278,0.6672479944192535,0.6350715033135681
Pima,2,3006,0.3741935483870968,0.3401360544217687,0.3580316742081448,0.40375188536953244
Pima,2,3007,0.4129032258064516,0.272,0.3489544436146378,0.3916168782673637
Pima,2,3008,0.6258064516129033,0.5797101449275363,0.6845454545454546,0.6486363636363637
Pima,2,3009,0.6838709677419355,0.5882352941176471,0.7720382927802154,0.7061228560031911
Pima,2,3010,0.36774193548387096,0.524271844660194,0.547798066595059,0.48899033297529537
Pima,2,3011,0.49032258064516127,0.45517241379310347,0.5479770855710705,0.5088614393125671
Pima,2,3012,0.5161290322580645,0.5098039215686274,0.7050827423167849,0.6047084318360914
Pima,2,3013,0.567741935483871,0.02898550724637681,0.38631830873554046,0.40995213402473074
Pima,2,3014,0.33548387096774196,0.4824120603015075,0.3725452445128995,0.5086638428956488
Pima,2,3015,0.4258064516129032,0.22608695652173913,0.3228725452445129,0.38265306122448983
Pima,2,3016,0.5870967741935483,0.3191489361702128,0.5267722473604827,0.5124434389140271
Pima,2,3017,0.7032258064516129,0.5818181818181817,0.7289204097714737,0.6969070133963751
Pima,2,3018,0.5806451612903226,0.08450704225352111,0.3544761904761905,0.4442857142857143
Pima,2,3019,0.5612903225806452,0.2272727272727273,0.41855203619909503,0.4682315233785822
Pima,2,3020,0.6,0.4918032786885246,0.6258442943476715,0.5833629576964096
Pima,2,3021,0.6387096774193548,0.5087719298245613,0.6193054518297236,0.6186519790888723
Pima,2,3022,0.41935483870967744,0.49438202247191015,0.6417102315160568,0.5250186706497386
Pima,2,3023,0.5935483870967742,0.3505154639175258,0.5718095238095238,0.5271428571428571
Pima,2,3024,0.5225806451612903,0.4714285714285714,0.5220193340494093,0.5343716433941998
Pima,2,3025,0.5870967741935483,0.5151515151515152,0.6110903659447349,0.6036221060492906
Pima,2,3026,0.6580645161290323,0.4044943820224719,0.6629090909090909,0.5836363636363636
Pima,2,3027,0.3548387096774194,0.504950495049505,0.3226911976911977,0.47555916305916307
Pima,2,3028,0.535483870967742,0.45454545454545453,0.5411580048831531,0.5278165329612836
Pima,2,3029,0.5741935483870968,0.05714285714285714,0.22985880398671096,0.4116486710963455
Pima,5,3000,0.6838709677419355,0.1694915254237288,0.532051282051282,0.5345965309200603
Pima,5,3001,0.5161290322580645,0.21052631578947367,0.386475988700565,0.4493290960451977
Pima,5,3002,0.43870967741935485,0.5297297297297296,0.5674734140080675,0.5477631096442978
Pima,5,3003,0.5483870967741935,0.2857142857142857,0.5140546784751636,0.4777628032345013
Pima,5,3004,0.6193548387096774,0.37894736842105264,0.5104617604617605,0.5546536796536796
Pima,5,3005,0.6645161290322581,0.5593220338983051,0.6909661667247995,0.6428322288106034
Pima,5,3006,0.43870967741935485,0.31496062992125984,0.3996983408748115,0.4268476621417798
Pima,5,3007,0.44516129032258067,0.25862068965517243,0.37490664675130697,0.4063666915608663
Pima,5,3008,0.6451612903225806,0.5669291338582677,0.7030909090909091,0.6472727272727272
Pima,5,3009,0.7290322580645161,0.625,0.7977662544874352,0.7382329477463103
Pima,5,3010,0.4,0.5130890052356021,0.6192266380236305,0.4961510920157537
Pima,5,3011,0.5483870967741935,0.46153846153846156,0.5787683494450412,0.5437701396348013
Pima,5,3012,0.567741935483871,0.5314685314685313,0.7180851063829787,0.6357368006304176
Pima,5,3013,0.6258064516129033,0.03333333333333333,0.4222177901874751,0.45123653769445554
Pima,5,3014,0.33548387096774196,0.47179487179487173,0.4339622641509434,0.49768964189449366
Pima,5,3015,0.49032258064516127,0.20202020202020204,0.36561417019638043,0.41336157104351173
Pima,5,3016,0.6387096774193548,0.3488372093023256,0.5844645550527904,0.5509049773755657
Pima,5,3017,0.7161290322580646,0.5849056603773585,0.7488179669030733,0.7001576044129235
Pima,5,3018,0.6258064516129033,0.12121212121212122,0.40514285714285714,0.4828571428571428
Pima,5,3019,0.6193548387096774,0.23376623376623376,0.5162141779788839,0.5065045248868778
Pima,5,3020,0.6129032258064516,0.4827586206896552,0.6702808389619623,0.5867401350870957
Pima,5,3021,0.6516129032258065,0.5,0.6415235250186706,0.6188386855862584
Pima,5,3022,0.567741935483871,0.5503355704697986,0.6980955937266616,0.6223861090365945
Pima,5,3023,0.6,0.3541666666666667,0.5845714285714285,0.5319047619047619
Pima,5,3024,0.5161290322580645,0.45255474452554745,0.5388471177944862,0.5219298245614035
Pima,5,3025,0.5870967741935483,0.48387096774193544,0.6256534727408514,0.5845780433159073
Pima,5,3026,0.6645161290322581,0.4347826086956522,0.688,0.5968181818181818
Pima,5,3027,0.3548387096774194,0.5098039215686275,0.36507936507936506,0.47943722943722944
Pima,5,3028,0.5612903225806452,0.46875,0.5711545169166377,0.5490931287059644
Pima,5,3029,0.632258064516129,0.03389830508474576,0.27325581395348836,0.4446636212624585
Pima,10,3000,0.7290322580645161,0.34375000000000006,0.7039969834087482,0.5982277526395173
Pima,10,3001,0.632258064516129,0.19718309859154928,0.6412429378531074,0.5332803672316384
Pima,10,3002,0.535483870967742,0.5324675324675325,0.6400806747341401,0.5875504217088375
Pima,10,3003,0.6645161290322581,0.35000000000000003,0.6193685021178282,0.5626684636118598
Pima,10,3004,0.6645161290322581,0.36585365853658536,0.623015873015873,0.5783730158730158
Pima,10,3005,0.7225806451612903,0.6055045871559634,0.73090338332752,0.6907045692361353
Pima,10,3006,0.632258064516129,0.29629629629629634,0.5164027149321267,0.5311085972850679
Pima,10,3007,0.6,0.2619047619047619,0.4544436146377894,0.5038274831964152
Pima,10,3008,0.6774193548387096,0.5614035087719298,0.734,0.6559090909090909
Pima,10,3009,0.8064516129032258,0.6875,0.8298763462305544,0.7807140007977662
Pima,10,3010,0.6451612903225806,0.5736434108527132,0.7065878983172216,0.6459899749373434
Pima,10,3011,0.6451612903225806,0.46601941747572817,0.6351593268886502,0.59828141783029
Pima,10,3012,0.6903225806451613,0.5789473684210525,0.739558707643814,0.6936564223798267
Pima,10,3013,0.6516129032258065,0.0,0.5470682090147587,0.463302752293578
Pima,10,3014,0.47096774193548385,0.4675324675324676,0.5933769734308818,0.5418752406623026
Pima,10,3015,0.6709677419354839,0.037735849056603765,0.6164805544859453,0.49605313823642666
Pima,10,3016,0.6774193548387096,0.37500000000000006,0.6962669683257918,0.5797511312217195
Pima,10,3017,0.7483870967741936,0.5979381443298969,0.7982663514578409,0.7112884160756501
Pima,10,3018,0.6645161290322581,0.16129032258064516,0.5260952380952381,0.5166666666666667
Pima,10,3019,0.6774193548387096,0.3055555555555556,0.7273755656108597,0.5597662141779789
Pima,10,3020,0.6838709677419355,0.5333333333333333,0.7346249555634554,0.6434411660149307
Pima,10,3021,0.6903225806451613,0.5102040816326531,0.6977221807318895,0.6384428678117998
Pima,10,3022,0.7548387096774194,0.6274509803921569,0.7817401045556386,0.7203136669156087
Pima,10,3023,0.6516129032258065,0.39999999999999997,0.617904761904762,0.5752380952380952
Pima,10,3024,0.6064516129032258,0.49586776859504134,0.5957751521661296,0.58968850698174
Pima,10,3025,0.6193548387096774,0.4778761061946903,0.6613144137415982,0.5945668409260643
Pima,10,3026,0.6967741935483871,0.5052631578947367,0.7205454545454546,0.6381818181818182
Pima,10,3027,0.5612903225806452,0.5641025641025641,0.687950937950938,0.61002886002886
Pima,10,3028,0.6516129032258065,0.5344827586206896,0.6450994070456924,0.6264387861876526
Pima,10,3029,0.7161290322580646,0.08333333333333333,0.4794435215946844,0.5098629568106312
Pima,20,3000,0.7161290322580646,0.46341463414634143,0.795814479638009,0.6285822021116139
Pima,20,3001,0.6709677419354839,0.4137931034482759,0.7911370056497176,0.6004590395480226
Pima,20,3002,0.6774193548387096,0.5283018867924528,0.7301063439677301,0.6404473780711404
Pima,20,3003,0.7419354838709677,0.4594594594594595,0.7760877936080093,0.6357335386984982
Pima,20,3004,0.7096774193548387,0.4,0.7709235209235209,0.6137265512265512
Pima,20,3005,0.7548387096774194,0.6415094339622641,0.7872340425531915,0.7201778862922916
Pima,20,3006,0.6645161290322581,0.13333333333333333,0.6958898944193062,0.5151772247360482
Pima,20,3007,0.6580645161290323,0.15873015873015872,0.6699029126213593,0.5189507094846901
Pima,20,3008,0.6903225806451613,0.5636363636363636,0.7618181818181818,0.6618181818181819
Pima,20,3009,0.8064516129032258,0.6428571428571428,0.8486238532110092,0.743019545273235
Pima,20,3010,0.6967741935483871,0.5154639175257731,0.749015395631937,0.6427676333691371
Pima,20,3011,0.6580645161290323,0.3908045977011494,0.7073039742212675,0.582796276405299
Pima,20,3012,0.7419354838709677,0.5454545454545454,0.7730496453900709,0.6766154452324664
Pima,20,3013,0.7548387096774194,0.42424242424242425,0.7702433187076186,0.6246509772636617
Pima,20,3014,0.7225806451612903,0.46913580246913583,0.7722371967654986,0.6325567963034271
Pima,20,3015,0.7483870967741936,0.39999999999999997,0.8273007316134001,0.6185021178282634
Pima,20,3016,0.7677419354838709,0.5714285714285714,0.794683257918552,0.692024886877828
Pima,20,3017,0.7741935483870968,0.6153846153846154,0.8628841607565012,0.7237982663514578
Pima,20,3018,0.6774193548387096,0.3055555555555556,0.7051428571428572,0.5576190476190477
Pima,20,3019,0.7354838709677419,0.5393258426966293,0.8105203619909502,0.6679864253393666
Pima,20,3020,0.7096774193548387,0.5714285714285714,0.7867045858514042,0.670991823675791
Pima,20,3021,0.7161290322580646,0.46341463414634143,0.7901418969380134,0.6292942494398805
Pima,20,3022,0.7548387096774194,0.5365853658536585,0.8213218820014937,0.6727035100821509
Pima,20,3023,0.7032258064516129,0.48888888888888893,0.6893333333333334,0.6342857142857143
Pima,20,3024,0.6838709677419355,0.4731182795698925,0.698890082348729,0.6215538847117794
Pima,20,3025,0.6838709677419355,0.46153846153846156,0.7374906646751307,0.6145444361463779
Pima,20,3026,0.7290322580645161,0.58,0.7494545454545455,0.6836363636363636
Pima,20,3027,0.7032258064516129,0.5306122448979592,0.7442279942279942,0.6513347763347763
Pima,20,3028,0.6838709677419355,0.5242718446601943,0.7525287757237531,0.6415242413672829
Pima,20,3029,0.7483870967741936,0.43478260869565216,0.7346345514950167,0.62531146179402
Pima,30,3000,0.7612903225806451,0.6105263157894737,0.8101432880844646,0.7121983408748114
Pima,30,3001,0.7225806451612903,0.5656565656565656,0.8068502824858758,0.6747881355932204
Pima,30,3002,0.6709677419354839,0.41379310344827586,0.7636596993032636,0.5924092409240924
Pima,30,3003,0.7741935483870968,0.5679012345679012,0.813823642664613,0.6922410473623412
Pima,30,3004,0.7548387096774194,0.5476190476190476,0.810966810966811,0.6801046176046176
Pima,30,3005,0.7677419354838709,0.6666666666666666,0.8179281478897803,0.7365713289152425
Pima,30,3006,0.6903225806451613,0.29411764705882354,0.7486802413273002,0.5643853695324283
Pima,30,3007,0.6838709677419355,0.2898550724637681,0.7608289768483943,0.5621732636295743
Pima,30,3008,0.7096774193548387,0.5714285714285713,0.7701818181818182,0.6727272727272727
Pima,30,3009,0.7935483870967742,0.6363636363636365,0.8544076585560431,0.740127642600718
Pima,30,3010,0.7161290322580646,0.5319148936170213,0.7667382742570712,0.6580737558181167
Pima,30,3011,0.6967741935483871,0.48351648351648346,0.7334407447189402,0.6317579663444325
Pima,30,3012,0.7483870967741936,0.5301204819277109,0.7917651694247438,0.6692277383766745
Pima,30,3013,0.7870967741935484,0.6024096385542168,0.7995612285600319,0.7166932588751496
Pima,30,3014,0.7290322580645161,0.43243243243243235,0.817096649980747,0.6208124759337698
Pima,30,3015,0.7483870967741936,0.5185185185185185,0.8274932614555256,0.6623989218328841
Pima,30,3016,0.7806451612903226,0.6382978723404256,0.8231523378582202,0.7316176470588236
Pima,30,3017,0.8064516129032258,0.6739130434782609,0.8898739164696612,0.7649724192277383
Pima,30,3018,0.7032258064516129,0.41025641025641024,0.7472380952380953,0.6028571428571429
Pima,30,3019,0.7419354838709677,0.5833333333333334,0.823340874811463,0.6927790346907994
Pima,30,3020,0.7354838709677419,0.6238532110091743,0.8041237113402062,0.7054745822964805
Pima,30,3021,0.6967741935483871,0.41975308641975306,0.8091859596713966,0.6052091112770724
Pima,30,3022,0.7677419354838709,0.5909090909090908,0.8233756534727409,0.7014563106796117
Pima,30,3023,0.6967741935483871,0.4946236559139785,0.745904761904762,0.6347619047619047
Pima,30,3024,0.7225806451612903,0.5274725274725274,0.7712137486573577,0.6595059076262084
Pima,30,3025,0.7096774193548387,0.4827586206896552,0.7862210604929052,0.6339619118745332
Pima,30,3026,0.7225806451612903,0.5742574257425742,0.7605454545454545,0.6786363636363636
Pima,30,3027,0.6903225806451613,0.5102040816326531,0.7595598845598845,0.6373556998556998
Pima,30,3028,0.7354838709677419,0.6095238095238097,0.790896407394489,0.6984652947331706
Pima,30,3029,0.7161290322580646,0.46341463414634154,0.7790697674418605,0.6316445182724253
Pima,50,3000,0.7677419354838709,0.64,0.8282428355957768,0.7319947209653093
Pima,50,3001,0.7548387096774194,0.6481481481481481,0.8144420903954802,0.7236935028248588
Pima,50,3002,0.7677419354838709,0.6399999999999999,0.8142647598093142,0.7269893656032269
Pima,50,3003,0.7935483870967742,0.6444444444444445,0.8259530227185213,0.7393145937620331
Pima,50,3004,0.7612903225806451,0.6105263157894737,0.8362193362193362,0.708423520923521
Pima,50,3005,0.7548387096774194,0.6779661016949152,0.8353679804673875,0.7374433205441228
Pima,50,3006,0.7806451612903226,0.6222222222222223,0.797134238310709,0.7216251885369533
Pima,50,3007,0.7419354838709677,0.5555555555555556,0.8136669156086632,0.6772778192681105
Pima,50,3008,0.7161290322580646,0.5769230769230769,0.7821818181818182,0.6777272727272727
Pima,50,3009,0.7935483870967742,0.6521739130434783,0.8599920223374551,0.7526924611088951
Pima,50,3010,0.7612903225806451,0.6105263157894737,0.8041532402434658,0.7084675975653419
Pima,50,3011,0.7354838709677419,0.5858585858585859,0.7756892230576441,0.6880594343000358
Pima,50,3012,0.7677419354838709,0.5813953488372093,0.8083136327817179,0.7011426319936958
Pima,50,3013,0.7806451612903226,0.6136363636363638,0.8199042680494615,0.724670921420024
Pima,50,3014,0.7806451612903226,0.5952380952380952,0.8436657681940701,0.7079322294955719
Pima,50,3015,0.7483870967741936,0.6060606060606062,0.8321139776665383,0.7117828263380824
Pima,50,3016,0.7741935483870968,0.6728971962616823,0.8378582202111614,0.7567873303167421
Pima,50,3017,0.8580645161290322,0.7708333333333333,0.9078014184397163,0.8380614657210401
Pima,50,3018,0.7096774193548387,0.4827586206896552,0.7878095238095238,0.6338095238095238
Pima,50,3019,0.7612903225806451,0.6262626262626263,0.8367269984917044,0.7221907993966817
Pima,50,3020,0.7548387096774194,0.6415094339622641,0.8178101670814077,0.7209384998222538
Pima,50,3021,0.7419354838709677,0.6,0.816840926064227,0.7010828976848393
Pima,50,3022,0.7612903225806451,0.6021505376344086,0.8302837938760269,0.7061239731142643
Pima,50,3023,0.7290322580645161,0.58,0.7866666666666666,0.69
Pima,50,3024,0.7290322580645161,0.58,0.8147153598281418,0.6829573934837092
Pima,50,3025,0.7612903225806451,0.5747126436781609,0.8175877520537714,0.6918409260642271
Pima,50,3026,0.7419354838709677,0.6,0.7689090909090909,0.6977272727272728
Pima,50,3027,0.7419354838709677,0.6153846153846153,0.7698412698412699,0.7049062049062049
Pima,50,3028,0.7419354838709677,0.6428571428571429,0.8236832926403906,0.7152947331705616
Pima,50,3029,0.7290322580645161,0.5434782608695652,0.811046511627907,0.6835548172757475
Pima,75,3000,0.7935483870967742,0.6799999999999999,0.8412518853695324,0.7612179487179487
Pima,75,3001,0.7354838709677419,0.6095238095238096,0.8137358757062146,0.6982697740112994
Pima,75,3002,0.7741935483870968,0.6534653465346535,0.8331499816648331,0.7362486248624862
Pima,75,3003,0.7806451612903226,0.6458333333333333,0.8323065075086639,0.7408548324990374
Pima,75,3004,0.7806451612903226,0.6530612244897959,0.8403679653679653,0.7352092352092352
Pima,75,3005,0.7741935483870968,0.7154471544715446,0.8369375653993721,0.7649110568538542
Pima,75,3006,0.7806451612903226,0.6530612244897959,0.827865761689291,0.7416101055806938
Pima,75,3007,0.7677419354838709,0.6249999999999999,0.8370052277819268,0.7205003734129947
Pima,75,3008,0.7161290322580646,0.5769230769230769,0.7852727272727272,0.6777272727272727
Pima,75,3009,0.7935483870967742,0.6666666666666666,0.8597925807738332,0.7652572796170722
Pima,75,3010,0.7870967741935484,0.6666666666666667,0.8247404224847834,0.7435553168635876
Pima,75,3011,0.7612903225806451,0.6407766990291262,0.7982456140350878,0.7231471535982814
Pima,75,3012,0.7870967741935484,0.611764705882353,0.8173758865248227,0.7210401891252955
Pima,75,3013,0.7806451612903226,0.6046511627906976,0.8344635021938572,0.7183885121659354
Pima,75,3014,0.7935483870967742,0.6279069767441859,0.8581055063534848,0.7283403927608779
Pima,75,3015,0.7548387096774194,0.6041666666666666,0.8284559106661532,0.7110127069695803
Pima,75,3016,0.7741935483870968,0.6728971962616823,0.8391779788838613,0.7567873303167421
Pima,75,3017,0.8451612903225807,0.7446808510638298,0.9026792750197006,0.8167848699763594
Pima,75,3018,0.7677419354838709,0.5909090909090909,0.8167619047619048,0.7028571428571428
Pima,75,3019,0.8,0.6868686868686869,0.8493589743589743,0.766025641025641
Pima,75,3020,0.7548387096774194,0.6481481481481481,0.8176324209029506,0.7244045503021685
Pima,75,3021,0.7677419354838709,0.6470588235294118,0.8250560119492159,0.7347834204630321
Pima,75,3022,0.7741935483870968,0.6391752577319588,0.8422330097087378,0.7301157580283794
Pima,75,3023,0.7225806451612903,0.5742574257425743,0.7975238095238095,0.6852380952380952
Pima,75,3024,0.7677419354838709,0.6666666666666667,0.8249194414607949,0.7392588614393125
Pima,75,3025,0.7677419354838709,0.5813953488372092,0.8254294249439881,0.6966952949962659
Pima,75,3026,0.7290322580645161,0.58,0.77,0.6836363636363636
Pima,75,3027,0.7483870967741936,0.6285714285714286,0.7794011544011544,0.7138347763347763
Pima,75,3028,0.7806451612903226,0.7166666666666666,0.8351935821416114,0.7673526334147192
Pima,75,3029,0.7354838709677419,0.5494505494505495,0.8226744186046512,0.6880191029900332
Pima,100,3000,0.7935483870967742,0.673469387755102,0.84973604826546,0.7562217194570136
Pima,100,3001,0.7354838709677419,0.6095238095238096,0.8144420903954802,0.6982697740112994
Pima,100,3002,0.8,0.6930693069306931,0.8355335533553355,0.7646681334800147
Pima,100,3003,0.7741935483870968,0.631578947368421,0.8359645745090489,0.7306507508663843
Pima,100,3004,0.7806451612903226,0.6530612244897959,0.8396464646464646,0.7352092352092352
Pima,100,3005,0.7677419354838709,0.7049180327868853,0.8367631670735961,0.7567143355423788
Pima,100,3006,0.8,0.6804123711340206,0.8369155354449472,0.7610294117647058
Pima,100,3007,0.7806451612903226,0.6530612244897959,0.8482076176250933,0.739731142643764
Pima,100,3008,0.7225806451612903,0.5825242718446602,0.7867272727272727,0.6827272727272726
Pima,100,3009,0.8,0.6804123711340206,0.8568009573195053,0.7761268448344635
Pima,100,3010,0.7741935483870968,0.6464646464646465,0.8360186179735052,0.7296813462226996
Pima,100,3011,0.7806451612903226,0.6666666666666666,0.801109917651271,0.7421231650554958
Pima,100,3012,0.7806451612903226,0.6046511627906976,0.8219070133963751,0.7164105594956659
Pima,100,3013,0.8064516129032258,0.6590909090909092,0.8412445153570004,0.7555843637814121
Pima,100,3014,0.8,0.6516853932584269,0.8586830958798614,0.7440315748941086
Pima,100,3015,0.7741935483870968,0.631578947368421,0.826915671929149,0.7306507508663843
Pima,100,3016,0.7741935483870968,0.6728971962616823,0.8399321266968326,0.7567873303167421
Pima,100,3017,0.8387096774193549,0.7311827956989247,0.8975571315996848,0.8061465721040189
Pima,100,3018,0.7741935483870968,0.6067415730337079,0.8276190476190476,0.7128571428571429
Pima,100,3019,0.8,0.6868686868686869,0.8523755656108597,0.766025641025641
Pima,100,3020,0.7548387096774194,0.6415094339622641,0.8146107358691788,0.7209384998222538
Pima,100,3021,0.7419354838709677,0.607843137254902,0.8282300224047797,0.7058439133681852
Pima,100,3022,0.7741935483870968,0.6391752577319588,0.8455937266616879,0.7301157580283794
Pima,100,3023,0.7483870967741936,0.5979381443298969,0.7996190476190477,0.7042857142857143
Pima,100,3024,0.7677419354838709,0.6603773584905661,0.8270676691729323,0.7355889724310777
Pima,100,3025,0.7677419354838709,0.5909090909090908,0.8259895444361464,0.7014563106796117
Pima,100,3026,0.7225806451612903,0.5567010309278351,0.7725454545454545,0.6704545454545454
Pima,100,3027,0.7548387096774194,0.6346153846153846,0.7853535353535354,0.7188852813852814
Pima,100,3028,0.7677419354838709,0.689655172413793,0.8362399720962679,0.7480816184164631
Pima,100,3029,0.7612903225806451,0.5934065934065934,0.8313953488372093,0.720203488372093
Pima,150,3000,0.7935483870967742,0.6799999999999999,0.8501131221719457,0.7612179487179487
Pima,150,3001,0.7225806451612903,0.5904761904761905,0.813382768361582,0.6845868644067796
Pima,150,3002,0.7806451612903226,0.6530612244897959,0.8322332233223322,0.7368903557022368
Pima,150,3003,0.7806451612903226,0.6458333333333333,0.8355795148247979,0.7408548324990374
Pima,150,3004,0.7806451612903226,0.6599999999999999,0.8405483405483406,0.7390873015873016
Pima,150,3005,0.7677419354838709,0.7,0.8360655737704918,0.7538367631670736
Pima,150,3006,0.8193548387096774,0.7200000000000001,0.8408748114630468,0.7904411764705883
Pima,150,3007,0.7741935483870968,0.6464646464646464,0.8525018670649739,0.7348767737117252
Pima,150,3008,0.7225806451612903,0.5742574257425742,0.7865454545454545,0.6786363636363636
Pima,150,3009,0.7935483870967742,0.6734693877551019,0.8534104507379338,0.7715396888711608
Pima,150,3010,0.7935483870967742,0.6799999999999999,0.8404940923737916,0.752327246688149
Pima,150,3011,0.7806451612903226,0.673076923076923,0.8048693161475117,0.7457930540637308
Pima,150,3012,0.7935483870967742,0.6190476190476191,0.8230890464933018,0.7256698187549251
Pima,150,3013,0.8129032258064516,0.6741573033707865,0.8436378141204627,0.7664539289988034
Pima,150,3014,0.8129032258064516,0.6881720430107526,0.8606083943011167,0.7699268386599922
Pima,150,3015,0.7677419354838709,0.625,0.8267231420870235,0.7259337697343089
Pima,150,3016,0.7741935483870968,0.6728971962616823,0.8403092006033183,0.7567873303167421
Pima,150,3017,0.8193548387096774,0.7083333333333333,0.8922379826635146,0.79225768321513
Pima,150,3018,0.7741935483870968,0.6067415730337079,0.8314285714285714,0.7128571428571429
Pima,150,3019,0.8064516129032258,0.6938775510204082,0.8546380090497737,0.7708333333333333
Pima,150,3020,0.7548387096774194,0.6415094339622641,0.8124777817276928,0.7209384998222538
Pima,150,3021,0.7483870967741936,0.6138613861386137,0.828603435399552,0.710698282300224
Pima,150,3022,0.7806451612903226,0.6458333333333334,0.8474607916355489,0.7349701269604182
Pima,150,3023,0.7419354838709677,0.574468085106383,0.7996190476190477,0.6890476190476191
Pima,150,3024,0.7677419354838709,0.6603773584905661,0.8231292517006803,0.7355889724310777
Pima,150,3025,0.7612903225806451,0.5747126436781609,0.8261762509335325,0.6918409260642271
Pima,150,3026,0.7161290322580646,0.5416666666666666,0.7734545454545455,0.6613636363636364
Pima,150,3027,0.7483870967741936,0.6213592233009708,0.7876984126984127,0.7099567099567099
Pima,150,3028,0.7612903225806451,0.6782608695652174,0.8378095570282525,0.7398848971049878
Pima,150,3029,0.7677419354838709,0.6086956521739131,0.8384551495016611,0.7318313953488372
Pima,200,3000,0.8,0.693069306930693,0.8512443438914027,0.7710218702865761
Pima,200,3001,0.7225806451612903,0.5904761904761905,0.811087570621469,0.6845868644067796
Pima,200,3002,0.7935483870967742,0.6666666666666666,0.8327832783278328,0.7467913458012467
Pima,200,3003,0.7806451612903226,0.6458333333333333,0.8359645745090489,0.7408548324990374
Pima,200,3004,0.7806451612903226,0.6599999999999999,0.8403679653679653,0.7390873015873016
Pima,200,3005,0.7677419354838709,0.6949152542372881,0.8365887687478201,0.7509591907917683
Pima,200,3006,0.8193548387096774,0.7200000000000001,0.8397435897435898,0.7904411764705883
Pima,200,3007,0.7677419354838709,0.6326530612244897,0.8541822255414488,0.7252613890963405
Pima,200,3008,0.7225806451612903,0.5656565656565656,0.7856363636363637,0.6745454545454546
Pima,200,3009,0.7935483870967742,0.6734693877551019,0.8524132429198245,0.7715396888711608
Pima,200,3010,0.7935483870967742,0.6799999999999999,0.8426423200859291,0.752327246688149
Pima,200,3011,0.7741935483870968,0.6666666666666667,0.8030791263873971,0.7406910132474043
Pima,200,3012,0.7870967741935484,0.6024096385542169,0.8238770685579196,0.7150315208825847
Pima,200,3013,0.8129032258064516,0.6741573033707865,0.8464299960111688,0.7664539289988034
Pima,200,3014,0.8064516129032258,0.6739130434782609,0.8604158644589911,0.7597227570273393
Pima,200,3015,0.7677419354838709,0.625,0.8263380824027724,0.7259337697343089
Pima,200,3016,0.7741935483870968,0.6728971962616823,0.8408748114630468,0.7567873303167421
Pima,200,3017,0.8193548387096774,0.7083333333333333,0.8914499605988968,0.79225768321513
Pima,200,3018,0.7677419354838709,0.6000000000000001,0.8312380952380952,0.7080952380952381
Pima,200,3019,0.8064516129032258,0.6938775510204082,0.8555806938159879,0.7708333333333333
Pima,200,3020,0.7483870967741936,0.6355140186915887,0.8131887664415215,0.7157838606469961
Pima,200,3021,0.7483870967741936,0.6138613861386137,0.8295369678864825,0.710698282300224
Pima,200,3022,0.7806451612903226,0.6458333333333334,0.8482076176250933,0.7349701269604182
Pima,200,3023,0.7483870967741936,0.5806451612903226,0.8007619047619048,0.6938095238095239
Pima,200,3024,0.7741935483870968,0.6728971962616822,0.8216970998925887,0.744360902255639
Pima,200,3025,0.7612903225806451,0.5747126436781609,0.8263629574309186,0.6918409260642271
Pima,200,3026,0.7032258064516129,0.5208333333333334,0.774,0.6472727272727272
Pima,200,3027,0.7483870967741936,0.6285714285714286,0.7862554112554112,0.7138347763347763
Pima,200,3028,0.7677419354838709,0.6842105263157895,0.8378095570282525,0.745204046041158
Pima,200,3029,0.7806451612903226,0.6222222222222222,0.8411544850498339,0.7407599667774087
Pima,300,3000,0.7935483870967742,0.6862745098039216,0.8491704374057315,0.7662141779788838
Pima,300,3001,0.7161290322580646,0.576923076923077,0.806497175141243,0.6761122881355932
Pima,300,3002,0.7935483870967742,0.6666666666666666,0.8357169050238357,0.7467913458012467
Pima,300,3003,0.7741935483870968,0.6391752577319587,0.8373122834039276,0.7361378513669619
Pima,300,3004,0.7741935483870968,0.6464646464646464,0.8403679653679653,0.7301587301587301
Pima,300,3005,0.7677419354838709,0.6949152542372881,0.8371119637251483,0.7509591907917683
Pima,300,3006,0.8193548387096774,0.7200000000000001,0.8421945701357466,0.7904411764705883
Pima,300,3007,0.7741935483870968,0.6391752577319588,0.856235997012696,0.7301157580283794
Pima,300,3008,0.7225806451612903,0.5656565656565656,0.7883636363636364,0.6745454545454546
Pima,300,3009,0.7935483870967742,0.6734693877551019,0.8544076585560431,0.7715396888711608
Pima,300,3010,0.7935483870967742,0.6799999999999999,0.8428213390619406,0.752327246688149
Pima,300,3011,0.7806451612903226,0.6792452830188679,0.8039742212674543,0.7494629430719656
Pima,300,3012,0.7870967741935484,0.6024096385542169,0.8260441292356187,0.7150315208825847
Pima,300,3013,0.8,0.651685393258427,0.8498205025927403,0.7509972078181093
Pima,300,3014,0.8064516129032258,0.6739130434782609,0.8584905660377359,0.7597227570273393
Pima,300,3015,0.7612903225806451,0.6185567010309279,0.8288409703504043,0.7212167886022334
Pima,300,3016,0.7806451612903226,0.679245283018868,0.8393665158371041,0.7615950226244343
Pima,300,3017,0.8193548387096774,0.7083333333333333,0.8890858944050434,0.79225768321513
Pima,300,3018,0.7677419354838709,0.6000000000000001,0.8318095238095238,0.7080952380952381
Pima,300,3019,0.8064516129032258,0.6938775510204082,0.8540723981900452,0.7708333333333333
Pima,300,3020,0.7612903225806451,0.6605504587155964,0.8131887664415215,0.7330252399573409
Pima,300,3021,0.7612903225806451,0.6407766990291263,0.8293502613890963,0.7299290515309933
Pima,300,3022,0.7806451612903226,0.6458333333333334,0.8489544436146378,0.7349701269604182
Pima,300,3023,0.7612903225806451,0.5934065934065934,0.8034285714285714,0.7033333333333334
Pima,300,3024,0.7677419354838709,0.6666666666666667,0.8211600429645542,0.7392588614393125
Pima,300,3025,0.7483870967741936,0.5517241379310346,0.8231889469753547,0.6773711725168037
Pima,300,3026,0.7096774193548387,0.5054945054945054,0.774,0.644090909090909
Pima,300,3027,0.7483870967741936,0.6285714285714286,0.7808441558441559,0.7138347763347763
Pima,300,3028,0.7741935483870968,0.6902654867256638,0.8381583536798046,0.7505231949773282
Pima,300,3029,0.7806451612903226,0.6222222222222222,0.8411544850498339,0.7407599667774087
WDBC,0,3000,0.21739130434782608,0.23728813559322035,0.14894278606965175,0.2279228855721393
WDBC,0,3001,0.11304347826086956,0.1774193548387097,0.056049213943950786,0.15772385509227616
WDBC,0,3002,0.40869565217391307,0.42372881355932207,0.43,0.45916666666666667
WDBC,0,3003,0.4434782608695652,0.4920634920634921,0.5083226632522407,0.49311779769526254
WDBC,0,3004,0.6,0.5576923076923076,0.6356666666666667,0.6291666666666667
WDBC,0,3005,0.5217391304347826,0.5985401459854015,0.7199103713188221,0.5997119078104993
WDBC,0,3006,0.782608695652174,0.7967479674796749,0.8764420157862781,0.7897692774741956
WDBC,0,3007,0.8173913043478261,0.7586206896551724,0.9203778677462888,0.8243927125506073
WDBC,0,3008,0.3565217391304348,0.19565217391304346,0.19046094750320103,0.3276248399487836
WDBC,0,3009,0.3565217391304348,0.13953488372093023,0.24378109452736318,0.32369402985074625
WDBC,0,3010,0.4782608695652174,0.25,0.4142125480153649,0.4305377720870679
WDBC,0,3011,0.4782608695652174,0.589041095890411,0.5177045177045178,0.5086996336996337
WDBC,0,3012,0.7304347826086957,0.6736842105263158,0.8187803187803188,0.7657657657657657
WDBC,0,3013,0.7652173913043478,0.7476635514018692,0.8895238095238095,0.7873015873015873
WDBC,0,3014,0.3130434782608696,0.39694656488549623,0.3104005167958656,0.37177002583979324
WDBC,0,3015,0.48695652173913045,0.6143790849673203,0.28646153846153843,0.5392307692307692
WDBC,0,3016,0.6260869565217392,0.6055045871559633,0.7000640204865557,0.6496478873239437
WDBC,0,3017,0.22608695652173913,0.2393162393162393,0.1406926406926407,0.23376623376623376
WDBC,0,3018,0.3217391304347826,0.07142857142857142,0.13501291989664083,0.27099483204134367
WDBC,0,3019,0.5826086956521739,0.4893617021276596,0.6895424836601307,0.609840232389252
WDBC,0,3020,0.6,0.46511627906976744,0.6175173282923756,0.572463768115942
WDBC,0,3021,0.48695652173913045,0.2716049382716049,0.2879973907371168,0.4391715590345727
WDBC,0,3022,0.6782608695652174,0.6336633663366337,0.7730364873222016,0.6750154607297465
WDBC,0,3023,0.5739130434782609,0.5242718446601942,0.6348560700876095,0.5739987484355444
WDBC,0,3024,0.24347826086956523,0.35555555555555557,0.19527363184079602,0.2798507462686567
WDBC,0,3025,0.6521739130434783,0.574468085106383,0.6624917600527357,0.6535926170072512
WDBC,0,3026,0.14782608695652175,0.2096774193548387,0.09784735812133072,0.18215916503587737
WDBC,0,3027,0.2956521739130435,0.40875912408759124,0.2391304347826087,0.34782608695652173
WDBC,0,3028,0.5565217391304348,0.28169014084507044,0.5127487562189055,0.5071517412935324
WDBC,0,3029,0.6608695652173913,0.6355140186915887,0.6943919344675489,0.6739130434782609
WDBC,1,3000,0.22608695652173913,0.25210084033613445,0.1654228855721393,0.23833955223880599
WDBC,1,3001,0.11304347826086956,0.1774193548387097,0.059125085440874914,0.15772385509227616
WDBC,1,3002,0.40869565217391307,0.41379310344827586,0.4483333333333333,0.4533333333333333
WDBC,1,3003,0.48695652173913045,0.5123966942148761,0.5476952624839949,0.5283290653008963
WDBC,1,3004,0.6173913043478261,0.5686274509803921,0.6773333333333333,0.6425000000000001
WDBC,1,3005,0.5217391304347826,0.5985401459854015,0.7311139564660691,0.5997119078104993
WDBC,1,3006,0.8,0.8130081300813008,0.9022465088038859,0.8072252580449302
WDBC,1,3007,0.8173913043478261,0.7586206896551724,0.9230769230769231,0.8243927125506073
WDBC,1,3008,0.3652173913043478,0.19780219780219782,0.2090268886043534,0.33466709346991036
WDBC,1,3009,0.3739130434782609,0.1818181818181818,0.25777363184079605,0.34452736318407956
WDBC,1,3010,0.5304347826086957,0.2894736842105263,0.4500640204865557,0.477112676056338
WDBC,1,3011,0.5130434782608696,0.6111111111111112,0.550976800976801,0.5421245421245421
WDBC,1,3012,0.7565217391304347,0.6956521739130435,0.8357588357588358,0.7849965349965351
WDBC,1,3013,0.7652173913043478,0.7476635514018692,0.8946031746031746,0.7873015873015873
WDBC,1,3014,0.3391304347826087,0.40625,0.34916020671834624,0.3926033591731266
WDBC,1,3015,0.48695652173913045,0.6143790849673203,0.31261538461538463,0.5392307692307692
WDBC,1,3016,0.6347826086956522,0.6181818181818182,0.721830985915493,0.66101152368758
WDBC,1,3017,0.22608695652173913,0.2393162393162393,0.15367965367965367,0.23376623376623376
WDBC,1,3018,0.3130434782608696,0.048192771084337345,0.1524547803617571,0.25936692506459946
WDBC,1,3019,0.6260869565217392,0.5274725274725274,0.714960058097313,0.6492374727668846
WDBC,1,3020,0.6086956521739131,0.47058823529411764,0.6370510396975425,0.5797101449275363
WDBC,1,3021,0.4956521739130435,0.2750000000000001,0.3062622309197652,0.4460208741030659
WDBC,1,3022,0.7043478260869566,0.66,0.7965367965367965,0.7003710575139146
WDBC,1,3023,0.591304347826087,0.5346534653465347,0.6526908635794744,0.5887046307884856
WDBC,1,3024,0.2608695652173913,0.3609022556390977,0.21641791044776118,0.2947761194029851
WDBC,1,3025,0.6608695652173913,0.5806451612903226,0.6806196440342782,0.6603493737640079
WDBC,1,3026,0.16521739130434782,0.21311475409836067,0.1086105675146771,0.19585779517286367
WDBC,1,3027,0.3217391304347826,0.4428571428571428,0.25173282923755513,0.3804347826086957
WDBC,1,3028,0.5565217391304348,0.28169014084507044,0.5618781094527363,0.5071517412935324
WDBC,1,3029,0.6782608695652174,0.6542056074766355,0.7142407057340895,0.6920289855072463
WDBC,2,3000,0.2782608695652174,0.3025210084033613,0.19309701492537312,0.2919776119402985
WDBC,2,3001,0.13043478260869565,0.20634920634920637,0.06801093643198906,0.18403964456596036
WDBC,2,3002,0.4260869565217391,0.4310344827586207,0.4816666666666667,0.47250000000000003
WDBC,2,3003,0.5217391304347826,0.5217391304347826,0.6209987195902689,0.5521766965428937
WDBC,2,3004,0.6782608695652174,0.6407766990291262,0.7503333333333333,0.7124999999999999
WDBC,2,3005,0.5217391304347826,0.5925925925925926,0.7544814340588989,0.5953905249679897
WDBC,2,3006,0.8521739130434782,0.857142857142857,0.9319975713418336,0.8574681238615665
WDBC,2,3007,0.8434782608695652,0.7857142857142856,0.9311740890688259,0.8441295546558705
WDBC,2,3008,0.391304347826087,0.22222222222222224,0.26376440460947503,0.36011523687580027
WDBC,2,3009,0.391304347826087,0.186046511627907,0.285136815920398,0.35945273631840796
WDBC,2,3010,0.5739130434782609,0.32876712328767127,0.5348911651728553,0.5166453265044815
WDBC,2,3011,0.5391304347826087,0.6344827586206896,0.6144688644688645,0.5692918192918193
WDBC,2,3012,0.7739130434782608,0.7111111111111112,0.8672903672903672,0.7978170478170479
WDBC,2,3013,0.782608695652174,0.761904761904762,0.9034920634920635,0.8015873015873016
WDBC,2,3014,0.3739130434782609,0.4461538461538461,0.4198966408268734,0.4344315245478036
WDBC,2,3015,0.4782608695652174,0.6052631578947368,0.36338461538461536,0.5292307692307693
WDBC,2,3016,0.6695652173913044,0.6607142857142857,0.7557618437900128,0.7021446862996159
WDBC,2,3017,0.2608695652173913,0.2857142857142857,0.1774891774891775,0.2719542362399505
WDBC,2,3018,0.3739130434782609,0.052631578947368425,0.1902454780361757,0.30797803617571057
WDBC,2,3019,0.6695652173913044,0.5777777777777777,0.7592592592592593,0.6971677559912854
WDBC,2,3020,0.6608695652173913,0.5301204819277109,0.6695022054190296,0.6304347826086957
WDBC,2,3021,0.5478260869565217,0.2972972972972973,0.3604044357469015,0.48711676451402475
WDBC,2,3022,0.7478260869565218,0.7070707070707072,0.8317872603586889,0.7435064935064934
WDBC,2,3023,0.6086956521739131,0.5454545454545454,0.6864831038798498,0.6034105131414268
WDBC,2,3024,0.2782608695652174,0.38518518518518524,0.2574626865671642,0.3156094527363184
WDBC,2,3025,0.7043478260869566,0.6222222222222223,0.7076466710613052,0.6995715227422545
WDBC,2,3026,0.1826086956521739,0.21666666666666667,0.1333985649054142,0.20955642530984997
WDBC,2,3027,0.3739130434782609,0.5068493150684931,0.2892249527410208,0.44565217391304346
WDBC,2,3028,0.5739130434782609,0.3098591549295775,0.6430348258706468,0.5250310945273632
WDBC,2,3029,0.7043478260869566,0.6792452830188679,0.7432262129804663,0.7173913043478262
WDBC,5,3000,0.5391304347826087,0.5470085470085471,0.5534825870646766,0.5572139303482587
WDBC,5,3001,0.20869565217391303,0.3357664233576642,0.17156527682843473,0.3091250854408749
WDBC,5,3002,0.5652173913043478,0.5454545454545454,0.6543333333333333,0.6083333333333334
WDBC,5,3003,0.7652173913043478,0.6966292134831461,0.8178617157490397,0.7536811779769527
WDBC,5,3004,0.8347826086956521,0.7816091954022989,0.9316666666666666,0.8383333333333334
WDBC,5,3005,0.6,0.6349206349206349,0.8332266325224071,0.6587708066581306
WDBC,5,3006,0.9304347826086956,0.9285714285714286,0.9726775956284153,0.932301153612629
WDBC,5,3007,0.8956521739130435,0.8536585365853658,0.9612010796221323,0.8960863697705803
WDBC,5,3008,0.5826086956521739,0.39999999999999997,0.6216389244558259,0.5409731113956466
WDBC,5,3009,0.5478260869565217,0.35000000000000003,0.4673507462686567,0.5115049751243781
WDBC,5,3010,0.7652173913043478,0.6301369863013699,0.8556338028169014,0.7191101152368757
WDBC,5,3011,0.6695652173913044,0.703125,0.8195970695970696,0.6866605616605617
WDBC,5,3012,0.8869565217391304,0.8354430379746834,0.9393624393624393,0.8882536382536382
WDBC,5,3013,0.8521739130434782,0.8247422680412372,0.9266666666666666,0.8587301587301588
WDBC,5,3014,0.6260869565217392,0.6260869565217391,0.7399870801033591,0.6686046511627908
WDBC,5,3015,0.5478260869565217,0.6388888888888888,0.7387692307692307,0.5907692307692308
WDBC,5,3016,0.7739130434782608,0.75,0.8834827144686299,0.7952944942381561
WDBC,5,3017,0.4608695652173913,0.5303030303030303,0.3803339517625232,0.4935064935064935
WDBC,5,3018,0.6260869565217392,0.31746031746031744,0.5988372093023255,0.5468346253229974
WDBC,5,3019,0.8260869565217391,0.7297297297297296,0.9005083514887436,0.8168119099491649
WDBC,5,3020,0.7391304347826086,0.605263157894737,0.7977315689981096,0.6992753623188406
WDBC,5,3021,0.7043478260869566,0.4848484848484849,0.7354859752120027,0.6356816699282453
WDBC,5,3022,0.8521739130434782,0.8210526315789473,0.930117501546073,0.8449288806431663
WDBC,5,3023,0.7391304347826086,0.6875000000000001,0.8222778473091364,0.7334167709637046
WDBC,5,3024,0.5043478260869565,0.5581395348837209,0.6032338308457711,0.539179104477612
WDBC,5,3025,0.7739130434782608,0.717391304347826,0.8075148319050758,0.7808174027686223
WDBC,5,3026,0.3565217391304348,0.3728813559322034,0.3675799086757991,0.3920417482061318
WDBC,5,3027,0.5217391304347826,0.6153846153846154,0.8008821676118463,0.5942028985507246
WDBC,5,3028,0.7739130434782608,0.675,0.8743781094527363,0.7439365671641791
WDBC,5,3029,0.7739130434782608,0.7346938775510203,0.8311279143037177,0.7753623188405797
WDBC,10,3000,0.8173913043478261,0.7961165048543689,0.9191542288557214,0.8226057213930348
WDBC,10,3001,0.8,0.7578947368421052,0.9593301435406698,0.8373205741626795
WDBC,10,3002,0.8173913043478261,0.7586206896551724,0.883,0.8191666666666666
WDBC,10,3003,0.8695652173913043,0.8148148148148148,0.9427016645326505,0.846830985915493
WDBC,10,3004,0.9130434782608695,0.875,0.9843333333333333,0.9041666666666667
WDBC,10,3005,0.8260869565217391,0.803921568627451,0.9241357234314981,0.846190781049936
WDBC,10,3006,0.9391304347826087,0.9357798165137615,0.9820886460230722,0.9394353369763206
WDBC,10,3007,0.9217391304347826,0.888888888888889,0.983468286099865,0.9220647773279352
WDBC,10,3008,0.8173913043478261,0.7640449438202247,0.9068501920614597,0.808898847631242
WDBC,10,3009,0.7739130434782608,0.675,0.8526119402985075,0.7439365671641791
WDBC,10,3010,0.8869565217391304,0.8505747126436781,0.9519846350832266,0.8782010243277849
WDBC,10,3011,0.8434782608695652,0.8392857142857143,0.9346764346764347,0.8487484737484737
WDBC,10,3012,0.9304347826086956,0.8918918918918919,0.9857934857934858,0.9203049203049203
WDBC,10,3013,0.9043478260869565,0.8764044943820225,0.9628571428571429,0.8976190476190476
WDBC,10,3014,0.8782608695652174,0.8541666666666667,0.9444444444444444,0.8934108527131783
WDBC,10,3015,0.8782608695652174,0.8703703703703703,0.956,0.8853846153846154
WDBC,10,3016,0.8956521739130435,0.8666666666666666,0.9635083226632523,0.8938860435339309
WDBC,10,3017,0.8956521739130435,0.8775510204081631,0.9669140383426098,0.8933209647495362
WDBC,10,3018,0.9304347826086956,0.9,0.9828811369509044,0.9116602067183464
WDBC,10,3019,0.8869565217391304,0.8266666666666665,0.9724037763253449,0.8941539578794481
WDBC,10,3020,0.808695652173913,0.7317073170731708,0.9253308128544423,0.7826086956521738
WDBC,10,3021,0.8695652173913043,0.8148148148148148,0.9465101108936725,0.851761252446184
WDBC,10,3022,0.9391304347826087,0.9263157894736843,0.9802102659245516,0.9338280766852196
WDBC,10,3023,0.8869565217391304,0.8602150537634409,0.9571339173967459,0.8814142678347935
WDBC,10,3024,0.8956521739130435,0.8799999999999999,0.9601990049751243,0.8986318407960199
WDBC,10,3025,0.8521739130434782,0.7999999999999999,0.9067237969676994,0.8470665787738958
WDBC,10,3026,0.8608695652173913,0.8181818181818182,0.9331376386170906,0.860078277886497
WDBC,10,3027,0.9130434782608695,0.888888888888889,0.9757403906742281,0.9057971014492754
WDBC,10,3028,0.9304347826086956,0.9148936170212766,0.9723258706467661,0.9255286069651741
WDBC,10,3029,0.8347826086956521,0.8041237113402062,0.9120982986767486,0.8369565217391304
WDBC,20,3000,0.9130434782608695,0.8958333333333334,0.9692164179104478,0.9106032338308458
WDBC,20,3001,0.9391304347826087,0.9113924050632912,0.9883800410116199,0.9412166780587833
WDBC,20,3002,0.8956521739130435,0.8461538461538461,0.9636666666666667,0.8791666666666667
WDBC,20,3003,0.9130434782608695,0.8717948717948718,0.9721510883482715,0.8863636363636364
WDBC,20,3004,0.9304347826086956,0.8947368421052632,0.9903333333333333,0.9116666666666666
WDBC,20,3005,0.9304347826086956,0.9090909090909091,0.9689500640204866,0.9263764404609475
WDBC,20,3006,0.9478260869565217,0.9411764705882353,0.9878567091681846,0.9444444444444444
WDBC,20,3007,0.9565217391304348,0.9367088607594937,0.9892037786774629,0.9546221322537112
WDBC,20,3008,0.9130434782608695,0.8863636363636365,0.9683098591549296,0.9079705505761844
WDBC,20,3009,0.8782608695652174,0.8444444444444444,0.9574004975124378,0.8659825870646767
WDBC,20,3010,0.9304347826086956,0.9090909090909091,0.9644686299615877,0.9263764404609475
WDBC,20,3011,0.8869565217391304,0.8785046728971962,0.9664224664224664,0.8884310134310134
WDBC,20,3012,0.9652173913043478,0.9459459459459459,0.9951489951489951,0.9601524601524601
WDBC,20,3013,0.9130434782608695,0.8863636363636364,0.9825396825396825,0.9047619047619048
WDBC,20,3014,0.9391304347826087,0.9213483146067417,0.9880490956072352,0.9420219638242895
WDBC,20,3015,0.9391304347826087,0.9292929292929293,0.972,0.936923076923077
WDBC,20,3016,0.9565217391304348,0.9397590361445783,0.9887964148527529,0.9431818181818181
WDBC,20,3017,0.9565217391304348,0.9473684210526316,0.9857761286332715,0.9516079158936301
WDBC,20,3018,0.9739130434782609,0.9647058823529412,0.9916020671834626,0.9697997416020672
WDBC,20,3019,0.9217391304347826,0.8732394366197184,0.9847494553376906,0.9188453159041394
WDBC,20,3020,0.9043478260869565,0.8764044943820224,0.962822936357908,0.894927536231884
WDBC,20,3021,0.8956521739130435,0.8604651162790699,0.9719504240052185,0.8925309849967384
WDBC,20,3022,0.9565217391304348,0.9473684210526316,0.9913419913419913,0.9516079158936301
WDBC,20,3023,0.9391304347826087,0.9278350515463918,0.9937421777221527,0.9419586983729662
WDBC,20,3024,0.9217391304347826,0.9010989010989011,0.9912935323383084,0.912157960199005
WDBC,20,3025,0.8956521739130435,0.8571428571428572,0.9561634805537245,0.8917270929466051
WDBC,20,3026,0.9217391304347826,0.8915662650602411,0.9797782126549249,0.9130789302022179
WDBC,20,3027,0.9217391304347826,0.8941176470588235,0.9836168872085697,0.9057971014492754
WDBC,20,3028,0.9565217391304348,0.946236559139785,0.9944029850746269,0.9508706467661692
WDBC,20,3029,0.8869565217391304,0.8602150537634409,0.9540012602394455,0.8840579710144927
WDBC,30,3000,0.9304347826086956,0.9148936170212766,0.9813432835820896,0.9255286069651741
WDBC,30,3001,0.9304347826086956,0.8947368421052632,0.9897470950102529,0.9213943950786057
WDBC,30,3002,0.9130434782608695,0.8717948717948718,0.9763333333333334,0.8983333333333333
WDBC,30,3003,0.9217391304347826,0.8860759493670886,0.9785531370038413,0.8977272727272727
WDBC,30,3004,0.9304347826086956,0.8918918918918919,0.994,0.9058333333333333
WDBC,30,3005,0.9652173913043478,0.9523809523809523,0.9775928297055058,0.9545454545454546
WDBC,30,3006,0.9565217391304348,0.9514563106796117,0.98816029143898,0.9537037037037037
WDBC,30,3007,0.9565217391304348,0.9367088607594937,0.9912280701754386,0.9546221322537112
WDBC,30,3008,0.9304347826086956,0.9090909090909091,0.9833546734955185,0.9263764404609475
WDBC,30,3009,0.9043478260869565,0.8817204301075269,0.970771144278607,0.8972325870646767
WDBC,30,3010,0.9478260869565217,0.9302325581395349,0.9676696542893726,0.9404609475032011
WDBC,30,3011,0.8956521739130435,0.8846153846153846,0.9764957264957265,0.8946886446886446
WDBC,30,3012,0.9652173913043478,0.9459459459459459,0.9954954954954955,0.9601524601524601
WDBC,30,3013,0.9391304347826087,0.9176470588235294,0.9923809523809524,0.9261904761904762
WDBC,30,3014,0.9739130434782609,0.9647058823529412,0.9951550387596899,0.9697997416020672
WDBC,30,3015,0.9391304347826087,0.9292929292929293,0.9775384615384616,0.936923076923077
WDBC,30,3016,0.9652173913043478,0.9523809523809523,0.9942381562099872,0.9545454545454546
WDBC,30,3017,0.9652173913043478,0.9583333333333333,0.9873222016079158,0.9618119975262833
WDBC,30,3018,0.9652173913043478,0.9534883720930233,0.9941860465116279,0.9628552971576227
WDBC,30,3019,0.9304347826086956,0.8888888888888888,0.9887436456063907,0.9335511982570806
WDBC,30,3020,0.9130434782608695,0.888888888888889,0.9738500315059861,0.9057971014492754
WDBC,30,3021,0.9130434782608695,0.8837209302325582,0.9778212654924984,0.9112850619699935
WDBC,30,3022,0.9565217391304348,0.9473684210526316,0.9935064935064936,0.9516079158936301
WDBC,30,3023,0.9652173913043478,0.9583333333333333,0.9968710888610763,0.9673028785982478
WDBC,30,3024,0.9739130434782609,0.967741935483871,0.9993781094527363,0.96875
WDBC,30,3025,0.9217391304347826,0.8941176470588236,0.9752801582069874,0.922874093605801
WDBC,30,3026,0.9478260869565217,0.9285714285714286,0.9892367906066536,0.9437377690802349
WDBC,30,3027,0.9304347826086956,0.9069767441860466,0.9933837429111532,0.9166666666666667
WDBC,30,3028,0.9739130434782609,0.968421052631579,0.996268656716418,0.9717039800995024
WDBC,30,3029,0.9130434782608695,0.8913043478260869,0.9672337744171392,0.9094202898550725
WDBC,50,3000,0.9304347826086956,0.9130434782608695,0.9869402985074627,0.9225746268656716
WDBC,50,3001,0.9478260869565217,0.918918918918919,0.992822966507177,0.9343814080656185
WDBC,50,3002,0.9565217391304348,0.935064935064935,0.9926666666666667,0.9433333333333334
WDBC,50,3003,0.9217391304347826,0.891566265060241,0.9814340588988476,0.9063700384122919
WDBC,50,3004,0.9565217391304348,0.935064935064935,0.9973333333333333,0.9433333333333334
WDBC,50,3005,0.9739130434782609,0.9647058823529412,0.9836747759282971,0.9659090909090908
WDBC,50,3006,0.9652173913043478,0.9615384615384615,0.9869459623557985,0.962962962962963
WDBC,50,3007,0.9565217391304348,0.935064935064935,0.99527665317139,0.9483805668016194
WDBC,50,3008,0.9652173913043478,0.9555555555555557,0.9913572343149808,0.9675096030729833
WDBC,50,3009,0.9391304347826087,0.924731182795699,0.9822761194029851,0.9329912935323383
WDBC,50,3010,0.9652173913043478,0.9534883720930233,0.9772727272727273,0.9588668373879641
WDBC,50,3011,0.9304347826086956,0.9215686274509804,0.9871794871794872,0.9281135531135531
WDBC,50,3012,0.9739130434782609,0.9589041095890412,0.9961884961884961,0.9665627165627166
WDBC,50,3013,0.9565217391304348,0.9411764705882353,0.9977777777777778,0.9444444444444444
WDBC,50,3014,0.9826086956521739,0.9767441860465116,0.9974160206718347,0.9814276485788114
WDBC,50,3015,0.9652173913043478,0.9583333333333334,0.9846153846153847,0.96
WDBC,50,3016,0.9739130434782609,0.9647058823529412,0.9964788732394366,0.9659090909090908
WDBC,50,3017,0.991304347826087,0.9896907216494846,0.9897959183673469,0.9897959183673469
WDBC,50,3018,0.9739130434782609,0.9647058823529412,0.9954780361757106,0.9697997416020672
WDBC,50,3019,0.9478260869565217,0.9142857142857143,0.9949164851125636,0.9458968772694263
WDBC,50,3020,0.9391304347826087,0.9213483146067417,0.9886578449905482,0.931159420289855
WDBC,50,3021,0.9304347826086956,0.9069767441860465,0.9843444227005871,0.9300391389432485
WDBC,50,3022,0.9565217391304348,0.9473684210526316,0.9962894248608535,0.9516079158936301
WDBC,50,3023,0.9739130434782609,0.968421052631579,0.9978097622027534,0.9746558197747184
WDBC,50,3024,0.9826086956521739,0.9787234042553191,1.0,0.9791666666666667
WDBC,50,3025,0.9478260869565217,0.9285714285714286,0.9924192485168095,0.948582729070534
WDBC,50,3026,0.9565217391304348,0.9397590361445782,0.9960861056751468,0.9505870841487281
WDBC,50,3027,0.9478260869565217,0.9318181818181818,0.9977945809703844,0.9384057971014492
WDBC,50,3028,0.9826086956521739,0.9791666666666666,0.9984452736318408,0.9821206467661692
WDBC,50,3029,0.9478260869565217,0.9333333333333332,0.979521109010712,0.9420289855072463
WDBC,75,3000,0.9478260869565217,0.9347826086956522,0.9900497512437811,0.9404539800995024
WDBC,75,3001,0.9478260869565217,0.918918918918919,0.9938482570061518,0.9343814080656185
WDBC,75,3002,0.9652173913043478,0.9500000000000001,0.9953333333333333,0.9616666666666667
WDBC,75,3003,0.9304347826086956,0.9047619047619048,0.9807938540332907,0.9177336747759284
WDBC,75,3004,0.9739130434782609,0.9620253164556962,0.9986666666666667,0.9683333333333333
WDBC,75,3005,0.9652173913043478,0.9534883720930233,0.9881562099871959,0.9588668373879641
WDBC,75,3006,0.9652173913043478,0.9615384615384615,0.986642380085003,0.962962962962963
WDBC,75,3007,0.9652173913043478,0.9487179487179487,0.9969635627530364,0.9612010796221322
WDBC,75,3008,0.9652173913043478,0.9555555555555557,0.9929577464788732,0.9675096030729833
WDBC,75,3009,0.9478260869565217,0.9347826086956522,0.9878731343283582,0.9404539800995024
WDBC,75,3010,0.9565217391304348,0.942528735632184,0.9782330345710627,0.9518245838668373
WDBC,75,3011,0.9478260869565217,0.9411764705882353,0.9917582417582418,0.9456654456654456
WDBC,75,3012,0.9826086956521739,0.9722222222222222,0.9968814968814969,0.972972972972973
WDBC,75,3013,0.9652173913043478,0.9534883720930233,0.9990476190476191,0.9555555555555555
WDBC,75,3014,0.9826086956521739,0.9767441860465116,0.9987080103359173,0.9814276485788114
WDBC,75,3015,0.9826086956521739,0.9795918367346939,0.9889230769230769,0.98
WDBC,75,3016,0.9652173913043478,0.9523809523809523,0.9974391805377721,0.9545454545454546
WDBC,75,3017,0.9826086956521739,0.9791666666666666,0.9901051329622759,0.9795918367346939
WDBC,75,3018,0.9739130434782609,0.9647058823529412,0.997093023255814,0.9697997416020672
WDBC,75,3019,0.9652173913043478,0.9411764705882353,0.9970951343500363,0.958242556281772
WDBC,75,3020,0.9652173913043478,0.9565217391304348,0.9930686830497795,0.963768115942029
WDBC,75,3021,0.9304347826086956,0.909090909090909,0.9863013698630136,0.9350945857795172
WDBC,75,3022,0.9652173913043478,0.9574468085106383,0.9962894248608535,0.9591836734693877
WDBC,75,3023,0.9826086956521739,0.9787234042553191,0.9981226533166458,0.9820087609511889
WDBC,75,3024,0.9739130434782609,0.967741935483871,0.9996890547263682,0.96875
WDBC,75,3025,0.9739130434782609,0.9647058823529412,0.998681608437706,0.9797297297297297
WDBC,75,3026,0.9739130434782609,0.962962962962963,0.9967384213959556,0.9642857142857143
WDBC,75,3027,0.9565217391304348,0.9438202247191011,0.9987397605545053,0.9492753623188406
WDBC,75,3028,0.9826086956521739,0.9787234042553191,0.9987562189054726,0.9791666666666667
WDBC,75,3029,0.9652173913043478,0.9545454545454545,0.9864524259609325,0.9565217391304348
WDBC,100,3000,0.9478260869565217,0.9347826086956522,0.9909825870646766,0.9404539800995024
WDBC,100,3001,0.9565217391304348,0.9333333333333332,0.9948735475051265,0.9475393028024607
WDBC,100,3002,0.9739130434782609,0.9620253164556962,0.9956666666666667,0.9683333333333333
WDBC,100,3003,0.9391304347826087,0.9176470588235294,0.9811139564660691,0.9290973111395646
WDBC,100,3004,0.9739130434782609,0.9620253164556962,0.999,0.9683333333333333
WDBC,100,3005,0.9739130434782609,0.9655172413793104,0.9891165172855314,0.9702304737516005
WDBC,100,3006,0.9652173913043478,0.9615384615384615,0.9863387978142076,0.962962962962963
WDBC,100,3007,0.9739130434782609,0.9610389610389611,0.9969635627530364,0.9677800269905532
WDBC,100,3008,0.9652173913043478,0.9555555555555557,0.9939180537772087,0.9675096030729833
WDBC,100,3009,0.9478260869565217,0.9347826086956522,0.9916044776119403,0.9404539800995024
WDBC,100,3010,0.9652173913043478,0.9534883720930233,0.9791933418693982,0.9588668373879641
WDBC,100,3011,0.9565217391304348,0.9514563106796117,0.992979242979243,0.9552808302808302
WDBC,100,3012,0.9826086956521739,0.9722222222222222,0.9975744975744976,0.972972972972973
WDBC,100,3013,0.9652173913043478,0.9534883720930233,0.9996825396825397,0.9555555555555555
WDBC,100,3014,0.9826086956521739,0.9767441860465116,0.9993540051679587,0.9814276485788114
WDBC,100,3015,0.9826086956521739,0.9795918367346939,0.9886153846153846,0.98
WDBC,100,3016,0.9652173913043478,0.9523809523809523,0.9980793854033291,0.9545454545454546
WDBC,100,3017,0.9652173913043478,0.9574468085106383,0.9897959183673469,0.9591836734693877
WDBC,100,3018,0.9739130434782609,0.9647058823529412,0.998062015503876,0.9697997416020672
WDBC,100,3019,0.9652173913043478,0.9411764705882353,0.9974582425562818,0.958242556281772
WDBC,100,3020,0.9652173913043478,0.9565217391304348,0.995274102079395,0.963768115942029
WDBC,100,3021,0.9304347826086956,0.909090909090909,0.9879321591650359,0.9350945857795172
WDBC,100,3022,0.9652173913043478,0.9574468085106383,0.9965986394557823,0.9591836734693877
WDBC,100,3023,0.9826086956521739,0.9787234042553191,0.9978097622027534,0.9820087609511889
WDBC,100,3024,0.9739130434782609,0.967741935483871,0.9996890547263682,0.96875
WDBC,100,3025,0.9826086956521739,0.9761904761904763,0.999340804218853,0.9864864864864865
WDBC,100,3026,0.9826086956521739,0.975609756097561,0.99706457925636,0.9761904761904762
WDBC,100,3027,0.9565217391304348,0.9438202247191011,0.9987397605545053,0.9492753623188406
WDBC,100,3028,0.9826086956521739,0.9787234042553191,0.9984452736318408,0.9791666666666667
WDBC,100,3029,0.9652173913043478,0.9545454545454545,0.9886578449905482,0.9565217391304348
WDBC,150,3000,0.9478260869565217,0.9347826086956522,0.9909825870646766,0.9404539800995024
WDBC,150,3001,0.9565217391304348,0.9333333333333332,0.995557074504443,0.9475393028024607
WDBC,150,3002,0.9826086956521739,0.975,0.994,0.9808333333333333
WDBC,150,3003,0.9391304347826087,0.9176470588235294,0.9811139564660691,0.9290973111395646
WDBC,150,3004,0.991304347826087,0.9873417721518987,0.9996666666666667,0.9875
WDBC,150,3005,0.9652173913043478,0.9534883720930233,0.9910371318822023,0.9588668373879641
WDBC,150,3006,0.9652173913043478,0.9615384615384615,0.9869459623557985,0.962962962962963
WDBC,150,3007,0.9739130434782609,0.9610389610389611,0.9973009446693657,0.9677800269905532
WDBC,150,3008,0.9652173913043478,0.9555555555555557,0.9942381562099872,0.9675096030729833
WDBC,150,3009,0.9565217391304348,0.946236559139785,0.9928482587064676,0.9508706467661692
WDBC,150,3010,0.9652173913043478,0.9534883720930233,0.9804737516005122,0.9588668373879641
WDBC,150,3011,0.9565217391304348,0.9504950495049506,0.9948107448107448,0.9536019536019535
WDBC,150,3012,0.9826086956521739,0.9722222222222222,0.9975744975744976,0.972972972972973
WDBC,150,3013,0.9739130434782609,0.9655172413793104,0.9993650793650793,0.9666666666666667
WDBC,150,3014,0.9826086956521739,0.9767441860465116,0.9993540051679587,0.9814276485788114
WDBC,150,3015,0.9826086956521739,0.9795918367346939,0.9889230769230769,0.98
WDBC,150,3016,0.9652173913043478,0.9523809523809523,0.9980793854033291,0.9545454545454546
WDBC,150,3017,0.9652173913043478,0.9574468085106383,0.9901051329622759,0.9591836734693877
WDBC,150,3018,0.9739130434782609,0.9647058823529412,0.998062015503876,0.9697997416020672
WDBC,150,3019,0.9739130434782609,0.955223880597015,0.9985475671750181,0.9644153957879448
WDBC,150,3020,0.9652173913043478,0.9565217391304348,0.996219281663516,0.963768115942029
WDBC,150,3021,0.9304347826086956,0.909090909090909,0.9895629484670581,0.9350945857795172
WDBC,150,3022,0.9826086956521739,0.9791666666666666,0.9972170686456401,0.9795918367346939
WDBC,150,3023,0.9826086956521739,0.9787234042553191,0.9978097622027534,0.9820087609511889
WDBC,150,3024,0.9826086956521739,0.9787234042553191,0.9996890547263682,0.9791666666666667
WDBC,150,3025,0.9826086956521739,0.9761904761904763,0.999340804218853,0.9864864864864865
WDBC,150,3026,0.9826086956521739,0.975609756097561,0.9964122635355512,0.9761904761904762
WDBC,150,3027,0.9652173913043478,0.9555555555555557,0.9987397605545053,0.9601449275362319
WDBC,150,3028,0.9826086956521739,0.9787234042553191,0.9984452736318408,0.9791666666666667
WDBC,150,3029,0.9565217391304348,0.9425287356321839,0.9908632640201638,0.9456521739130435
WDBC,200,3000,0.9652173913043478,0.9565217391304348,0.992226368159204,0.9583333333333333
WDBC,200,3001,0.9652173913043478,0.9473684210526315,0.995557074504443,0.9606971975393028
WDBC,200,3002,0.9652173913043478,0.9500000000000001,0.992,0.9616666666666667
WDBC,200,3003,0.9304347826086956,0.9069767441860465,0.9820742637644047,0.9220550576184379
WDBC,200,3004,0.9826086956521739,0.9743589743589743,0.9996666666666667,0.975
WDBC,200,3005,0.9652173913043478,0.9534883720930233,0.9916773367477593,0.9588668373879641
WDBC,200,3006,0.9652173913043478,0.9615384615384615,0.9872495446265938,0.962962962962963
WDBC,200,3007,0.9739130434782609,0.9610389610389611,0.997638326585695,0.9677800269905532
WDBC,200,3008,0.9652173913043478,0.9555555555555557,0.9942381562099872,0.9675096030729833
WDBC,200,3009,0.9565217391304348,0.946236559139785,0.9934701492537313,0.9508706467661692
WDBC,200,3010,0.9652173913043478,0.9534883720930233,0.9804737516005122,0.9588668373879641
WDBC,200,3011,0.9652173913043478,0.9607843137254902,0.9957264957264957,0.9632173382173381
WDBC,200,3012,0.9826086956521739,0.9722222222222222,0.997920997920998,0.972972972972973
WDBC,200,3013,0.9739130434782609,0.9655172413793104,0.9990476190476191,0.9666666666666667
WDBC,200,3014,0.9826086956521739,0.9767441860465116,0.9993540051679587,0.9814276485788114
WDBC,200,3015,0.9826086956521739,0.9795918367346939,0.9892307692307692,0.98
WDBC,200,3016,0.9652173913043478,0.9523809523809523,0.9980793854033291,0.9545454545454546
WDBC,200,3017,0.9652173913043478,0.9574468085106383,0.9907235621521335,0.9591836734693877
WDBC,200,3018,0.9739130434782609,0.9647058823529412,0.9983850129198967,0.9697997416020672
WDBC,200,3019,0.9652173913043478,0.9393939393939394,0.9989106753812637,0.9497095134350035
WDBC,200,3020,0.9652173913043478,0.9565217391304348,0.996219281663516,0.963768115942029
WDBC,200,3021,0.9304347826086956,0.909090909090909,0.9898891063274625,0.9350945857795172
WDBC,200,3022,0.9826086956521739,0.9791666666666666,0.9965986394557823,0.9795918367346939
WDBC,200,3023,0.9826086956521739,0.9787234042553191,0.9978097622027534,0.9820087609511889
WDBC,200,3024,0.9826086956521739,0.9787234042553191,0.9996890547263682,0.9791666666666667
WDBC,200,3025,0.9826086956521739,0.9761904761904763,0.999340804218853,0.9864864864864865
WDBC,200,3026,0.9826086956521739,0.975609756097561,0.9944553163731246,0.9761904761904762
WDBC,200,3027,0.9826086956521739,0.9782608695652174,0.999054820415879,0.9818840579710145
WDBC,200,3028,0.9826086956521739,0.9787234042553191,0.9984452736318408,0.9791666666666667
WDBC,200,3029,0.9652173913043478,0.9545454545454545,0.9905482041587902,0.9565217391304348
WDBC,300,3000,0.9652173913043478,0.9565217391304348,0.9925373134328358,0.9583333333333333
WDBC,300,3001,0.9652173913043478,0.9487179487179489,0.9976076555023924,0.9673615857826384
WDBC,300,3002,0.9478260869565217,0.925,0.9903333333333333,0.9425
WDBC,300,3003,0.9304347826086956,0.9069767441860465,0.9817541613316261,0.9220550576184379
WDBC,300,3004,0.9826086956521739,0.9743589743589743,0.9996666666666667,0.975
WDBC,300,3005,0.9652173913043478,0.9534883720930233,0.9913572343149808,0.9588668373879641
WDBC,300,3006,0.9652173913043478,0.9615384615384615,0.9869459623557985,0.962962962962963
WDBC,300,3007,0.9739130434782609,0.9610389610389611,0.9973009446693657,0.9677800269905532
WDBC,300,3008,0.9652173913043478,0.9555555555555557,0.9945582586427657,0.9675096030729833
WDBC,300,3009,0.9565217391304348,0.946236559139785,0.9925373134328358,0.9508706467661692
WDBC,300,3010,0.9652173913043478,0.9534883720930233,0.9807938540332907,0.9588668373879641
WDBC,300,3011,0.9739130434782609,0.970873786407767,0.9954212454212454,0.9728327228327228
WDBC,300,3012,0.9826086956521739,0.9722222222222222,0.997920997920998,0.972972972972973
WDBC,300,3013,0.9826086956521739,0.9772727272727273,0.9990476190476191,0.9777777777777779
WDBC,300,3014,0.9826086956521739,0.9767441860465116,0.9996770025839793,0.9814276485788114
WDBC,300,3015,0.9826086956521739,0.9795918367346939,0.9892307692307692,0.98
WDBC,300,3016,0.9652173913043478,0.9523809523809523,0.9983994878361075,0.9545454545454546
WDBC,300,3017,0.9739130434782609,0.968421052631579,0.9907235621521335,0.9693877551020409
WDBC,300,3018,0.9826086956521739,0.9761904761904763,0.9983850129198967,0.9767441860465116
WDBC,300,3019,0.991304347826087,0.9850746268656716,0.9992737835875091,0.9852941176470589
WDBC,300,3020,0.9565217391304348,0.9462365591397849,0.996219281663516,0.9565217391304348
WDBC,300,3021,0.9304347826086956,0.909090909090909,0.9902152641878669,0.9350945857795172
WDBC,300,3022,0.9826086956521739,0.9791666666666666,0.9972170686456401,0.9795918367346939
WDBC,300,3023,0.9826086956521739,0.9787234042553191,0.9974968710888611,0.9820087609511889
WDBC,300,3024,0.9826086956521739,0.9787234042553191,1.0,0.9791666666666667
WDBC,300,3025,0.9826086956521739,0.9761904761904763,0.999340804218853,0.9864864864864865
WDBC,300,3026,0.9739130434782609,0.963855421686747,0.9934768427919113,0.969341161121983
WDBC,300,3027,0.991304347826087,0.989247311827957,0.999054820415879,0.9927536231884058
WDBC,300,3028,0.9739130434782609,0.967741935483871,0.9975124378109452,0.96875
WDBC,300,3029,0.9652173913043478,0.9545454545454545,0.9902331442974165,0.9565217391304348
Ionosphere,0,3000,0.7323943661971831,0.8347826086956522,0.7485714285714286,0.5752380952380952
Ionosphere,0,3001,0.4507042253521127,0.5063291139240507,0.5290598290598291,0.452991452991453
Ionosphere,0,3002,0.7323943661971831,0.7764705882352941,0.7894248608534323,0.7685528756957328
Ionosphere,0,3003,0.6619718309859155,0.7692307692307692,0.6845238095238095,0.5904761904761905
Ionosphere,0,3004,0.30985915492957744,0.16949152542372883,0.6907756813417191,0.5193920335429769
Ionosphere,0,3005,0.5352112676056338,0.6451612903225806,0.4434782608695652,0.48608695652173917
Ionosphere,0,3006,0.4225352112676056,0.48101265822784806,0.4123809523809524,0.4519047619047619
Ionosphere,0,3007,0.676056338028169,0.6933333333333332,0.8068376068376069,0.7119658119658119
Ionosphere,0,3008,0.3380281690140845,0.1754385964912281,0.5670289855072463,0.4651268115942029
Ionosphere,0,3009,0.49295774647887325,0.5609756097560975,0.5377358490566038,0.550314465408805
Ionosphere,0,3010,0.5915492957746479,0.6666666666666667,0.6231884057971014,0.5846920289855072
Ionosphere,0,3011,0.4647887323943662,0.36666666666666664,0.7678260869565218,0.5595652173913044
Ionosphere,0,3012,0.5774647887323944,0.6938775510204083,0.7487684729064039,0.5254515599343186
Ionosphere,0,3013,0.6619718309859155,0.6842105263157895,0.6983870967741935,0.6637096774193548
Ionosphere,0,3014,0.5070422535211268,0.42622950819672134,0.5317073170731708,0.541869918699187
Ionosphere,0,3015,0.5070422535211268,0.5977011494252873,0.3658119658119658,0.48119658119658115
Ionosphere,0,3016,0.4084507042253521,0.36363636363636365,0.473421926910299,0.44310631229235875
Ionosphere,0,3017,0.39436619718309857,0.3174603174603175,0.6017391304347826,0.468695652173913
Ionosphere,0,3018,0.39436619718309857,0.49411764705882355,0.34596774193548385,0.37540322580645163
Ionosphere,0,3019,0.7323943661971831,0.8118811881188118,0.6196808510638298,0.6653368794326241
Ionosphere,0,3020,0.5070422535211268,0.4776119402985075,0.657608695652174,0.6014492753623188
Ionosphere,0,3021,0.4507042253521127,0.4507042253521127,0.4819376026272578,0.4663382594417077
Ionosphere,0,3022,0.4788732394366197,0.5647058823529412,0.40980392156862744,0.4852941176470588
Ionosphere,0,3023,0.18309859154929578,0.12121212121212122,0.11333333333333333,0.2542857142857143
Ionosphere,0,3024,0.5211267605633803,0.6458333333333333,0.487012987012987,0.45269016697588127
Ionosphere,0,3025,0.5774647887323944,0.53125,0.7441077441077442,0.6376262626262625
Ionosphere,0,3026,0.28169014084507044,0.23880597014925375,0.20161290322580644,0.2935483870967742
Ionosphere,0,3027,0.5774647887323944,0.7000000000000001,0.6017391304347826,0.5004347826086957
Ionosphere,0,3028,0.6901408450704225,0.7884615384615385,0.6581196581196581,0.6094017094017095
Ionosphere,0,3029,0.5915492957746479,0.7128712871287127,0.4512411347517731,0.5079787234042553
Ionosphere,1,3000,0.7323943661971831,0.8347826086956522,0.7533333333333333,0.5752380952380952
Ionosphere,1,3001,0.43661971830985913,0.5,0.5401709401709401,0.4337606837606838
Ionosphere,1,3002,0.7323943661971831,0.7764705882352941,0.7940630797773655,0.7685528756957328
Ionosphere,1,3003,0.6619718309859155,0.7692307692307692,0.6869047619047619,0.5904761904761905
Ionosphere,1,3004,0.3380281690140845,0.22950819672131148,0.6949685534591195,0.5382599580712788
Ionosphere,1,3005,0.5352112676056338,0.6451612903225806,0.4504347826086956,0.48608695652173917
Ionosphere,1,3006,0.4225352112676056,0.48101265822784806,0.4142857142857143,0.4519047619047619
Ionosphere,1,3007,0.676056338028169,0.6933333333333332,0.8094017094017094,0.7119658119658119
Ionosphere,1,3008,0.3380281690140845,0.1754385964912281,0.5788043478260869,0.4651268115942029
Ionosphere,1,3009,0.49295774647887325,0.5609756097560975,0.5377358490566038,0.550314465408805
Ionosphere,1,3010,0.5915492957746479,0.6666666666666667,0.6231884057971014,0.5846920289855072
Ionosphere,1,3011,0.4788732394366197,0.39344262295081966,0.768695652173913,0.5704347826086956
Ionosphere,1,3012,0.5774647887323944,0.6938775510204083,0.7487684729064039,0.5254515599343186
Ionosphere,1,3013,0.6619718309859155,0.6842105263157895,0.7032258064516129,0.6637096774193548
Ionosphere,1,3014,0.5211267605633803,0.4516129032258065,0.5455284552845528,0.5540650406504065
Ionosphere,1,3015,0.5070422535211268,0.5977011494252873,0.37777777777777777,0.48119658119658115
Ionosphere,1,3016,0.4084507042253521,0.36363636363636365,0.4792358803986711,0.44310631229235875
Ionosphere,1,3017,0.39436619718309857,0.3174603174603175,0.6078260869565217,0.468695652173913
Ionosphere,1,3018,0.39436619718309857,0.49411764705882355,0.34758064516129034,0.37540322580645163
Ionosphere,1,3019,0.7323943661971831,0.8118811881188118,0.6223404255319149,0.6653368794326241
Ionosphere,1,3020,0.5070422535211268,0.4776119402985075,0.6630434782608695,0.6014492753623188
Ionosphere,1,3021,0.4647887323943662,0.4571428571428571,0.493431855500821,0.4835796387520525
Ionosphere,1,3022,0.4788732394366197,0.5647058823529412,0.4137254901960784,0.4852941176470588
Ionosphere,1,3023,0.19718309859154928,0.12307692307692307,0.11714285714285715,0.27809523809523806
Ionosphere,1,3024,0.5211267605633803,0.6458333333333333,0.4962894248608534,0.45269016697588127
Ionosphere,1,3025,0.6197183098591549,0.5970149253731344,0.7508417508417509,0.6717171717171717
Ionosphere,1,3026,0.28169014084507044,0.23880597014925375,0.20161290322580644,0.2935483870967742
Ionosphere,1,3027,0.5774647887323944,0.7000000000000001,0.6034782608695652,0.5004347826086957
Ionosphere,1,3028,0.6901408450704225,0.7884615384615385,0.6606837606837607,0.6094017094017095
Ionosphere,1,3029,0.5915492957746479,0.7128712871287127,0.4521276595744681,0.5079787234042553
Ionosphere,2,3000,0.7323943661971831,0.8347826086956522,0.7695238095238095,0.5752380952380952
Ionosphere,2,3001,0.43661971830985913,0.5,0.5581196581196581,0.4337606837606838
Ionosphere,2,3002,0.7323943661971831,0.7764705882352941,0.7959183673469388,0.7685528756957328
Ionosphere,2,3003,0.676056338028169,0.7809523809523811,0.6952380952380952,0.5994047619047619
Ionosphere,2,3004,0.39436619718309857,0.3384615384615385,0.6981132075471698,0.5759958071278826
Ionosphere,2,3005,0.5352112676056338,0.6451612903225806,0.45565217391304347,0.48608695652173917
Ionosphere,2,3006,0.43661971830985913,0.5,0.4238095238095238,0.46190476190476193
Ionosphere,2,3007,0.704225352112676,0.7272727272727274,0.8128205128205128,0.7341880341880342
Ionosphere,2,3008,0.352112676056338,0.20689655172413793,0.592391304347826,0.47554347826086957
Ionosphere,2,3009,0.5070422535211268,0.5679012345679013,0.5482180293501048,0.5780922431865828
Ionosphere,2,3010,0.5915492957746479,0.6666666666666667,0.6240942028985508,0.5846920289855072
Ionosphere,2,3011,0.5492957746478874,0.5151515151515151,0.7695652173913043,0.6247826086956522
Ionosphere,2,3012,0.5774647887323944,0.6938775510204083,0.7504105090311987,0.5254515599343186
Ionosphere,2,3013,0.6619718309859155,0.6842105263157895,0.7088709677419355,0.6637096774193548
Ionosphere,2,3014,0.5211267605633803,0.4516129032258065,0.5585365853658537,0.5540650406504065
Ionosphere,2,3015,0.5070422535211268,0.5977011494252873,0.39316239316239315,0.48119658119658115
Ionosphere,2,3016,0.4225352112676056,0.3880597014925373,0.49335548172757476,0.45473421926910296
Ionosphere,2,3017,0.4225352112676056,0.34920634920634924,0.6217391304347826,0.49956521739130433
Ionosphere,2,3018,0.39436619718309857,0.49411764705882355,0.3540322580645161,0.37540322580645163
Ionosphere,2,3019,0.7323943661971831,0.8118811881188118,0.6276595744680851,0.6653368794326241
Ionosphere,2,3020,0.5211267605633803,0.5,0.6666666666666666,0.6118659420289855
Ionosphere,2,3021,0.5070422535211268,0.5070422535211268,0.5180623973727422,0.5246305418719212
Ionosphere,2,3022,0.4647887323943662,0.558139534883721,0.4294117647058823,0.46029411764705885
Ionosphere,2,3023,0.19718309859154928,0.12307692307692307,0.12095238095238095,0.27809523809523806
Ionosphere,2,3024,0.5492957746478874,0.6666666666666666,0.5083487940630798,0.48562152133580705
Ionosphere,2,3025,0.6197183098591549,0.5970149253731344,0.7575757575757576,0.6717171717171717
Ionosphere,2,3026,0.28169014084507044,0.23880597014925375,0.20403225806451614,0.2935483870967742
Ionosphere,2,3027,0.5774647887323944,0.7000000000000001,0.6060869565217392,0.5004347826086957
Ionosphere,2,3028,0.704225352112676,0.7961165048543689,0.6658119658119658,0.6286324786324786
Ionosphere,2,3029,0.5915492957746479,0.7128712871287127,0.4645390070921986,0.5079787234042553
Ionosphere,5,3000,0.7323943661971831,0.8347826086956522,0.800952380952381,0.5752380952380952
Ionosphere,5,3001,0.676056338028169,0.7578947368421052,0.6888888888888889,0.6307692307692307
Ionosphere,5,3002,0.7183098591549296,0.7674418604651163,0.8098330241187384,0.7458256029684601
Ionosphere,5,3003,0.7323943661971831,0.8256880733944955,0.7154761904761905,0.6351190476190476
Ionosphere,5,3004,0.5633802816901409,0.5974025974025975,0.7159329140461216,0.6892033542976939
Ionosphere,5,3005,0.5070422535211268,0.6153846153846154,0.49478260869565216,0.46434782608695657
Ionosphere,5,3006,0.49295774647887325,0.5714285714285713,0.5133333333333333,0.5019047619047619
Ionosphere,5,3007,0.704225352112676,0.7407407407407408,0.8282051282051283,0.717948717948718
Ionosphere,5,3008,0.4225352112676056,0.3492063492063492,0.6259057971014492,0.5276268115942029
Ionosphere,5,3009,0.5352112676056338,0.6024096385542169,0.5985324947589099,0.5969601677148847
Ionosphere,5,3010,0.6197183098591549,0.6966292134831461,0.6295289855072463,0.6055253623188406
Ionosphere,5,3011,0.5915492957746479,0.6027397260273973,0.7608695652173914,0.6391304347826088
Ionosphere,5,3012,0.5915492957746479,0.7010309278350516,0.7487684729064039,0.5426929392446633
Ionosphere,5,3013,0.676056338028169,0.6933333333333334,0.7314516129032258,0.6798387096774194
Ionosphere,5,3014,0.5211267605633803,0.5,0.6495934959349593,0.540650406504065
Ionosphere,5,3015,0.5774647887323944,0.6739130434782609,0.48034188034188036,0.5367521367521367
Ionosphere,5,3016,0.4788732394366197,0.4788732394366197,0.5448504983388704,0.5012458471760797
Ionosphere,5,3017,0.5492957746478874,0.5789473684210527,0.697391304347826,0.5791304347826087
Ionosphere,5,3018,0.4507042253521127,0.5617977528089888,0.41935483870967744,0.4254032258064516
Ionosphere,5,3019,0.7323943661971831,0.8118811881188118,0.6524822695035462,0.6653368794326241
Ionosphere,5,3020,0.5070422535211268,0.5070422535211269,0.6956521739130435,0.5788043478260869
Ionosphere,5,3021,0.6619718309859155,0.7073170731707318,0.6165845648604269,0.6555829228243022
Ionosphere,5,3022,0.49295774647887325,0.5909090909090909,0.47549019607843135,0.4799019607843137
Ionosphere,5,3023,0.2112676056338028,0.2,0.1819047619047619,0.2604761904761905
Ionosphere,5,3024,0.5774647887323944,0.6808510638297872,0.551948051948052,0.5310760667903525
Ionosphere,5,3025,0.647887323943662,0.6376811594202899,0.7937710437710438,0.6944444444444444
Ionosphere,5,3026,0.29577464788732394,0.24242424242424246,0.23306451612903226,0.3096774193548387
Ionosphere,5,3027,0.5915492957746479,0.7128712871287128,0.6182608695652174,0.511304347826087
Ionosphere,5,3028,0.7464788732394366,0.8269230769230769,0.6948717948717948,0.6700854700854701
Ionosphere,5,3029,0.647887323943662,0.7572815533980581,0.5106382978723404,0.56072695035461
Ionosphere,10,3000,0.7746478873239436,0.8545454545454546,0.8428571428571429,0.6604761904761904
Ionosphere,10,3001,0.8169014084507042,0.8712871287128713,0.8658119658119658,0.7581196581196581
Ionosphere,10,3002,0.7746478873239436,0.8181818181818182,0.8766233766233766,0.799165120593692
Ionosphere,10,3003,0.8309859154929577,0.8947368421052632,0.7845238095238095,0.7220238095238095
Ionosphere,10,3004,0.647887323943662,0.6987951807228916,0.750524109014675,0.7458071278825995
Ionosphere,10,3005,0.5492957746478874,0.6595744680851064,0.591304347826087,0.4969565217391304
Ionosphere,10,3006,0.6901408450704225,0.7843137254901961,0.6780952380952381,0.6142857142857143
Ionosphere,10,3007,0.8169014084507042,0.8571428571428571,0.8572649572649572,0.7987179487179488
Ionosphere,10,3008,0.5352112676056338,0.5925925925925926,0.6884057971014492,0.5543478260869565
Ionosphere,10,3009,0.5774647887323944,0.6511627906976744,0.6519916142557652,0.6252620545073375
Ionosphere,10,3010,0.6197183098591549,0.7096774193548386,0.6630434782608695,0.5828804347826086
Ionosphere,10,3011,0.647887323943662,0.6913580246913581,0.7643478260869565,0.6643478260869565
Ionosphere,10,3012,0.6338028169014085,0.7234042553191489,0.7602627257799671,0.5944170771756978
Ionosphere,10,3013,0.6619718309859155,0.6842105263157895,0.7862903225806451,0.6637096774193548
Ionosphere,10,3014,0.6619718309859155,0.6923076923076923,0.7747967479674797,0.6626016260162602
Ionosphere,10,3015,0.6619718309859155,0.7500000000000001,0.6461538461538462,0.6115384615384616
Ionosphere,10,3016,0.676056338028169,0.7415730337078652,0.7109634551495017,0.651578073089701
Ionosphere,10,3017,0.6901408450704225,0.75,0.7721739130434783,0.678695652173913
Ionosphere,10,3018,0.647887323943662,0.761904761904762,0.6209677419354839,0.5967741935483871
Ionosphere,10,3019,0.7605633802816901,0.8316831683168316,0.6959219858156028,0.6968085106382979
Ionosphere,10,3020,0.704225352112676,0.7586206896551724,0.7463768115942029,0.7133152173913043
Ionosphere,10,3021,0.7323943661971831,0.7865168539325842,0.7430213464696224,0.7097701149425287
Ionosphere,10,3022,0.5352112676056338,0.6292134831460675,0.557843137254902,0.5245098039215687
Ionosphere,10,3023,0.4507042253521127,0.5714285714285714,0.36952380952380953,0.40285714285714286
Ionosphere,10,3024,0.6338028169014085,0.723404255319149,0.6985157699443414,0.596938775510204
Ionosphere,10,3025,0.8309859154929577,0.8571428571428572,0.8535353535353535,0.835016835016835
Ionosphere,10,3026,0.4507042253521127,0.1702127659574468,0.7346774193548387,0.5016129032258064
Ionosphere,10,3027,0.6619718309859155,0.7647058823529412,0.6582608695652173,0.5839130434782609
Ionosphere,10,3028,0.7746478873239436,0.8490566037735848,0.764102564102564,0.6923076923076923
Ionosphere,10,3029,0.6901408450704225,0.7884615384615385,0.650709219858156,0.6028368794326241
Ionosphere,20,3000,0.8169014084507042,0.8785046728971964,0.8647619047619047,0.7319047619047618
Ionosphere,20,3001,0.8309859154929577,0.8823529411764706,0.9017094017094017,0.7692307692307692
Ionosphere,20,3002,0.8450704225352113,0.8817204301075268,0.9397031539888683,0.8501855287569573
Ionosphere,20,3003,0.8591549295774648,0.912280701754386,0.8833333333333333,0.7642857142857142
Ionosphere,20,3004,0.7183098591549296,0.7959183673469387,0.8364779874213837,0.7012578616352201
Ionosphere,20,3005,0.676056338028169,0.7722772277227722,0.7539130434782608,0.6039130434782609
Ionosphere,20,3006,0.704225352112676,0.7878787878787878,0.7409523809523809,0.651904761904762
Ionosphere,20,3007,0.8873239436619719,0.9166666666666665,0.8803418803418803,0.8542735042735042
Ionosphere,20,3008,0.7464788732394366,0.816326530612245,0.7481884057971014,0.6992753623188406
Ionosphere,20,3009,0.7464788732394366,0.8235294117647058,0.8039832285115304,0.7017819706498952
Ionosphere,20,3010,0.704225352112676,0.787878787878788,0.7327898550724637,0.6453804347826086
Ionosphere,20,3011,0.7464788732394366,0.8125,0.7756521739130435,0.7039130434782609
Ionosphere,20,3012,0.676056338028169,0.7628865979381443,0.7963875205254516,0.6301313628899836
Ionosphere,20,3013,0.7605633802816901,0.7999999999999998,0.8379032258064516,0.7475806451612903
Ionosphere,20,3014,0.7887323943661971,0.8351648351648352,0.8674796747967479,0.7634146341463415
Ionosphere,20,3015,0.7605633802816901,0.8247422680412372,0.7675213675213676,0.7136752136752136
Ionosphere,20,3016,0.6901408450704225,0.7608695652173914,0.8014950166112956,0.6569767441860466
Ionosphere,20,3017,0.7746478873239436,0.836734693877551,0.8182608695652174,0.7256521739130435
Ionosphere,20,3018,0.7746478873239436,0.8297872340425532,0.8717741935483871,0.7455645161290323
Ionosphere,20,3019,0.7887323943661971,0.8514851485148516,0.7969858156028369,0.7282801418439716
Ionosphere,20,3020,0.7323943661971831,0.8041237113402061,0.7989130434782609,0.6888586956521738
Ionosphere,20,3021,0.7605633802816901,0.8247422680412371,0.8234811165845649,0.7175697865353038
Ionosphere,20,3022,0.7183098591549296,0.8039215686274509,0.7019607843137254,0.6519607843137255
Ionosphere,20,3023,0.6338028169014085,0.7450980392156863,0.6228571428571429,0.5466666666666666
Ionosphere,20,3024,0.8450704225352113,0.8952380952380952,0.8181818181818182,0.7750463821892393
Ionosphere,20,3025,0.8169014084507042,0.8631578947368421,0.9065656565656566,0.7807239057239057
Ionosphere,20,3026,0.7323943661971831,0.7654320987654322,0.8258064516129032,0.7262096774193548
Ionosphere,20,3027,0.7605633802816901,0.8349514563106796,0.7765217391304348,0.6873913043478261
Ionosphere,20,3028,0.8309859154929577,0.8800000000000001,0.8871794871794871,0.7773504273504273
Ionosphere,20,3029,0.7464788732394366,0.8235294117647058,0.7668439716312057,0.6759751773049645
Ionosphere,30,3000,0.8873239436619719,0.9215686274509804,0.9247619047619048,0.8509523809523809
Ionosphere,30,3001,0.8309859154929577,0.8823529411764706,0.9478632478632478,0.7692307692307692
Ionosphere,30,3002,0.9436619718309859,0.96,0.9424860853432282,0.9216141001855287
Ionosphere,30,3003,0.9014084507042254,0.9401709401709402,0.9130952380952381,0.7910714285714285
Ionosphere,30,3004,0.8450704225352113,0.8990825688073395,0.9067085953878407,0.7678197064989518
Ionosphere,30,3005,0.7746478873239436,0.84,0.8321739130434782,0.7165217391304348
Ionosphere,30,3006,0.8169014084507042,0.8785046728971964,0.8142857142857143,0.7319047619047618
Ionosphere,30,3007,0.9014084507042254,0.924731182795699,0.8923076923076924,0.8816239316239316
Ionosphere,30,3008,0.8169014084507042,0.8807339449541284,0.8125,0.717391304347826
Ionosphere,30,3009,0.8169014084507042,0.8761904761904762,0.8626834381551363,0.7672955974842768
Ionosphere,30,3010,0.7605633802816901,0.8349514563106797,0.7644927536231884,0.6870471014492754
Ionosphere,30,3011,0.7887323943661971,0.8514851485148516,0.8208695652173913,0.7273913043478262
Ionosphere,30,3012,0.7605633802816901,0.8247422680412371,0.819376026272578,0.7175697865353038
Ionosphere,30,3013,0.7746478873239436,0.8181818181818182,0.8814516129032258,0.7564516129032258
Ionosphere,30,3014,0.8591549295774648,0.891304347826087,0.8951219512195122,0.8333333333333333
Ionosphere,30,3015,0.7746478873239436,0.8367346938775511,0.7991452991452992,0.7247863247863248
Ionosphere,30,3016,0.8028169014084507,0.86,0.8604651162790697,0.75
Ionosphere,30,3017,0.8309859154929577,0.8800000000000001,0.8573913043478261,0.7782608695652173
Ionosphere,30,3018,0.8169014084507042,0.857142857142857,0.907258064516129,0.7939516129032258
Ionosphere,30,3019,0.8309859154929577,0.88,0.8421985815602837,0.7805851063829787
Ionosphere,30,3020,0.7746478873239436,0.8400000000000001,0.8315217391304348,0.7201086956521738
Ionosphere,30,3021,0.7605633802816901,0.8247422680412371,0.8563218390804598,0.7175697865353038
Ionosphere,30,3022,0.7746478873239436,0.8518518518518519,0.7421568627450981,0.6759803921568628
Ionosphere,30,3023,0.704225352112676,0.8000000000000002,0.7047619047619048,0.6104761904761904
Ionosphere,30,3024,0.8732394366197183,0.912621359223301,0.8506493506493507,0.8205009276437847
Ionosphere,30,3025,0.8309859154929577,0.875,0.9368686868686869,0.7920875420875422
Ionosphere,30,3026,0.8450704225352113,0.8791208791208792,0.8524193548387097,0.8225806451612903
Ionosphere,30,3027,0.8309859154929577,0.8775510204081632,0.8252173913043478,0.7873913043478261
Ionosphere,30,3028,0.8591549295774648,0.8936170212765957,0.9307692307692308,0.832051282051282
Ionosphere,30,3029,0.8169014084507042,0.8761904761904762,0.8173758865248227,0.7393617021276595
Ionosphere,50,3000,0.8873239436619719,0.9215686274509804,0.9476190476190476,0.8509523809523809
Ionosphere,50,3001,0.8450704225352113,0.8910891089108911,0.9752136752136752,0.7884615384615384
Ionosphere,50,3002,0.9154929577464789,0.9400000000000001,0.9582560296846011,0.888682745825603
Ionosphere,50,3003,0.9154929577464789,0.9482758620689654,0.9357142857142857,0.8244047619047619
Ionosphere,50,3004,0.8732394366197183,0.9174311926605505,0.9371069182389937,0.8050314465408805
Ionosphere,50,3005,0.8450704225352113,0.8865979381443299,0.8721739130434782,0.8073913043478261
Ionosphere,50,3006,0.8450704225352113,0.8990825688073395,0.9019047619047619,0.7519047619047619
Ionosphere,50,3007,0.8873239436619719,0.9148936170212767,0.905982905982906,0.8623931623931624
Ionosphere,50,3008,0.8309859154929577,0.888888888888889,0.8659420289855072,0.7391304347826086
Ionosphere,50,3009,0.9154929577464789,0.9454545454545454,0.9067085953878407,0.8516771488469601
Ionosphere,50,3010,0.8169014084507042,0.8737864077669902,0.8269927536231884,0.7513586956521738
Ionosphere,50,3011,0.7887323943661971,0.8543689320388349,0.88,0.7182608695652174
Ionosphere,50,3012,0.7887323943661971,0.8421052631578947,0.8571428571428571,0.7520525451559934
Ionosphere,50,3013,0.8309859154929577,0.8536585365853658,0.9056451612903226,0.8245967741935484
Ionosphere,50,3014,0.8591549295774648,0.891304347826087,0.9113821138211382,0.8333333333333333
Ionosphere,50,3015,0.7746478873239436,0.8260869565217391,0.8264957264957264,0.7491452991452991
Ionosphere,50,3016,0.8450704225352113,0.8817204301075269,0.9318936877076412,0.816029900332226
Ionosphere,50,3017,0.8169014084507042,0.8686868686868686,0.8817391304347826,0.7673913043478261
Ionosphere,50,3018,0.8450704225352113,0.8764044943820225,0.9540322580645161,0.8262096774193548
Ionosphere,50,3019,0.8873239436619719,0.9199999999999999,0.9202127659574468,0.8435283687943262
Ionosphere,50,3020,0.8028169014084507,0.8627450980392156,0.8768115942028986,0.7409420289855072
Ionosphere,50,3021,0.8028169014084507,0.8541666666666667,0.8957307060755336,0.7639573070607553
Ionosphere,50,3022,0.7887323943661971,0.8623853211009175,0.7941176470588235,0.6857843137254902
Ionosphere,50,3023,0.8028169014084507,0.8727272727272728,0.7885714285714286,0.6942857142857143
Ionosphere,50,3024,0.8732394366197183,0.9090909090909091,0.8710575139146568,0.8455473098330242
Ionosphere,50,3025,0.8450704225352113,0.8842105263157896,0.9570707070707071,0.8106060606060606
Ionosphere,50,3026,0.8450704225352113,0.8791208791208792,0.8766129032258064,0.8225806451612903
Ionosphere,50,3027,0.8450704225352113,0.8865979381443299,0.8504347826086956,0.8073913043478261
Ionosphere,50,3028,0.8873239436619719,0.9111111111111111,0.9692307692307692,0.8786324786324786
Ionosphere,50,3029,0.8732394366197183,0.9108910891089108,0.8812056737588653,0.8226950354609929
Ionosphere,75,3000,0.8732394366197183,0.9108910891089109,0.9485714285714286,0.8409523809523809
Ionosphere,75,3001,0.8732394366197183,0.9090909090909091,0.9717948717948718,0.8269230769230769
Ionosphere,75,3002,0.9154929577464789,0.9400000000000001,0.9758812615955473,0.888682745825603
Ionosphere,75,3003,0.9154929577464789,0.9482758620689654,0.9535714285714286,0.8244047619047619
Ionosphere,75,3004,0.8591549295774648,0.9074074074074073,0.9412997903563941,0.7955974842767295
Ionosphere,75,3005,0.8450704225352113,0.8865979381443299,0.9026086956521739,0.8073913043478261
Ionosphere,75,3006,0.8591549295774648,0.9090909090909091,0.940952380952381,0.7619047619047619
Ionosphere,75,3007,0.9014084507042254,0.924731182795699,0.9085470085470085,0.8816239316239316
Ionosphere,75,3008,0.8591549295774648,0.9056603773584906,0.9039855072463768,0.7826086956521738
Ionosphere,75,3009,0.8732394366197183,0.9174311926605505,0.9339622641509434,0.8050314465408805
Ionosphere,75,3010,0.8309859154929577,0.8823529411764706,0.8478260869565217,0.7730978260869565
Ionosphere,75,3011,0.7887323943661971,0.8543689320388349,0.8860869565217391,0.7182608695652174
Ionosphere,75,3012,0.7887323943661971,0.8387096774193549,0.8858784893267652,0.7573891625615763
Ionosphere,75,3013,0.8732394366197183,0.8831168831168831,0.9330645161290323,0.8766129032258064
Ionosphere,75,3014,0.8450704225352113,0.8817204301075269,0.8959349593495934,0.8166666666666667
Ionosphere,75,3015,0.7887323943661971,0.8387096774193549,0.8427350427350427,0.7602564102564102
Ionosphere,75,3016,0.8591549295774648,0.888888888888889,0.9493355481727574,0.8401162790697674
Ionosphere,75,3017,0.8450704225352113,0.8865979381443299,0.9017391304347826,0.8073913043478261
Ionosphere,75,3018,0.8873239436619719,0.9090909090909091,0.9733870967741935,0.8709677419354839
Ionosphere,75,3019,0.9014084507042254,0.9292929292929293,0.9485815602836879,0.8643617021276595
Ionosphere,75,3020,0.8591549295774648,0.9,0.9157608695652174,0.8165760869565217
Ionosphere,75,3021,0.8028169014084507,0.8541666666666667,0.9244663382594417,0.7639573070607553
Ionosphere,75,3022,0.8028169014084507,0.8727272727272728,0.8362745098039216,0.6955882352941176
Ionosphere,75,3023,0.8169014084507042,0.8785046728971964,0.8628571428571429,0.7319047619047618
Ionosphere,75,3024,0.8732394366197183,0.9090909090909091,0.8979591836734694,0.8455473098330242
Ionosphere,75,3025,0.8873239436619719,0.9148936170212766,0.9654882154882155,0.859006734006734
Ionosphere,75,3026,0.8450704225352113,0.8791208791208792,0.9040322580645161,0.8225806451612903
Ionosphere,75,3027,0.8450704225352113,0.888888888888889,0.8765217391304347,0.7982608695652174
Ionosphere,75,3028,0.9014084507042254,0.9230769230769231,0.9769230769230769,0.8897435897435897
Ionosphere,75,3029,0.9154929577464789,0.9387755102040817,0.9051418439716312,0.8851950354609929
Ionosphere,100,3000,0.8732394366197183,0.9108910891089109,0.9447619047619048,0.8409523809523809
Ionosphere,100,3001,0.8591549295774648,0.9,0.9692307692307692,0.8076923076923077
Ionosphere,100,3002,0.9154929577464789,0.9400000000000001,0.9786641929499073,0.888682745825603
Ionosphere,100,3003,0.9295774647887324,0.9565217391304348,0.969047619047619,0.8577380952380952
Ionosphere,100,3004,0.8732394366197183,0.9158878504672898,0.940251572327044,0.8233752620545074
Ionosphere,100,3005,0.8309859154929577,0.8775510204081632,0.9147826086956522,0.7873913043478261
Ionosphere,100,3006,0.8450704225352113,0.9009009009009009,0.9571428571428572,0.7380952380952381
Ionosphere,100,3007,0.9014084507042254,0.924731182795699,0.9068376068376068,0.8816239316239316
Ionosphere,100,3008,0.8873239436619719,0.923076923076923,0.907608695652174,0.8260869565217391
Ionosphere,100,3009,0.8732394366197183,0.9174311926605505,0.9161425576519916,0.8050314465408805
Ionosphere,100,3010,0.8169014084507042,0.8712871287128713,0.8659420289855072,0.7626811594202898
Ionosphere,100,3011,0.7887323943661971,0.8543689320388349,0.9052173913043479,0.7182608695652174
Ionosphere,100,3012,0.7746478873239436,0.8297872340425532,0.8949096880131363,0.7401477832512315
Ionosphere,100,3013,0.9014084507042254,0.9090909090909091,0.9459677419354838,0.905241935483871
Ionosphere,100,3014,0.8450704225352113,0.8817204301075269,0.8983739837398373,0.8166666666666667
Ionosphere,100,3015,0.8028169014084507,0.851063829787234,0.8487179487179487,0.7713675213675213
Ionosphere,100,3016,0.8873239436619719,0.9130434782608695,0.9559800664451827,0.8633720930232558
Ionosphere,100,3017,0.8591549295774648,0.8958333333333334,0.9130434782608695,0.827391304347826
Ionosphere,100,3018,0.8873239436619719,0.9069767441860466,0.9822580645161291,0.8745967741935483
Ionosphere,100,3019,0.9154929577464789,0.9387755102040817,0.9618794326241135,0.8851950354609929
Ionosphere,100,3020,0.8732394366197183,0.9090909090909091,0.9375,0.8383152173913043
Ionosphere,100,3021,0.8169014084507042,0.863157894736842,0.9367816091954023,0.7811986863711001
Ionosphere,100,3022,0.8169014084507042,0.882882882882883,0.8470588235294118,0.7053921568627451
Ionosphere,100,3023,0.8591549295774648,0.9074074074074074,0.8857142857142857,0.7757142857142857
Ionosphere,100,3024,0.8873239436619719,0.92,0.9146567717996289,0.8557513914656771
Ionosphere,100,3025,0.9014084507042254,0.9247311827956989,0.9696969696969697,0.8775252525252526
Ionosphere,100,3026,0.8873239436619719,0.9090909090909091,0.9145161290322581,0.8709677419354839
Ionosphere,100,3027,0.8591549295774648,0.8979591836734695,0.8869565217391304,0.8182608695652174
Ionosphere,100,3028,0.9014084507042254,0.9230769230769231,0.9829059829059829,0.8897435897435897
Ionosphere,100,3029,0.9154929577464789,0.9387755102040817,0.9299645390070922,0.8851950354609929
Ionosphere,150,3000,0.8873239436619719,0.9215686274509804,0.939047619047619,0.8509523809523809
Ionosphere,150,3001,0.8591549295774648,0.9,0.9743589743589743,0.8076923076923077
Ionosphere,150,3002,0.9154929577464789,0.9400000000000001,0.9833024118738405,0.888682745825603
Ionosphere,150,3003,0.9295774647887324,0.9565217391304348,0.986904761904762,0.8577380952380952
Ionosphere,150,3004,0.8591549295774648,0.9056603773584906,0.9339622641509434,0.8139412997903563
Ionosphere,150,3005,0.8450704225352113,0.8865979381443299,0.92,0.8073913043478261
Ionosphere,150,3006,0.8732394366197183,0.9174311926605504,0.9571428571428572,0.7857142857142857
Ionosphere,150,3007,0.8732394366197183,0.9052631578947369,0.905982905982906,0.8431623931623932
Ionosphere,150,3008,0.8873239436619719,0.923076923076923,0.9510869565217391,0.8260869565217391
Ionosphere,150,3009,0.9014084507042254,0.9357798165137615,0.9203354297693921,0.8422431865828093
Ionosphere,150,3010,0.8309859154929577,0.8799999999999999,0.8876811594202898,0.7844202898550725
Ionosphere,150,3011,0.8028169014084507,0.8599999999999999,0.9139130434782609,0.7473913043478262
Ionosphere,150,3012,0.8309859154929577,0.8750000000000001,0.9014778325123153,0.7931034482758621
Ionosphere,150,3013,0.9295774647887324,0.9382716049382716,0.9516129032258065,0.9266129032258064
Ionosphere,150,3014,0.8309859154929577,0.8723404255319149,0.9,0.8
Ionosphere,150,3015,0.8169014084507042,0.8631578947368421,0.8547008547008547,0.7824786324786325
Ionosphere,150,3016,0.8873239436619719,0.9130434782608695,0.9601328903654485,0.8633720930232558
Ionosphere,150,3017,0.8591549295774648,0.8958333333333334,0.9304347826086956,0.827391304347826
Ionosphere,150,3018,0.8732394366197183,0.896551724137931,0.9661290322580646,0.8584677419354838
Ionosphere,150,3019,0.8873239436619719,0.9199999999999999,0.9609929078014184,0.8435283687943262
Ionosphere,150,3020,0.8873239436619719,0.9183673469387755,0.957427536231884,0.8600543478260869
Ionosphere,150,3021,0.8028169014084507,0.8541666666666667,0.9359605911330049,0.7639573070607553
Ionosphere,150,3022,0.8309859154929577,0.890909090909091,0.8696078431372549,0.7303921568627452
Ionosphere,150,3023,0.8591549295774648,0.9090909090909091,0.8990476190476191,0.7619047619047619
Ionosphere,150,3024,0.9154929577464789,0.9400000000000001,0.9332096474953617,0.888682745825603
Ionosphere,150,3025,0.9014084507042254,0.9263157894736842,0.9629629629629629,0.8703703703703703
Ionosphere,150,3026,0.8873239436619719,0.9090909090909091,0.9258064516129032,0.8709677419354839
Ionosphere,150,3027,0.8591549295774648,0.8979591836734695,0.9043478260869565,0.8182608695652174
Ionosphere,150,3028,0.9295774647887324,0.946236559139785,0.9905982905982906,0.911965811965812
Ionosphere,150,3029,0.9436619718309859,0.9591836734693878,0.9414893617021277,0.9166666666666667
Ionosphere,200,3000,0.8873239436619719,0.923076923076923,0.9295238095238095,0.8371428571428572
Ionosphere,200,3001,0.8591549295774648,0.9,0.9717948717948718,0.8076923076923077
Ionosphere,200,3002,0.9295774647887324,0.9504950495049506,0.9842300556586271,0.898886827458256
Ionosphere,200,3003,0.9577464788732394,0.9739130434782608,0.9880952380952381,0.9
Ionosphere,200,3004,0.8591549295774648,0.9056603773584906,0.929769392033543,0.8139412997903563
Ionosphere,200,3005,0.8450704225352113,0.8865979381443299,0.9234782608695652,0.8073913043478261
Ionosphere,200,3006,0.8732394366197183,0.9174311926605504,0.9742857142857143,0.7857142857142857
Ionosphere,200,3007,0.8732394366197183,0.9052631578947369,0.9153846153846154,0.8431623931623932
Ionosphere,200,3008,0.8732394366197183,0.9142857142857143,0.9565217391304348,0.8043478260869565
Ionosphere,200,3009,0.9154929577464789,0.9444444444444444,0.929769392033543,0.870020964360587
Ionosphere,200,3010,0.8309859154929577,0.8799999999999999,0.8967391304347826,0.7844202898550725
Ionosphere,200,3011,0.7887323943661971,0.8514851485148516,0.9095652173913044,0.7273913043478262
Ionosphere,200,3012,0.8732394366197183,0.9032258064516129,0.9137931034482759,0.8448275862068966
Ionosphere,200,3013,0.9154929577464789,0.9285714285714285,0.9524193548387097,0.9068548387096774
Ionosphere,200,3014,0.8309859154929577,0.8723404255319149,0.8878048780487805,0.8
Ionosphere,200,3015,0.8169014084507042,0.8631578947368421,0.8589743589743589,0.7824786324786325
Ionosphere,200,3016,0.8873239436619719,0.9130434782608695,0.9642857142857143,0.8633720930232558
Ionosphere,200,3017,0.9014084507042254,0.9263157894736843,0.9330434782608695,0.8782608695652174
Ionosphere,200,3018,0.8873239436619719,0.9069767441860466,0.9580645161290322,0.8745967741935483
Ionosphere,200,3019,0.8732394366197183,0.9090909090909091,0.9601063829787234,0.8328900709219859
Ionosphere,200,3020,0.9154929577464789,0.9400000000000001,0.9692028985507246,0.8808876811594203
Ionosphere,200,3021,0.8309859154929577,0.8723404255319148,0.9261083743842364,0.798440065681445
Ionosphere,200,3022,0.8309859154929577,0.890909090909091,0.8872549019607843,0.7303921568627452
Ionosphere,200,3023,0.8732394366197183,0.9174311926605504,0.9057142857142857,0.7857142857142857
Ionosphere,200,3024,0.9154929577464789,0.9411764705882353,0.937847866419295,0.8761595547309833
Ionosphere,200,3025,0.9014084507042254,0.9263157894736842,0.9570707070707071,0.8703703703703703
Ionosphere,200,3026,0.9014084507042254,0.9195402298850576,0.925,0.8870967741935484
Ionosphere,200,3027,0.9014084507042254,0.9263157894736843,0.9208695652173913,0.8782608695652174
Ionosphere,200,3028,0.9154929577464789,0.9375,0.9914529914529915,0.8846153846153846
Ionosphere,200,3029,0.9436619718309859,0.9591836734693878,0.9290780141843972,0.9166666666666667
Ionosphere,300,3000,0.8732394366197183,0.912621359223301,0.9285714285714286,0.8271428571428572
Ionosphere,300,3001,0.8591549295774648,0.9,0.9752136752136752,0.8076923076923077
Ionosphere,300,3002,0.9154929577464789,0.9411764705882353,0.961038961038961,0.8761595547309833
Ionosphere,300,3003,0.971830985915493,0.9824561403508771,0.9845238095238096,0.9333333333333333
Ionosphere,300,3004,0.8873239436619719,0.9259259259259259,0.9150943396226415,0.8328092243186582
Ionosphere,300,3005,0.8591549295774648,0.8979591836734695,0.9330434782608695,0.8182608695652174
Ionosphere,300,3006,0.8732394366197183,0.9174311926605504,0.9857142857142858,0.7857142857142857
Ionosphere,300,3007,0.8873239436619719,0.9166666666666665,0.9153846153846154,0.8542735042735042
Ionosphere,300,3008,0.8732394366197183,0.9142857142857143,0.9547101449275363,0.8043478260869565
Ionosphere,300,3009,0.9154929577464789,0.9444444444444444,0.9454926624737946,0.870020964360587
Ionosphere,300,3010,0.8591549295774648,0.9019607843137256,0.9012681159420289,0.8052536231884058
Ionosphere,300,3011,0.7887323943661971,0.8543689320388349,0.9104347826086957,0.7182608695652174
Ionosphere,300,3012,0.9014084507042254,0.923076923076923,0.9351395730706076,0.8793103448275862
Ionosphere,300,3013,0.8732394366197183,0.896551724137931,0.9491935483870968,0.8584677419354838
Ionosphere,300,3014,0.8450704225352113,0.8817204301075269,0.8715447154471545,0.8166666666666667
Ionosphere,300,3015,0.8309859154929577,0.8723404255319148,0.8692307692307693,0.8017094017094017
Ionosphere,300,3016,0.8732394366197183,0.9032258064516129,0.9651162790697675,0.845514950166113
Ionosphere,300,3017,0.8873239436619719,0.9183673469387755,0.9339130434782609,0.8491304347826087
Ionosphere,300,3018,0.8873239436619719,0.9069767441860466,0.9629032258064516,0.8745967741935483
Ionosphere,300,3019,0.8732394366197183,0.9108910891089108,0.949468085106383,0.8226950354609929
Ionosphere,300,3020,0.8873239436619719,0.9215686274509804,0.9791666666666666,0.837409420289855
Ionosphere,300,3021,0.8169014084507042,0.863157894736842,0.909688013136289,0.7811986863711001
Ionosphere,300,3022,0.8591549295774648,0.909090909090909,0.8950980392156863,0.7651960784313725
Ionosphere,300,3023,0.8591549295774648,0.9090909090909091,0.8990476190476191,0.7619047619047619
Ionosphere,300,3024,0.9295774647887324,0.9504950495049506,0.9397031539888683,0.898886827458256
Ionosphere,300,3025,0.8873239436619719,0.9166666666666666,0.9444444444444444,0.8518518518518519
Ionosphere,300,3026,0.9154929577464789,0.9302325581395349,0.942741935483871,0.9032258064516129
Ionosphere,300,3027,0.9154929577464789,0.9375,0.9478260869565217,0.8891304347826088
Ionosphere,300,3028,0.9295774647887324,0.9473684210526316,0.9923076923076923,0.9038461538461539
Ionosphere,300,3029,0.9295774647887324,0.9494949494949495,0.9157801418439716,0.8958333333333333
Sonar,0,3000,0.5348837209302325,0.4117647058823529,0.5367965367965368,0.54004329004329
Sonar,0,3001,0.7209302325581395,0.7,0.7478070175438597,0.7225877192982456
Sonar,0,3002,0.4186046511627907,0.48979591836734687,0.30735930735930733,0.42207792207792205
Sonar,0,3003,0.5348837209302325,0.4444444444444444,0.7355555555555555,0.5766666666666667
Sonar,0,3004,0.627906976744186,0.6521739130434783,0.7036199095022625,0.6719457013574661
Sonar,0,3005,0.5813953488372093,0.5714285714285715,0.7017543859649122,0.5866228070175439
Sonar,0,3006,0.46511627906976744,0.37837837837837834,0.4276315789473684,0.45504385964912275
Sonar,0,3007,0.5348837209302325,0.0909090909090909,0.6222222222222222,0.4677777777777778
Sonar,0,3008,0.3953488372093023,0.23529411764705882,0.46320346320346323,0.3906926406926407
Sonar,0,3009,0.4883720930232558,0.45,0.49780701754385964,0.5032894736842105
Sonar,0,3010,0.37209302325581395,0.3076923076923077,0.34347826086956523,0.3673913043478261
Sonar,0,3011,0.6046511627906976,0.5853658536585366,0.551948051948052,0.6038961038961039
Sonar,0,3012,0.23255813953488372,0.10810810810810811,0.2149122807017544,0.21929824561403508
Sonar,0,3013,0.37209302325581395,0.4,0.4846153846153846,0.46282051282051284
Sonar,0,3014,0.46511627906976744,0.25806451612903225,0.461038961038961,0.4588744588744589
Sonar,0,3015,0.46511627906976744,0.30303030303030304,0.4458874458874459,0.4599567099567099
Sonar,0,3016,0.4186046511627907,0.3243243243243243,0.42857142857142855,0.41558441558441556
Sonar,0,3017,0.5116279069767442,0.3225806451612903,0.4692982456140351,0.48574561403508776
Sonar,0,3018,0.46511627906976744,0.41025641025641024,0.44782608695652176,0.4608695652173913
Sonar,0,3019,0.6046511627906976,0.6666666666666666,0.5476190476190477,0.6093073593073594
Sonar,0,3020,0.4883720930232558,0.26666666666666666,0.39035087719298245,0.4594298245614035
Sonar,0,3021,0.7441860465116279,0.7555555555555556,0.8,0.7510869565217391
Sonar,0,3022,0.5581395348837209,0.5365853658536585,0.5407239819004525,0.5735294117647058
Sonar,0,3023,0.5581395348837209,0.4571428571428572,0.6491228070175439,0.587719298245614
Sonar,0,3024,0.5116279069767442,0.4,0.577922077922078,0.5075757575757576
Sonar,0,3025,0.46511627906976744,0.25806451612903225,0.45021645021645024,0.4588744588744589
Sonar,0,3026,0.5581395348837209,0.5365853658536586,0.5,0.5655555555555556
Sonar,0,3027,0.4418604651162791,0.4782608695652174,0.45454545454545453,0.44047619047619047
Sonar,0,3028,0.6511627906976745,0.5945945945945946,0.7058823529411765,0.6504524886877828
Sonar,0,3029,0.37209302325581395,0.12903225806451615,0.19517543859649122,0.3442982456140351
Sonar,1,3000,0.5348837209302325,0.4117647058823529,0.5454545454545454,0.54004329004329
Sonar,1,3001,0.7209302325581395,0.7,0.75,0.7225877192982456
Sonar,1,3002,0.4186046511627907,0.48979591836734687,0.30735930735930733,0.42207792207792205
Sonar,1,3003,0.5348837209302325,0.4444444444444444,0.7355555555555555,0.5766666666666667
Sonar,1,3004,0.627906976744186,0.6521739130434783,0.7036199095022625,0.6719457013574661
Sonar,1,3005,0.5813953488372093,0.5714285714285715,0.7017543859649122,0.5866228070175439
Sonar,1,3006,0.46511627906976744,0.37837837837837834,0.4276315789473684,0.45504385964912275
Sonar,1,3007,0.5348837209302325,0.0909090909090909,0.6244444444444445,0.4677777777777778
Sonar,1,3008,0.3953488372093023,0.23529411764705882,0.4696969696969697,0.3906926406926407
Sonar,1,3009,0.4883720930232558,0.45,0.49780701754385964,0.5032894736842105
Sonar,1,3010,0.3953488372093023,0.35,0.34347826086956523,0.3923913043478261
Sonar,1,3011,0.6046511627906976,0.5853658536585366,0.5562770562770563,0.6038961038961039
Sonar,1,3012,0.20930232558139536,0.10526315789473684,0.21929824561403508,0.19846491228070176
Sonar,1,3013,0.37209302325581395,0.4,0.48717948717948717,0.46282051282051284
Sonar,1,3014,0.4883720930232558,0.31249999999999994,0.4696969696969697,0.4826839826839827
Sonar,1,3015,0.46511627906976744,0.30303030303030304,0.44805194805194803,0.4599567099567099
Sonar,1,3016,0.4186046511627907,0.3243243243243243,0.43073593073593075,0.41558441558441556
Sonar,1,3017,0.5116279069767442,0.3225806451612903,0.4692982456140351,0.48574561403508776
Sonar,1,3018,0.4883720930232558,0.45,0.45217391304347826,0.48586956521739133
Sonar,1,3019,0.627906976744186,0.6923076923076923,0.5497835497835498,0.6331168831168831
Sonar,1,3020,0.4883720930232558,0.26666666666666666,0.39473684210526316,0.4594298245614035
Sonar,1,3021,0.7441860465116279,0.7555555555555556,0.8043478260869565,0.7510869565217391
Sonar,1,3022,0.5581395348837209,0.5365853658536585,0.5497737556561086,0.5735294117647058
Sonar,1,3023,0.5581395348837209,0.4571428571428572,0.6578947368421053,0.587719298245614
Sonar,1,3024,0.5116279069767442,0.4,0.5800865800865801,0.5075757575757576
Sonar,1,3025,0.46511627906976744,0.25806451612903225,0.4523809523809524,0.4588744588744589
Sonar,1,3026,0.5581395348837209,0.5365853658536586,0.5,0.5655555555555556
Sonar,1,3027,0.4418604651162791,0.4782608695652174,0.4588744588744589,0.44047619047619047
Sonar,1,3028,0.6511627906976745,0.5945945945945946,0.7058823529411765,0.6504524886877828
Sonar,1,3029,0.37209302325581395,0.12903225806451615,0.19736842105263158,0.3442982456140351
Sonar,2,3000,0.5348837209302325,0.4117647058823529,0.5541125541125541,0.54004329004329
Sonar,2,3001,0.7441860465116279,0.717948717948718,0.75,0.743421052631579
Sonar,2,3002,0.4186046511627907,0.48979591836734687,0.31385281385281383,0.42207792207792205
Sonar,2,3003,0.5348837209302325,0.4444444444444444,0.7377777777777778,0.5766666666666667
Sonar,2,3004,0.6511627906976745,0.6666666666666667,0.7149321266968326,0.6911764705882353
Sonar,2,3005,0.5813953488372093,0.5714285714285715,0.7039473684210527,0.5866228070175439
Sonar,2,3006,0.46511627906976744,0.37837837837837834,0.43201754385964913,0.45504385964912275
Sonar,2,3007,0.5581395348837209,0.1739130434782609,0.6311111111111111,0.4955555555555555
Sonar,2,3008,0.3953488372093023,0.23529411764705882,0.474025974025974,0.3906926406926407
Sonar,2,3009,0.4883720930232558,0.45,0.506578947368421,0.5032894736842105
Sonar,2,3010,0.3953488372093023,0.35,0.36086956521739133,0.3923913043478261
Sonar,2,3011,0.6046511627906976,0.5853658536585366,0.5562770562770563,0.6038961038961039
Sonar,2,3012,0.20930232558139536,0.10526315789473684,0.22149122807017543,0.19846491228070176
Sonar,2,3013,0.3488372093023256,0.36363636363636365,0.4897435897435897,0.4243589743589744
Sonar,2,3014,0.4883720930232558,0.31249999999999994,0.47619047619047616,0.4826839826839827
Sonar,2,3015,0.46511627906976744,0.30303030303030304,0.45670995670995673,0.4599567099567099
Sonar,2,3016,0.4186046511627907,0.3243243243243243,0.43506493506493504,0.41558441558441556
Sonar,2,3017,0.5116279069767442,0.3225806451612903,0.48026315789473684,0.48574561403508776
Sonar,2,3018,0.4883720930232558,0.45,0.45652173913043476,0.48586956521739133
Sonar,2,3019,0.6046511627906976,0.6666666666666666,0.5627705627705628,0.6093073593073594
Sonar,2,3020,0.5116279069767442,0.27586206896551724,0.40350877192982454,0.48026315789473684
Sonar,2,3021,0.7441860465116279,0.7555555555555556,0.8043478260869565,0.7510869565217391
Sonar,2,3022,0.5813953488372093,0.55,0.5565610859728507,0.5927601809954751
Sonar,2,3023,0.6046511627906976,0.5142857142857142,0.6776315789473685,0.6348684210526316
Sonar,2,3024,0.5116279069767442,0.4,0.5844155844155844,0.5075757575757576
Sonar,2,3025,0.46511627906976744,0.25806451612903225,0.4523809523809524,0.4588744588744589
Sonar,2,3026,0.5813953488372093,0.55,0.5111111111111111,0.5855555555555556
Sonar,2,3027,0.4418604651162791,0.4782608695652174,0.4588744588744589,0.44047619047619047
Sonar,2,3028,0.6511627906976745,0.5945945945945946,0.7126696832579186,0.6504524886877828
Sonar,2,3029,0.3488372093023256,0.125,0.20394736842105263,0.32346491228070173
Sonar,5,3000,0.5581395348837209,0.4242424242424242,0.6017316017316018,0.5638528138528138
Sonar,5,3001,0.7209302325581395,0.6842105263157895,0.7785087719298246,0.7171052631578947
Sonar,5,3002,0.4418604651162791,0.52,0.3203463203463203,0.4458874458874459
Sonar,5,3003,0.6744186046511628,0.65,0.7688888888888888,0.7044444444444444
Sonar,5,3004,0.6976744186046512,0.6829268292682927,0.7669683257918553,0.7194570135746606
Sonar,5,3005,0.6046511627906976,0.6046511627906976,0.7368421052631579,0.6129385964912281
Sonar,5,3006,0.46511627906976744,0.37837837837837834,0.46271929824561403,0.45504385964912275
Sonar,5,3007,0.627906976744186,0.3333333333333333,0.6888888888888889,0.5711111111111111
Sonar,5,3008,0.4186046511627907,0.2857142857142857,0.5151515151515151,0.4145021645021645
Sonar,5,3009,0.5348837209302325,0.5238095238095238,0.5328947368421053,0.5449561403508771
Sonar,5,3010,0.4418604651162791,0.33333333333333326,0.3934782608695652,0.43260869565217386
Sonar,5,3011,0.6046511627906976,0.5853658536585366,0.577922077922078,0.6038961038961039
Sonar,5,3012,0.20930232558139536,0.05555555555555555,0.23684210526315788,0.19298245614035087
Sonar,5,3013,0.3953488372093023,0.4090909090909091,0.517948717948718,0.47948717948717945
Sonar,5,3014,0.4883720930232558,0.31249999999999994,0.48917748917748916,0.4826839826839827
Sonar,5,3015,0.4883720930232558,0.35294117647058826,0.49134199134199136,0.48376623376623373
Sonar,5,3016,0.3953488372093023,0.2777777777777778,0.4588744588744589,0.3917748917748918
Sonar,5,3017,0.5116279069767442,0.3225806451612903,0.5087719298245614,0.48574561403508776
Sonar,5,3018,0.5348837209302325,0.5,0.5,0.5326086956521738
Sonar,5,3019,0.5813953488372093,0.64,0.5974025974025974,0.5854978354978355
Sonar,5,3020,0.5116279069767442,0.27586206896551724,0.45394736842105265,0.48026315789473684
Sonar,5,3021,0.7441860465116279,0.7555555555555556,0.8108695652173913,0.7510869565217391
Sonar,5,3022,0.6046511627906976,0.5641025641025642,0.6131221719457014,0.6119909502262444
Sonar,5,3023,0.627906976744186,0.5555555555555556,0.75,0.6557017543859649
Sonar,5,3024,0.5581395348837209,0.4571428571428571,0.6385281385281385,0.5541125541125541
Sonar,5,3025,0.4883720930232558,0.31249999999999994,0.4935064935064935,0.4826839826839827
Sonar,5,3026,0.5581395348837209,0.5365853658536586,0.5311111111111111,0.5655555555555556
Sonar,5,3027,0.4418604651162791,0.4782608695652174,0.47186147186147187,0.44047619047619047
Sonar,5,3028,0.6744186046511628,0.6315789473684211,0.7420814479638009,0.6798642533936652
Sonar,5,3029,0.3488372093023256,0.125,0.23684210526315788,0.32346491228070173
Sonar,10,3000,0.6976744186046512,0.6486486486486486,0.7424242424242424,0.7012987012987013
Sonar,10,3001,0.7674418604651163,0.7222222222222222,0.8114035087719298,0.7587719298245614
Sonar,10,3002,0.5116279069767442,0.6037735849056604,0.37012987012987014,0.5173160173160173
Sonar,10,3003,0.6976744186046512,0.6829268292682927,0.8533333333333334,0.7244444444444444
Sonar,10,3004,0.7209302325581395,0.6842105263157895,0.8167420814479638,0.7285067873303167
Sonar,10,3005,0.7441860465116279,0.7317073170731707,0.7894736842105263,0.7489035087719298
Sonar,10,3006,0.5813953488372093,0.5,0.5307017543859649,0.5701754385964912
Sonar,10,3007,0.7674418604651163,0.6153846153846153,0.8044444444444444,0.7222222222222222
Sonar,10,3008,0.5813953488372093,0.5500000000000002,0.6147186147186147,0.5800865800865801
Sonar,10,3009,0.5813953488372093,0.5714285714285715,0.5789473684210527,0.5921052631578947
Sonar,10,3010,0.46511627906976744,0.37837837837837834,0.5,0.4576086956521739
Sonar,10,3011,0.6046511627906976,0.5641025641025642,0.6320346320346321,0.6028138528138528
Sonar,10,3012,0.46511627906976744,0.34285714285714286,0.4057017543859649,0.44956140350877194
Sonar,10,3013,0.4883720930232558,0.45,0.6,0.5461538461538462
Sonar,10,3014,0.5348837209302325,0.37499999999999994,0.5627705627705628,0.5292207792207793
Sonar,10,3015,0.6511627906976745,0.5714285714285714,0.5887445887445888,0.6471861471861472
Sonar,10,3016,0.5116279069767442,0.4,0.5411255411255411,0.5075757575757576
Sonar,10,3017,0.5348837209302325,0.2857142857142857,0.6074561403508771,0.5010964912280702
Sonar,10,3018,0.5813953488372093,0.5909090909090908,0.5978260869565217,0.5858695652173913
Sonar,10,3019,0.627906976744186,0.68,0.7186147186147186,0.6320346320346321
Sonar,10,3020,0.627906976744186,0.5,0.5877192982456141,0.6063596491228069
Sonar,10,3021,0.7441860465116279,0.7555555555555556,0.8195652173913044,0.7510869565217391
Sonar,10,3022,0.6511627906976745,0.6511627906976744,0.7420814479638009,0.6809954751131222
Sonar,10,3023,0.6976744186046512,0.6486486486486487,0.8552631578947368,0.7236842105263157
Sonar,10,3024,0.5813953488372093,0.4,0.7337662337662337,0.5746753246753247
Sonar,10,3025,0.6511627906976745,0.5454545454545454,0.5952380952380952,0.6461038961038961
Sonar,10,3026,0.6046511627906976,0.6222222222222222,0.6044444444444445,0.6288888888888888
Sonar,10,3027,0.4883720930232558,0.5217391304347826,0.5194805194805194,0.487012987012987
Sonar,10,3028,0.7441860465116279,0.7317073170731708,0.7963800904977375,0.7680995475113122
Sonar,10,3029,0.3488372093023256,0.06666666666666667,0.3333333333333333,0.3179824561403509
Sonar,20,3000,0.7209302325581395,0.7391304347826088,0.8116883116883117,0.7196969696969697
Sonar,20,3001,0.813953488372093,0.7894736842105263,0.8662280701754386,0.8114035087719298
Sonar,20,3002,0.5813953488372093,0.6538461538461537,0.6363636363636364,0.5865800865800865
Sonar,20,3003,0.813953488372093,0.8260869565217391,0.9266666666666666,0.8244444444444444
Sonar,20,3004,0.7674418604651163,0.7058823529411765,0.8054298642533937,0.7567873303167421
Sonar,20,3005,0.8372093023255814,0.8292682926829269,0.8706140350877193,0.8432017543859649
Sonar,20,3006,0.6046511627906976,0.48484848484848486,0.7346491228070176,0.5855263157894737
Sonar,20,3007,0.7906976744186046,0.7567567567567567,0.8666666666666667,0.788888888888889
Sonar,20,3008,0.7906976744186046,0.7999999999999999,0.829004329004329,0.7922077922077921
Sonar,20,3009,0.6744186046511628,0.65,0.6666666666666666,0.6918859649122806
Sonar,20,3010,0.5581395348837209,0.4571428571428572,0.5869565217391305,0.5478260869565217
Sonar,20,3011,0.627906976744186,0.5294117647058824,0.6948051948051948,0.6233766233766234
Sonar,20,3012,0.6046511627906976,0.5405405405405405,0.6929824561403509,0.5964912280701754
Sonar,20,3013,0.6744186046511628,0.588235294117647,0.7153846153846154,0.7012820512820512
Sonar,20,3014,0.6511627906976745,0.5945945945945946,0.6645021645021645,0.6482683982683983
Sonar,20,3015,0.627906976744186,0.6190476190476191,0.7445887445887446,0.6277056277056277
Sonar,20,3016,0.6046511627906976,0.5641025641025642,0.6731601731601732,0.6028138528138528
Sonar,20,3017,0.6976744186046512,0.6060606060606061,0.7258771929824561,0.6798245614035088
Sonar,20,3018,0.6511627906976745,0.6341463414634146,0.7260869565217392,0.6510869565217392
Sonar,20,3019,0.6976744186046512,0.7111111111111111,0.8095238095238095,0.699134199134199
Sonar,20,3020,0.6976744186046512,0.6486486486486486,0.7017543859649122,0.6907894736842105
Sonar,20,3021,0.7209302325581395,0.7142857142857143,0.8282608695652174,0.7228260869565217
Sonar,20,3022,0.7441860465116279,0.7317073170731708,0.8438914027149321,0.7680995475113122
Sonar,20,3023,0.7441860465116279,0.744186046511628,0.8771929824561403,0.7543859649122806
Sonar,20,3024,0.6511627906976745,0.5714285714285714,0.79004329004329,0.6471861471861472
Sonar,20,3025,0.6511627906976745,0.6153846153846153,0.7380952380952381,0.6493506493506493
Sonar,20,3026,0.627906976744186,0.6363636363636364,0.7266666666666667,0.6488888888888888
Sonar,20,3027,0.5348837209302325,0.5454545454545454,0.6190476190476191,0.5346320346320346
Sonar,20,3028,0.7674418604651163,0.7619047619047621,0.8687782805429864,0.7975113122171946
Sonar,20,3029,0.6046511627906976,0.48484848484848486,0.5899122807017544,0.5855263157894737
Sonar,30,3000,0.7906976744186046,0.8,0.8506493506493507,0.7900432900432901
Sonar,30,3001,0.7906976744186046,0.7567567567567567,0.8837719298245614,0.7850877192982456
Sonar,30,3002,0.7209302325581395,0.7391304347826089,0.7532467532467533,0.722943722943723
Sonar,30,3003,0.8604651162790697,0.8749999999999999,0.9377777777777778,0.8644444444444443
Sonar,30,3004,0.7674418604651163,0.7058823529411765,0.8190045248868778,0.7567873303167421
Sonar,30,3005,0.813953488372093,0.8095238095238095,0.9035087719298246,0.8223684210526316
Sonar,30,3006,0.6744186046511628,0.6111111111111113,0.8048245614035088,0.6644736842105263
Sonar,30,3007,0.7906976744186046,0.7567567567567567,0.8911111111111111,0.788888888888889
Sonar,30,3008,0.813953488372093,0.8181818181818182,0.8766233766233766,0.8149350649350648
Sonar,30,3009,0.6744186046511628,0.6956521739130435,0.7083333333333334,0.6754385964912281
Sonar,30,3010,0.5813953488372093,0.5,0.6239130434782608,0.5728260869565217
Sonar,30,3011,0.6744186046511628,0.5625,0.7294372294372294,0.6688311688311688
Sonar,30,3012,0.6744186046511628,0.6500000000000001,0.793859649122807,0.6754385964912281
Sonar,30,3013,0.7441860465116279,0.6451612903225806,0.7589743589743589,0.7512820512820513
Sonar,30,3014,0.6744186046511628,0.6818181818181819,0.7597402597402597,0.6753246753246753
Sonar,30,3015,0.7209302325581395,0.7272727272727272,0.7770562770562771,0.7218614718614718
Sonar,30,3016,0.6511627906976745,0.6341463414634146,0.7380952380952381,0.6504329004329004
Sonar,30,3017,0.6976744186046512,0.6666666666666667,0.7478070175438597,0.6962719298245614
Sonar,30,3018,0.7209302325581395,0.7,0.7847826086956522,0.7195652173913043
Sonar,30,3019,0.7209302325581395,0.7142857142857143,0.8073593073593074,0.7207792207792207
Sonar,30,3020,0.6976744186046512,0.6666666666666667,0.7324561403508771,0.6962719298245614
Sonar,30,3021,0.7209302325581395,0.7142857142857143,0.8217391304347826,0.7228260869565217
Sonar,30,3022,0.7441860465116279,0.7317073170731708,0.8665158371040724,0.7680995475113122
Sonar,30,3023,0.7906976744186046,0.7906976744186046,0.8837719298245614,0.8015350877192983
Sonar,30,3024,0.6744186046511628,0.588235294117647,0.8138528138528138,0.6699134199134199
Sonar,30,3025,0.6744186046511628,0.6500000000000001,0.7857142857142857,0.6731601731601732
Sonar,30,3026,0.6511627906976745,0.6341463414634146,0.7844444444444445,0.6611111111111111
Sonar,30,3027,0.6046511627906976,0.6046511627906977,0.6558441558441559,0.604978354978355
Sonar,30,3028,0.7906976744186046,0.7804878048780487,0.918552036199095,0.8167420814479638
Sonar,30,3029,0.6511627906976745,0.5945945945945946,0.7697368421052632,0.6436403508771931
Sonar,50,3000,0.8372093023255814,0.8372093023255814,0.8744588744588745,0.8376623376623377
Sonar,50,3001,0.8372093023255814,0.7999999999999999,0.8728070175438597,0.8267543859649122
Sonar,50,3002,0.7209302325581395,0.7142857142857143,0.7792207792207793,0.7207792207792207
Sonar,50,3003,0.7906976744186046,0.816326530612245,0.92,0.788888888888889
Sonar,50,3004,0.7906976744186046,0.7272727272727272,0.8665158371040724,0.7760180995475113
Sonar,50,3005,0.7906976744186046,0.7804878048780488,0.9100877192982456,0.7960526315789473
Sonar,50,3006,0.8372093023255814,0.7999999999999999,0.8793859649122807,0.8267543859649122
Sonar,50,3007,0.813953488372093,0.7777777777777778,0.9244444444444444,0.8088888888888889
Sonar,50,3008,0.7674418604651163,0.7916666666666667,0.8874458874458875,0.7705627705627706
Sonar,50,3009,0.6976744186046512,0.7111111111111111,0.7894736842105263,0.7017543859649122
Sonar,50,3010,0.5581395348837209,0.5365853658536585,0.6826086956521739,0.557608695652174
Sonar,50,3011,0.7441860465116279,0.7027027027027026,0.7705627705627706,0.7413419913419914
Sonar,50,3012,0.7906976744186046,0.7692307692307692,0.8618421052631579,0.7905701754385965
Sonar,50,3013,0.7441860465116279,0.6451612903225806,0.7846153846153846,0.7512820512820513
Sonar,50,3014,0.7209302325581395,0.7142857142857143,0.8354978354978355,0.7207792207792207
Sonar,50,3015,0.7209302325581395,0.7272727272727272,0.8095238095238095,0.7218614718614718
Sonar,50,3016,0.6744186046511628,0.6666666666666666,0.7835497835497836,0.6742424242424242
Sonar,50,3017,0.7674418604651163,0.7222222222222222,0.7916666666666666,0.7587719298245614
Sonar,50,3018,0.7441860465116279,0.7027027027027027,0.8326086956521739,0.7380434782608696
Sonar,50,3019,0.6976744186046512,0.6976744186046512,0.8116883116883117,0.698051948051948
Sonar,50,3020,0.6744186046511628,0.6111111111111113,0.7719298245614035,0.6644736842105263
Sonar,50,3021,0.7441860465116279,0.7317073170731706,0.8065217391304348,0.7445652173913043
Sonar,50,3022,0.7674418604651163,0.75,0.8687782805429864,0.7873303167420814
Sonar,50,3023,0.813953488372093,0.8181818181818182,0.875,0.8223684210526316
Sonar,50,3024,0.7209302325581395,0.6666666666666666,0.8116883116883117,0.7175324675324675
Sonar,50,3025,0.7209302325581395,0.7142857142857143,0.8138528138528138,0.7207792207792207
Sonar,50,3026,0.7674418604651163,0.7499999999999999,0.8488888888888889,0.7766666666666666
Sonar,50,3027,0.627906976744186,0.6190476190476191,0.6731601731601732,0.6287878787878788
Sonar,50,3028,0.813953488372093,0.7999999999999999,0.9321266968325792,0.835972850678733
Sonar,50,3029,0.7441860465116279,0.7317073170731707,0.8618421052631579,0.7489035087719298
Sonar,75,3000,0.8372093023255814,0.8372093023255814,0.9025974025974026,0.8376623376623377
Sonar,75,3001,0.8372093023255814,0.7999999999999999,0.8793859649122807,0.8267543859649122
Sonar,75,3002,0.7906976744186046,0.7906976744186046,0.8203463203463204,0.7911255411255411
Sonar,75,3003,0.813953488372093,0.8333333333333333,0.9288888888888889,0.8166666666666667
Sonar,75,3004,0.813953488372093,0.7500000000000001,0.8733031674208145,0.7952488687782806
Sonar,75,3005,0.813953488372093,0.7894736842105263,0.9254385964912281,0.8114035087719298
Sonar,75,3006,0.8372093023255814,0.7999999999999999,0.8859649122807017,0.8267543859649122
Sonar,75,3007,0.8372093023255814,0.7999999999999999,0.9266666666666666,0.8288888888888889
Sonar,75,3008,0.7906976744186046,0.8085106382978723,0.8917748917748918,0.7932900432900433
Sonar,75,3009,0.7441860465116279,0.7659574468085107,0.8442982456140351,0.743421052631579
Sonar,75,3010,0.5813953488372093,0.55,0.7326086956521739,0.5793478260869566
Sonar,75,3011,0.8372093023255814,0.8205128205128205,0.803030303030303,0.8354978354978355
Sonar,75,3012,0.813953488372093,0.7894736842105263,0.8728070175438597,0.8114035087719298
Sonar,75,3013,0.7209302325581395,0.625,0.7974358974358975,0.7346153846153847
Sonar,75,3014,0.6976744186046512,0.6829268292682926,0.8441558441558441,0.696969696969697
Sonar,75,3015,0.7674418604651163,0.7619047619047619,0.8116883116883117,0.7673160173160173
Sonar,75,3016,0.7209302325581395,0.7,0.8095238095238095,0.7196969696969697
Sonar,75,3017,0.7209302325581395,0.6842105263157895,0.8223684210526315,0.7171052631578947
Sonar,75,3018,0.7674418604651163,0.7368421052631577,0.8586956521739131,0.7630434782608695
Sonar,75,3019,0.7209302325581395,0.7272727272727272,0.8225108225108225,0.7218614718614718
Sonar,75,3020,0.6744186046511628,0.6111111111111113,0.793859649122807,0.6644736842105263
Sonar,75,3021,0.813953488372093,0.8095238095238095,0.8043478260869565,0.816304347826087
Sonar,75,3022,0.813953488372093,0.7894736842105262,0.8823529411764706,0.8257918552036199
Sonar,75,3023,0.813953488372093,0.8181818181818182,0.8793859649122807,0.8223684210526316
Sonar,75,3024,0.7209302325581395,0.6666666666666666,0.829004329004329,0.7175324675324675
Sonar,75,3025,0.6976744186046512,0.6666666666666666,0.8376623376623377,0.6958874458874459
Sonar,75,3026,0.813953488372093,0.7999999999999999,0.8755555555555555,0.8244444444444444
Sonar,75,3027,0.6511627906976745,0.6341463414634148,0.696969696969697,0.6525974025974026
Sonar,75,3028,0.7906976744186046,0.7804878048780487,0.9321266968325792,0.8167420814479638
Sonar,75,3029,0.7441860465116279,0.7317073170731707,0.8991228070175439,0.7489035087719298
Sonar,100,3000,0.813953488372093,0.8181818181818182,0.9069264069264069,0.8138528138528138
Sonar,100,3001,0.8604651162790697,0.8235294117647058,0.8859649122807017,0.8475877192982456
Sonar,100,3002,0.7906976744186046,0.7999999999999999,0.8376623376623377,0.7922077922077921
Sonar,100,3003,0.8372093023255814,0.8571428571428572,0.9266666666666666,0.8366666666666667
Sonar,100,3004,0.7906976744186046,0.7096774193548386,0.8846153846153846,0.7658371040723981
Sonar,100,3005,0.813953488372093,0.7894736842105263,0.9320175438596491,0.8114035087719298
Sonar,100,3006,0.813953488372093,0.7647058823529413,0.8969298245614035,0.8004385964912281
Sonar,100,3007,0.8372093023255814,0.7999999999999999,0.9377777777777778,0.8288888888888889
Sonar,100,3008,0.7906976744186046,0.8085106382978723,0.8961038961038961,0.7932900432900433
Sonar,100,3009,0.7906976744186046,0.8085106382978724,0.868421052631579,0.7905701754385965
Sonar,100,3010,0.627906976744186,0.6363636363636365,0.7565217391304347,0.6326086956521739
Sonar,100,3011,0.813953488372093,0.8,0.8203463203463204,0.8127705627705628
Sonar,100,3012,0.813953488372093,0.7894736842105263,0.8706140350877193,0.8114035087719298
Sonar,100,3013,0.7209302325581395,0.5999999999999999,0.7948717948717948,0.7128205128205127
Sonar,100,3014,0.7441860465116279,0.7317073170731706,0.8484848484848485,0.7435064935064934
Sonar,100,3015,0.7441860465116279,0.717948717948718,0.8398268398268398,0.7424242424242424
Sonar,100,3016,0.6744186046511628,0.6315789473684211,0.8268398268398268,0.672077922077922
Sonar,100,3017,0.7441860465116279,0.7027027027027027,0.8355263157894737,0.7379385964912281
Sonar,100,3018,0.7674418604651163,0.7368421052631577,0.8804347826086957,0.7630434782608695
Sonar,100,3019,0.7441860465116279,0.7555555555555556,0.8376623376623377,0.7456709956709957
Sonar,100,3020,0.6976744186046512,0.6285714285714286,0.8201754385964912,0.6853070175438596
Sonar,100,3021,0.813953488372093,0.8095238095238095,0.8195652173913044,0.816304347826087
Sonar,100,3022,0.7906976744186046,0.7567567567567567,0.9049773755656109,0.7963800904977376
Sonar,100,3023,0.813953488372093,0.8181818181818182,0.8793859649122807,0.8223684210526316
Sonar,100,3024,0.7441860465116279,0.6857142857142857,0.854978354978355,0.7402597402597402
Sonar,100,3025,0.7441860465116279,0.717948717948718,0.8376623376623377,0.7424242424242424
Sonar,100,3026,0.813953488372093,0.7999999999999999,0.8777777777777778,0.8244444444444444
Sonar,100,3027,0.6511627906976745,0.6341463414634148,0.696969696969697,0.6525974025974026
Sonar,100,3028,0.8372093023255814,0.8205128205128205,0.9253393665158371,0.8552036199095023
Sonar,100,3029,0.7906976744186046,0.7804878048780488,0.9166666666666666,0.7960526315789473
Sonar,150,3000,0.813953488372093,0.8181818181818182,0.9134199134199135,0.8138528138528138
Sonar,150,3001,0.813953488372093,0.7777777777777778,0.8859649122807017,0.805921052631579
Sonar,150,3002,0.7906976744186046,0.8085106382978723,0.854978354978355,0.7932900432900433
Sonar,150,3003,0.7906976744186046,0.816326530612245,0.9133333333333333,0.788888888888889
Sonar,150,3004,0.7906976744186046,0.7096774193548386,0.8868778280542986,0.7658371040723981
Sonar,150,3005,0.7906976744186046,0.7692307692307692,0.9276315789473685,0.7905701754385965
Sonar,150,3006,0.8604651162790697,0.8125000000000001,0.9166666666666666,0.8421052631578947
Sonar,150,3007,0.813953488372093,0.7647058823529411,0.9222222222222223,0.8011111111111111
Sonar,150,3008,0.7674418604651163,0.782608695652174,0.8982683982683982,0.7694805194805194
Sonar,150,3009,0.7906976744186046,0.8085106382978724,0.8881578947368421,0.7905701754385965
Sonar,150,3010,0.627906976744186,0.6363636363636365,0.7847826086956522,0.6326086956521739
Sonar,150,3011,0.8372093023255814,0.8292682926829269,0.8441558441558441,0.8365800865800865
Sonar,150,3012,0.7674418604651163,0.7222222222222222,0.868421052631579,0.7587719298245614
Sonar,150,3013,0.7441860465116279,0.6206896551724138,0.8307692307692308,0.7294871794871796
Sonar,150,3014,0.7906976744186046,0.7906976744186046,0.8701298701298701,0.7911255411255411
Sonar,150,3015,0.7906976744186046,0.7692307692307692,0.8528138528138528,0.788961038961039
Sonar,150,3016,0.6744186046511628,0.6315789473684211,0.8268398268398268,0.672077922077922
Sonar,150,3017,0.7441860465116279,0.7027027027027027,0.8574561403508771,0.7379385964912281
Sonar,150,3018,0.813953488372093,0.7894736842105262,0.8630434782608696,0.8097826086956521
Sonar,150,3019,0.7441860465116279,0.7555555555555556,0.8376623376623377,0.7456709956709957
Sonar,150,3020,0.7209302325581395,0.6842105263157895,0.8399122807017544,0.7171052631578947
Sonar,150,3021,0.7906976744186046,0.7804878048780488,0.8391304347826087,0.791304347826087
Sonar,150,3022,0.8372093023255814,0.7999999999999999,0.9072398190045249,0.8348416289592759
Sonar,150,3023,0.813953488372093,0.8260869565217391,0.8881578947368421,0.8168859649122806
Sonar,150,3024,0.7674418604651163,0.7058823529411765,0.8722943722943723,0.762987012987013
Sonar,150,3025,0.7441860465116279,0.717948717948718,0.8333333333333334,0.7424242424242424
Sonar,150,3026,0.8372093023255814,0.8108108108108109,0.8822222222222222,0.8366666666666667
Sonar,150,3027,0.5813953488372093,0.5714285714285713,0.6991341991341992,0.5822510822510822
Sonar,150,3028,0.8604651162790697,0.8421052631578947,0.9434389140271493,0.8744343891402715
Sonar,150,3029,0.8604651162790697,0.8421052631578947,0.9254385964912281,0.8585526315789473
Sonar,200,3000,0.8372093023255814,0.8372093023255814,0.9004329004329005,0.8376623376623377
Sonar,200,3001,0.813953488372093,0.7647058823529413,0.8947368421052632,0.8004385964912281
Sonar,200,3002,0.7906976744186046,0.8085106382978723,0.8571428571428571,0.7932900432900433
Sonar,200,3003,0.813953488372093,0.8399999999999999,0.9155555555555556,0.8088888888888889
Sonar,200,3004,0.7906976744186046,0.7096774193548386,0.8868778280542986,0.7658371040723981
Sonar,200,3005,0.7906976744186046,0.7692307692307692,0.9320175438596491,0.7905701754385965
Sonar,200,3006,0.8604651162790697,0.8235294117647058,0.9166666666666666,0.8475877192982456
Sonar,200,3007,0.7906976744186046,0.7428571428571428,0.9022222222222223,0.7811111111111111
Sonar,200,3008,0.7906976744186046,0.7999999999999999,0.8939393939393939,0.7922077922077921
Sonar,200,3009,0.7906976744186046,0.7999999999999999,0.9035087719298246,0.7960526315789473
Sonar,200,3010,0.627906976744186,0.6363636363636365,0.8043478260869565,0.6326086956521739
Sonar,200,3011,0.8372093023255814,0.8292682926829269,0.8593073593073594,0.8365800865800865
Sonar,200,3012,0.7906976744186046,0.742857142857143,0.8771929824561403,0.7796052631578947
Sonar,200,3013,0.7906976744186046,0.6896551724137931,0.8487179487179487,0.7846153846153847
Sonar,200,3014,0.8372093023255814,0.8372093023255814,0.8939393939393939,0.8376623376623377
Sonar,200,3015,0.813953488372093,0.7894736842105262,0.8463203463203464,0.8116883116883117
Sonar,200,3016,0.7441860465116279,0.7027027027027026,0.8116883116883117,0.7413419913419914
Sonar,200,3017,0.813953488372093,0.7894736842105263,0.8596491228070176,0.8114035087719298
Sonar,200,3018,0.813953488372093,0.7894736842105262,0.8652173913043478,0.8097826086956521
Sonar,200,3019,0.7441860465116279,0.7555555555555556,0.8398268398268398,0.7456709956709957
Sonar,200,3020,0.7906976744186046,0.7567567567567567,0.8530701754385965,0.7850877192982456
Sonar,200,3021,0.7906976744186046,0.7804878048780488,0.8543478260869565,0.791304347826087
Sonar,200,3022,0.8604651162790697,0.8235294117647058,0.9072398190045249,0.8540723981900452
Sonar,200,3023,0.7906976744186046,0.7999999999999999,0.8859649122807017,0.7960526315789473
Sonar,200,3024,0.7906976744186046,0.7272727272727273,0.8874458874458875,0.7857142857142857
Sonar,200,3025,0.7674418604651163,0.7500000000000001,0.8376623376623377,0.7662337662337663
Sonar,200,3026,0.813953488372093,0.7894736842105262,0.8866666666666667,0.8166666666666667
Sonar,200,3027,0.5813953488372093,0.5714285714285713,0.7207792207792207,0.5822510822510822
Sonar,200,3028,0.8604651162790697,0.8421052631578947,0.9479638009049773,0.8744343891402715
Sonar,200,3029,0.8604651162790697,0.8421052631578947,0.9364035087719298,0.8585526315789473
Sonar,300,3000,0.813953488372093,0.8095238095238095,0.8917748917748918,0.8149350649350648
Sonar,300,3001,0.8372093023255814,0.7999999999999999,0.9078947368421053,0.8267543859649122
Sonar,300,3002,0.8372093023255814,0.8510638297872339,0.8787878787878788,0.8398268398268398
Sonar,300,3003,0.813953488372093,0.8399999999999999,0.9,0.8088888888888889
Sonar,300,3004,0.7906976744186046,0.7096774193548386,0.8959276018099548,0.7658371040723981
Sonar,300,3005,0.8604651162790697,0.8500000000000001,0.9298245614035088,0.8640350877192983
Sonar,300,3006,0.8604651162790697,0.8235294117647058,0.918859649122807,0.8475877192982456
Sonar,300,3007,0.7906976744186046,0.7428571428571428,0.8955555555555555,0.7811111111111111
Sonar,300,3008,0.813953488372093,0.8181818181818182,0.8809523809523809,0.8149350649350648
Sonar,300,3009,0.813953488372093,0.8260869565217391,0.9276315789473685,0.8168859649122806
Sonar,300,3010,0.6744186046511628,0.6666666666666666,0.808695652173913,0.6760869565217391
Sonar,300,3011,0.8604651162790697,0.8500000000000001,0.8679653679653679,0.8593073593073592
Sonar,300,3012,0.7906976744186046,0.742857142857143,0.8881578947368421,0.7796052631578947
Sonar,300,3013,0.813953488372093,0.7142857142857142,0.8769230769230769,0.8012820512820513
Sonar,300,3014,0.8604651162790697,0.8636363636363636,0.9090909090909091,0.8614718614718615
Sonar,300,3015,0.7906976744186046,0.7692307692307692,0.8528138528138528,0.788961038961039
Sonar,300,3016,0.7209302325581395,0.6842105263157895,0.8073593073593074,0.7186147186147187
Sonar,300,3017,0.813953488372093,0.8,0.8706140350877193,0.8168859649122806
Sonar,300,3018,0.7906976744186046,0.7567567567567567,0.8804347826086957,0.7847826086956522
Sonar,300,3019,0.7441860465116279,0.7555555555555556,0.8376623376623377,0.7456709956709957
Sonar,300,3020,0.813953488372093,0.7777777777777778,0.8574561403508771,0.805921052631579
Sonar,300,3021,0.7906976744186046,0.7692307692307692,0.8934782608695652,0.7880434782608696
Sonar,300,3022,0.8372093023255814,0.7999999999999999,0.9140271493212669,0.8348416289592759
Sonar,300,3023,0.7674418604651163,0.7727272727272727,0.8947368421052632,0.7752192982456141
Sonar,300,3024,0.7674418604651163,0.7058823529411765,0.8982683982683982,0.762987012987013
Sonar,300,3025,0.7441860465116279,0.7317073170731706,0.8311688311688312,0.7435064935064934
Sonar,300,3026,0.813953488372093,0.7894736842105262,0.8911111111111111,0.8166666666666667
Sonar,300,3027,0.5813953488372093,0.5714285714285713,0.7316017316017316,0.5822510822510822
Sonar,300,3028,0.8604651162790697,0.8421052631578947,0.9411764705882353,0.8744343891402715
Sonar,300,3029,0.8604651162790697,0.8421052631578947,0.9539473684210527,0.8585526315789473
Banknote,0,3000,0.5054545454545455,0.0,0.15876648142094366,0.43167701863354035
Banknote,0,3001,0.5709090909090909,0.0,0.6946453632732376,0.5
Banknote,0,3002,0.5454545454545454,0.0,0.5255466666666667,0.5
Banknote,0,3003,0.5309090909090909,0.07194244604316546,0.38753315649867376,0.5054376657824934
Banknote,0,3004,0.36363636363636365,0.35424354243542433,0.2516479894528675,0.3747528015820699
Banknote,0,3005,0.5309090909090909,0.5770491803278688,0.6506989247311828,0.553763440860215
Banknote,0,3006,0.4581818181818182,0.6284289276807979,0.10418664109939278,0.5
Banknote,0,3007,0.3890909090909091,0.17647058823529413,0.2821003401360544,0.37303358843537415
Banknote,0,3008,0.4290909090909091,0.5857519788918206,0.29606625258799174,0.5085812356979406
Banknote,0,3009,0.48727272727272725,0.22099447513812157,0.4220491182516499,0.4462295791409715
Banknote,0,3010,0.3927272727272727,0.5269121813031161,0.2761258349493644,0.4388332255979315
Banknote,0,3011,0.5236363636363637,0.09655172413793103,0.6211784618639585,0.5219242568496774
Banknote,0,3012,0.36727272727272725,0.521978021978022,0.12063182949258898,0.4249702477550579
Banknote,0,3013,0.5054545454545455,0.5177304964539007,0.5207582213481918,0.5267125532612258
Banknote,0,3014,0.45454545454545453,0.5786516853932584,0.6290618590089604,0.5065043722336177
Banknote,0,3015,0.6727272727272727,0.5108695652173914,0.7562893081761006,0.6365484710474951
Banknote,0,3016,0.4581818181818182,0.026143790849673203,0.11464968152866242,0.40337903486991256
Banknote,0,3017,0.4581818181818182,0.6284289276807979,0.5687653137317566,0.5
Banknote,0,3018,0.16363636363636364,0.1785714285714286,0.09780958577315116,0.17065170245066147
Banknote,0,3019,0.5563636363636364,0.419047619047619,0.5539733333333333,0.5393333333333333
Banknote,0,3020,0.4763636363636364,0.6149732620320856,0.8647282608695652,0.55
Banknote,0,3021,0.4109090909090909,0.5290697674418604,0.31929082628497074,0.4614237692474517
Banknote,0,3022,0.29818181818181816,0.3588039867109635,0.26188207896686777,0.3007833174552768
Banknote,0,3023,0.31272727272727274,0.47645429362880887,0.09849483629971435,0.38738738738738737
Banknote,0,3024,0.4618181818181818,0.6205128205128205,0.5990173039948729,0.5077707754753258
Banknote,0,3025,0.6181818181818182,0.6938775510204083,0.8207597361140668,0.6408012343051713
Banknote,0,3026,0.4727272727272727,0.18994413407821226,0.2991014120667522,0.44081621737270005
Banknote,0,3027,0.5563636363636364,0.5413533834586467,0.5465966921119593,0.5560591603053435
Banknote,0,3028,0.37454545454545457,0.5222222222222221,0.3591169167656267,0.4269675051279283
Banknote,0,3029,0.4509090909090909,0.37860082304526754,0.3875094461837418,0.44332289754939
Banknote,1,3000,0.509090909090909,0.0,0.16432385311103848,0.43478260869565216
Banknote,1,3001,0.5709090909090909,0.0,0.7280578646226924,0.5
Banknote,1,3002,0.5490909090909091,0.015873015873015872,0.53472,0.504
Banknote,1,3003,0.5309090909090909,0.07194244604316546,0.39570291777188327,0.5054376657824934
Banknote,1,3004,0.36363636363636365,0.35424354243542433,0.257690617446715,0.3747528015820699
Banknote,1,3005,0.5381818181818182,0.5808580858085808,0.6612903225806451,0.5602150537634408
Banknote,1,3006,0.4581818181818182,0.6284289276807979,0.12522637690422925,0.5
Banknote,1,3007,0.3927272727272727,0.17733990147783252,0.288531037414966,0.37643494897959184
Banknote,1,3008,0.4290909090909091,0.5857519788918206,0.3352947586357197,0.5085812356979406
Banknote,1,3009,0.49818181818181817,0.22471910112359553,0.4308125067618738,0.4557232500270475
Banknote,1,3010,0.3927272727272727,0.5269121813031161,0.28646843352725704,0.4388332255979315
Banknote,1,3011,0.5309090909090909,0.12244897959183675,0.63344969850841,0.52922352692267
Banknote,1,3012,0.36727272727272725,0.521978021978022,0.12544628367413177,0.4249702477550579
Banknote,1,3013,0.509090909090909,0.5229681978798587,0.5274227029389271,0.5311373320222877
Banknote,1,3014,0.4581818181818182,0.5826330532212884,0.6444996221526503,0.5107416603692109
Banknote,1,3015,0.6727272727272727,0.5108695652173914,0.7619822164389504,0.6365484710474951
Banknote,1,3016,0.4581818181818182,0.026143790849673203,0.11869804598942027,0.40337903486991256
Banknote,1,3017,0.4581818181818182,0.6284289276807979,0.5990731863215085,0.5
Banknote,1,3018,0.16727272727272727,0.17921146953405018,0.10062893081761007,0.17379635653871178
Banknote,1,3019,0.5745454545454546,0.43478260869565216,0.57696,0.5566666666666666
Banknote,1,3020,0.48,0.6166219839142092,0.8671195652173913,0.553125
Banknote,1,3021,0.4218181818181818,0.533724340175953,0.33929733246584254,0.47085773151160265
Banknote,1,3022,0.3018181818181818,0.3642384105960265,0.26860378956282416,0.3045146607388589
Banknote,1,3023,0.33090909090909093,0.4972677595628415,0.10376840254889036,0.4099099099099099
Banknote,1,3024,0.46545454545454545,0.622107969151671,0.6170155949583422,0.5110820337534715
Banknote,1,3025,0.6181818181818182,0.6938775510204083,0.8234198765694829,0.6408012343051713
Banknote,1,3026,0.4763636363636364,0.19101123595505617,0.3069640564826701,0.44410569105691056
Banknote,1,3027,0.5636363636363636,0.5454545454545454,0.5536471586089907,0.563003604749788
Banknote,1,3028,0.3781818181818182,0.5263157894736842,0.3671056893015222,0.4312047932635215
Banknote,1,3029,0.45454545454545453,0.3801652892561984,0.39198963618698046,0.4465076109251862
Banknote,2,3000,0.5272727272727272,0.0,0.17930696305982347,0.4503105590062112
Banknote,2,3001,0.5709090909090909,0.0,0.8066501133542049,0.5
Banknote,2,3002,0.5563636363636364,0.046875,0.5541333333333334,0.512
Banknote,2,3003,0.5345454545454545,0.08571428571428573,0.4108222811671087,0.5092838196286472
Banknote,2,3004,0.38181818181818183,0.3609022556390978,0.26944627554383654,0.38999670402109426
Banknote,2,3005,0.56,0.5925925925925927,0.681236559139785,0.5795698924731183
Banknote,2,3006,0.4581818181818182,0.6284289276807979,0.1715670608288058,0.5
Banknote,2,3007,0.39636363636363636,0.17821782178217824,0.30197704081632654,0.37983630952380953
Banknote,2,3008,0.4290909090909091,0.5835543766578248,0.434074316225346,0.5073008608477716
Banknote,2,3009,0.5309090909090909,0.24561403508771928,0.45034079844206426,0.4853132099967543
Banknote,2,3010,0.39636363636363636,0.5310734463276836,0.3037599655246714,0.44303490627020037
Banknote,2,3011,0.5345454545454545,0.13513513513513514,0.6598434359462605,0.5328731619591663
Banknote,2,3012,0.3709090909090909,0.526027397260274,0.13561614194525587,0.42924375202856213
Banknote,2,3013,0.52,0.5352112676056339,0.5396591281547034,0.5430733092974981
Banknote,2,3014,0.4727272727272727,0.5983379501385041,0.6741876281982079,0.5276908129115837
Banknote,2,3015,0.6763636363636364,0.518918918918919,0.7713619605291694,0.6408588158750813
Banknote,2,3016,0.45454545454545453,0.013157894736842105,0.1279283169599482,0.39914174673431935
Banknote,2,3017,0.4581818181818182,0.6284289276807979,0.662938105891126,0.5
Banknote,2,3018,0.1709090909090909,0.17391304347826086,0.10756885708089352,0.1757753198872262
Banknote,2,3019,0.5890909090909091,0.4541062801932367,0.61616,0.5713333333333334
Banknote,2,3020,0.48363636363636364,0.6182795698924731,0.871195652173913,0.55625
Banknote,2,3021,0.43272727272727274,0.5411764705882354,0.38370201691607025,0.4814573845152895
Banknote,2,3022,0.32,0.3745819397993311,0.2832645284217212,0.32243040118556154
Banknote,2,3023,0.34545454545454546,0.5135135135135135,0.11563392660953636,0.42792792792792794
Banknote,2,3024,0.46545454545454545,0.622107969151671,0.6503418073061311,0.5110820337534715
Banknote,2,3025,0.6327272727272727,0.7020648967551623,0.827250478825282,0.6543147478186848
Banknote,2,3026,0.48,0.192090395480226,0.32220795892169446,0.44739516474112107
Banknote,2,3027,0.5781818181818181,0.5538461538461538,0.5665288379983037,0.5768924936386768
Banknote,2,3028,0.38545454545454544,0.534435261707989,0.3810320630465292,0.439679369534708
Banknote,2,3029,0.4727272727272727,0.38818565400843885,0.39846701932419304,0.4624311778041671
Banknote,5,3000,0.5781818181818181,0.0,0.33300642911626893,0.4937888198757764
Banknote,5,3001,0.5709090909090909,0.0,0.9705279067256828,0.5
Banknote,5,3002,0.5927272727272728,0.19999999999999998,0.6562133333333333,0.5526666666666666
Banknote,5,3003,0.5418181818181819,0.1,0.503342175066313,0.51657824933687
Banknote,5,3004,0.41818181818181815,0.3893129770992366,0.3427268732146781,0.42485168094924197
Banknote,5,3005,0.7090909090909091,0.6923076923076924,0.7840860215053763,0.7137096774193548
Banknote,5,3006,0.44363636363636366,0.6146095717884131,0.462607861936721,0.48412698412698413
Banknote,5,3007,0.44727272727272727,0.22448979591836735,0.37717899659863946,0.4294749149659864
Banknote,5,3008,0.5054545454545455,0.6136363636363635,0.8239075950746432,0.5699575024517816
Banknote,5,3009,0.5927272727272728,0.30864197530864196,0.565238558909445,0.5435464675971005
Banknote,5,3010,0.4581818181818182,0.5681159420289855,0.43886015944839474,0.5015082956259427
Banknote,5,3011,0.5454545454545454,0.17218543046357615,0.794192319898445,0.5438220670686554
Banknote,5,3012,0.3709090909090909,0.5207756232686981,0.22265498214865304,0.4270258574056043
Banknote,5,3013,0.5890909090909091,0.5799256505576208,0.613241560144215,0.604392002622091
Banknote,5,3014,0.5854545454545454,0.6686046511627908,0.8493468638669978,0.6337849508798445
Banknote,5,3015,0.6945454545454546,0.5625,0.8165799175883757,0.6635762307525482
Banknote,5,3016,0.4690909090909091,0.0,0.22465723847565583,0.410828025477707
Banknote,5,3017,0.4581818181818182,0.6284289276807979,0.8721636305528923,0.5
Banknote,5,3018,0.32727272727272727,0.30711610486891383,0.26160268922142704,0.33081218824549985
Banknote,5,3019,0.6581818181818182,0.5436893203883495,0.7603733333333333,0.6406666666666667
Banknote,5,3020,0.5272727272727272,0.6368715083798883,0.8884782608695653,0.5925271739130435
Banknote,5,3021,0.4763636363636364,0.5764705882352941,0.6451962697896335,0.5261873780091086
Banknote,5,3022,0.4509090909090909,0.44688644688644685,0.4061606859320419,0.4510161956176564
Banknote,5,3023,0.38181818181818183,0.5526315789473685,0.22352230279059548,0.47297297297297297
Banknote,5,3024,0.5236363636363637,0.6525198938992043,0.8037278359324931,0.5655041657765435
Banknote,5,3025,0.6909090909090909,0.735202492211838,0.8469355181953607,0.7078101723771015
Banknote,5,3026,0.5309090909090909,0.3027027027027027,0.42394094993581516,0.5019790329482242
Banknote,5,3027,0.6436363636363637,0.6016260162601625,0.6467875318066157,0.640081636980492
Banknote,5,3028,0.3890909090909091,0.5384615384615384,0.49033790348699124,0.4439166576703012
Banknote,5,3029,0.5054545454545455,0.4035087719298246,0.4507179099643744,0.4910935981863327
Banknote,10,3000,0.6690909090909091,0.3453237410071942,0.7727470851040645,0.602157567832625
Banknote,10,3001,0.84,0.7708333333333333,0.9856418007125122,0.8135593220338984
Banknote,10,3002,0.6618181818181819,0.4294478527607362,0.8149333333333333,0.63
Banknote,10,3003,0.5890909090909091,0.25165562913907286,0.8313527851458886,0.5661803713527851
Banknote,10,3004,0.72,0.574585635359116,0.7897165458141068,0.6793561854537464
Banknote,10,3005,0.9381818181818182,0.9237668161434976,0.9624731182795699,0.9291666666666667
Banknote,10,3006,0.6763636363636364,0.7003367003367004,0.8021199531266645,0.687866197933312
Banknote,10,3007,0.5636363636363636,0.368421052631579,0.6232993197278912,0.5448820153061225
Banknote,10,3008,0.8363636363636363,0.8178137651821863,0.921270567723657,0.8436035741527732
Banknote,10,3009,0.7527272727272727,0.6046511627906976,0.833820188250568,0.7127285513361463
Banknote,10,3010,0.6836363636363636,0.7220447284345048,0.8023055375996553,0.715174531351002
Banknote,10,3011,0.6836363636363636,0.5347593582887701,0.9593779752459537,0.6824817518248175
Banknote,10,3012,0.48363636363636364,0.5448717948717949,0.5556096505463594,0.5151465974250784
Banknote,10,3013,0.7527272727272727,0.728,0.8386867693652355,0.7606795586146619
Banknote,10,3014,0.9018181818181819,0.8973384030418251,0.9961135701176724,0.9140127388535032
Banknote,10,3015,0.7709090909090909,0.6985645933014354,0.878876599436131,0.7517620906527869
Banknote,10,3016,0.6036363636363636,0.25850340136054417,0.7207708085933283,0.5486613408183094
Banknote,10,3017,0.8181818181818182,0.8344370860927153,0.9561095131564931,0.8322147651006712
Banknote,10,3018,0.7345454545454545,0.6604651162790697,0.8152786814140099,0.7179841682932119
Banknote,10,3019,0.7418181818181818,0.6844444444444444,0.8728,0.7313333333333334
Banknote,10,3020,0.7163636363636363,0.7328767123287672,0.9121739130434783,0.7464673913043478
Banknote,10,3021,0.730909090909091,0.7299270072992702,0.847863803947083,0.7486445456517024
Banknote,10,3022,0.8872727272727273,0.8734693877551021,0.9638509579760771,0.885069334180163
Banknote,10,3023,0.6363636363636364,0.6894409937888198,0.8926060206548011,0.6951219512195121
Banknote,10,3024,0.68,0.7249999999999999,0.9193548387096774,0.7028412732322153
Banknote,10,3025,0.7527272727272727,0.7638888888888888,0.8846563098531602,0.760773568844435
Banknote,10,3026,0.5745454545454546,0.3809523809523809,0.680198973042362,0.5476572528883183
Banknote,10,3027,0.7963636363636364,0.7358490566037735,0.9625212044105174,0.7872932569974554
Banknote,10,3028,0.49454545454545457,0.6293333333333333,0.9357119723631653,0.5573248407643312
Banknote,10,3029,0.6509090909090909,0.4666666666666666,0.6962647090575408,0.6142718341789917
Banknote,20,3000,0.8254545454545454,0.7777777777777778,0.9298245614035088,0.8125204315135666
Banknote,20,3001,0.9381818181818182,0.9306122448979591,0.9851559969772212,0.9416495735722767
Banknote,20,3002,0.7963636363636364,0.7477477477477477,0.92704,0.7853333333333333
Banknote,20,3003,0.8618181818181818,0.8416666666666667,0.9214854111405836,0.8574270557029178
Banknote,20,3004,0.8472727272727273,0.7812500000000001,0.9458360799824215,0.8195451549110085
Banknote,20,3005,0.9309090909090909,0.9147982062780268,0.9736559139784946,0.9217741935483871
Banknote,20,3006,0.8472727272727273,0.8205128205128205,0.9369340577394268,0.8406839245765421
Banknote,20,3007,0.8145454545454546,0.7984189723320159,0.8821747448979592,0.8128985969387755
Banknote,20,3008,0.8581818181818182,0.8340425531914893,0.9487305219570665,0.8583959899749374
Banknote,20,3009,0.9345454545454546,0.9196428571428572,0.9778751487612247,0.9275127123228388
Banknote,20,3010,0.9018181818181819,0.8851063829787235,0.9677871148459384,0.898513251454428
Banknote,20,3011,0.9236363636363636,0.9230769230769231,0.9759335660636835,0.9236221305405692
Banknote,20,3012,0.7927272727272727,0.7015706806282722,0.9246456778102348,0.7641728875906091
Banknote,20,3013,0.84,0.811965811965812,0.9490877307986453,0.840107068720638
Banknote,20,3014,0.8836363636363637,0.8608695652173912,0.9666954550361654,0.8780902515383785
Banknote,20,3015,0.8618181818181818,0.8333333333333334,0.9394925178919974,0.8560236391238343
Banknote,20,3016,0.7636363636363637,0.7136563876651981,0.8722875958112922,0.7540483644607578
Banknote,20,3017,0.8363636363636363,0.8085106382978724,0.9519015659955258,0.8300042612123149
Banknote,20,3018,0.8072727272727273,0.7557603686635945,0.9127087399696379,0.793699848189113
Banknote,20,3019,0.8290909090909091,0.8065843621399177,0.93392,0.8253333333333334
Banknote,20,3020,0.850909090909091,0.8177777777777778,0.9384782608695652,0.84375
Banknote,20,3021,0.8109090909090909,0.7886178861788617,0.9107568857080893,0.8143298633702016
Banknote,20,3022,0.9054545454545454,0.8976377952755905,0.9704668148618609,0.9040965385836774
Banknote,20,3023,0.9236363636363636,0.9066666666666667,0.9827510437266535,0.922874093605801
Banknote,20,3024,0.9018181818181819,0.8870292887029289,0.9606921597949156,0.8976180303353984
Banknote,20,3025,0.8618181818181818,0.8480000000000001,0.9373802936795063,0.8598904022132368
Banknote,20,3026,0.8690909090909091,0.8421052631578947,0.9567287120239624,0.8606386392811296
Banknote,20,3027,0.9309090909090909,0.9230769230769231,0.9896628498727735,0.9281700593723494
Banknote,20,3028,0.9054545454545454,0.8916666666666667,0.9815934362517543,0.9056191298715319
Banknote,20,3029,0.88,0.8405797101449275,0.9637266544316097,0.8622746410450178
Banknote,30,3000,0.8909090909090909,0.8728813559322034,0.9663833496785442,0.8927481747847881
Banknote,30,3001,0.9381818181818182,0.9311740890688259,0.9909856418007125,0.9427021483320739
Banknote,30,3002,0.8909090909090909,0.8846153846153846,0.96416,0.8933333333333333
Banknote,30,3003,0.8763636363636363,0.8661417322834646,0.9393633952254642,0.8748010610079575
Banknote,30,3004,0.8945454545454545,0.862559241706161,0.9618765106569984,0.8824708855196659
Banknote,30,3005,0.9381818181818182,0.925764192139738,0.9838709677419355,0.9319892473118279
Banknote,30,3006,0.88,0.8583690987124463,0.9687866197933312,0.8733354639394908
Banknote,30,3007,0.8472727272727273,0.8384615384615386,0.9395195578231292,0.8475499574829932
Banknote,30,3008,0.8945454545454545,0.8733624454148472,0.9668192219679634,0.8920126402963932
Banknote,30,3009,0.9527272727272728,0.9437229437229437,0.9871794871794872,0.9499891810018393
Banknote,30,3010,0.9127272727272727,0.8974358974358972,0.980284421460892,0.9091251885369532
Banknote,30,3011,0.9272727272727272,0.927536231884058,0.9828625833068867,0.9272982122077646
Banknote,30,3012,0.88,0.8405797101449275,0.9731688845612896,0.8623012009087958
Banknote,30,3013,0.88,0.8533333333333332,0.9631814705561018,0.8753960450125642
Banknote,30,3014,0.9018181818181819,0.8820960698689958,0.9751700313073518,0.8961189679369534
Banknote,30,3015,0.8981818181818182,0.8823529411764706,0.9676859683365864,0.8991270873996964
Banknote,30,3016,0.7890909090909091,0.7603305785123968,0.9079132030659613,0.7879196804490987
Banknote,30,3017,0.8727272727272727,0.8535564853556487,0.969106210716949,0.8678491530840524
Banknote,30,3018,0.8727272727272727,0.8471615720524018,0.9471914985903275,0.8677889828670571
Banknote,30,3019,0.8836363636363637,0.8699186991869919,0.9618666666666666,0.8813333333333333
Banknote,30,3020,0.8763636363636363,0.8454545454545455,0.9577717391304348,0.8668478260869565
Banknote,30,3021,0.8581818181818182,0.8311688311688311,0.940305790500976,0.85404467577532
Banknote,30,3022,0.9163636363636364,0.9118773946360154,0.9749126706891077,0.9156610564200276
Banknote,30,3023,0.9490909090909091,0.9363636363636363,0.989892331355746,0.9456712810371346
Banknote,30,3024,0.92,0.9083333333333334,0.978690450758385,0.9163373210852381
Banknote,30,3025,0.8981818181818182,0.8833333333333333,0.964354117897425,0.8936741859970206
Banknote,30,3026,0.9490909090909091,0.9440000000000001,0.9904792468977321,0.9500695335900727
Banknote,30,3027,0.9454545454545454,0.9407114624505928,0.9927905004240882,0.943781806615776
Banknote,30,3028,0.9054545454545454,0.8879310344827587,0.9772212026341358,0.9014088308323438
Banknote,30,3029,0.8872727272727273,0.8646288209606986,0.9639965453956602,0.8812749649141747
Banknote,50,3000,0.9672727272727273,0.9617021276595745,0.9966219897570012,0.9707693145908249
Banknote,50,3001,0.9709090909090909,0.9669421487603306,0.9981107632516464,0.9734697182338335
Banknote,50,3002,0.96,0.9565217391304348,0.99568,0.9606666666666667
Banknote,50,3003,0.9236363636363636,0.9163346613545816,0.983289124668435,0.9216180371352785
Banknote,50,3004,0.9490909090909091,0.9375,0.9928037793891452,0.948582729070534
Banknote,50,3005,0.96,0.9551020408163265,0.9967204301075269,0.9616935483870968
Banknote,50,3006,0.9563636363636364,0.9520000000000001,0.9957920528390327,0.9554436987322894
Banknote,50,3007,0.9090909090909091,0.9011857707509882,0.9801764455782312,0.9078975340136055
Banknote,50,3008,0.9454545454545454,0.9344978165938864,0.9930260433692928,0.9444535251171406
Banknote,50,3009,0.96,0.9535864978902954,0.993454506112734,0.9607540841718056
Banknote,50,3010,0.9527272727272728,0.9460580912863071,0.994451626804568,0.9533505709976298
Banknote,50,3011,0.9636363636363636,0.963768115942029,0.9966148312704961,0.963662329419232
Banknote,50,3012,0.9381818181818182,0.9300411522633745,0.9921021313426377,0.9417667423996539
Banknote,50,3013,0.9381818181818182,0.9251101321585904,0.9906041734950289,0.9368239921337267
Banknote,50,3014,0.9527272727272728,0.9456066945606695,0.9942783115621289,0.9533358523156645
Banknote,50,3015,0.9309090909090909,0.9218106995884774,0.9928974192149208,0.9355888093689004
Banknote,50,3016,0.850909090909091,0.8366533864541832,0.962863003346648,0.8557432797149951
Banknote,50,3017,0.9563636363636364,0.9534883720930233,0.9946202194524342,0.9578938958133589
Banknote,50,3018,0.9309090909090909,0.9191489361702128,0.9888852743439601,0.9309260464107569
Banknote,50,3019,0.9418181818181818,0.9365079365079364,0.9920533333333333,0.942
Banknote,50,3020,0.9345454545454546,0.9217391304347826,0.988804347826087,0.9327445652173914
Banknote,50,3021,0.9236363636363636,0.908296943231441,0.9799934938191281,0.9199739752765127
Banknote,50,3022,0.9490909090909091,0.9492753623188407,0.9933312162591299,0.9497988779506722
Banknote,50,3023,0.9672727272727273,0.960352422907489,0.9976928147659855,0.9696495275763568
Banknote,50,3024,0.9454545454545454,0.9387755102040816,0.9953001495406965,0.9438421277504807
Banknote,50,3025,0.9490909090909091,0.943089430894309,0.9940944881889764,0.9465577782506917
Banknote,50,3026,0.9709090909090909,0.9682539682539683,0.9978070175438597,0.9729086435601197
Banknote,50,3027,0.9890909090909091,0.9885931558935361,0.9993108566581849,0.9892387616624259
Banknote,50,3028,0.9272727272727272,0.9173553719008264,0.9918492928856741,0.9289377091654971
Banknote,50,3029,0.9272727272727272,0.9159663865546218,0.9889884486667386,0.926832559645903
Banknote,75,3000,0.9818181818181818,0.9785407725321889,0.9996730957829356,0.984472049689441
Banknote,75,3001,0.9781818181818182,0.9752066115702479,0.999460218071899,0.9808917197452229
Banknote,75,3002,0.9890909090909091,0.9881422924901185,1.0,0.99
Banknote,75,3003,0.9709090909090909,0.9692307692307692,0.9972944297082228,0.9708222811671088
Banknote,75,3004,0.9672727272727273,0.960352422907489,0.9988464073829928,0.9696495275763568
Banknote,75,3005,0.9709090909090909,0.9669421487603306,0.9988172043010752,0.9713709677419355
Banknote,75,3006,0.9818181818181818,0.9803921568627451,0.9996804090763822,0.9826089272397998
Banknote,75,3007,0.9490909090909091,0.9461538461538462,0.9956420068027211,0.9498565051020409
Banknote,75,3008,0.9745454545454545,0.9699570815450643,0.9992917075296938,0.9769804947150484
Banknote,75,3009,0.9745454545454545,0.970954356846473,0.9965920155793574,0.9778481012658228
Banknote,75,3010,0.9781818181818182,0.9752066115702479,0.998868778280543,0.9797726783020901
Banknote,75,3011,0.9745454545454545,0.974910394265233,0.9985189886808421,0.974611234528721
Banknote,75,3012,0.96,0.9551020408163265,0.997782105377042,0.9651898734177216
Banknote,75,3013,0.9672727272727273,0.9613733905579399,0.9972140281874795,0.9708838632142467
Banknote,75,3014,0.9781818181818182,0.9752066115702479,0.9986505451797474,0.9808917197452229
Banknote,75,3015,0.9672727272727273,0.9626556016597512,0.9983192366081111,0.9716981132075472
Banknote,75,3016,0.9563636363636364,0.9508196721311476,0.9963294828889129,0.9596782899708518
Banknote,75,3017,0.9781818181818182,0.9767441860465117,0.9997869393842548,0.9798657718120805
Banknote,75,3018,0.9672727272727273,0.9623430962343097,0.9976144003469963,0.9705324224680113
Banknote,75,3019,0.9709090909090909,0.9685039370078741,0.99872,0.972
Banknote,75,3020,0.9709090909090909,0.9661016949152543,0.9975,0.9737771739130435
Banknote,75,3021,0.9672727272727273,0.9613733905579399,0.997777054868792,0.9670353502494036
Banknote,75,3022,0.9672727272727273,0.9672727272727273,0.9973536572456865,0.9678998623901768
Banknote,75,3023,0.9709090909090909,0.9649122807017545,0.9991760052735662,0.9741540320808613
Banknote,75,3024,0.9781818181818182,0.9761904761904763,0.9974364452040162,0.9794114505447554
Banknote,75,3025,0.9854545454545455,0.984251968503937,0.9995743775271334,0.9853692274952117
Banknote,75,3026,0.9854545454545455,0.9839999999999999,0.9995186136071887,0.986842105263158
Banknote,75,3027,0.9927272727272727,0.9923664122137404,0.9999469889737065,0.992710983884648
Banknote,75,3028,0.9490909090909091,0.9435483870967744,0.9958436791536219,0.9543614379790565
Banknote,75,3029,0.9709090909090909,0.9669421487603306,0.9986505451797474,0.9734697182338335
Banknote,100,3000,0.9818181818181818,0.9785407725321889,0.9996730957829356,0.984472049689441
Banknote,100,3001,0.9781818181818182,0.9752066115702479,0.9995681744575191,0.9808917197452229
Banknote,100,3002,0.9890909090909091,0.9881422924901185,1.0,0.99
Banknote,100,3003,0.9818181818181818,0.9809885931558935,0.9985676392572944,0.9823607427055703
Banknote,100,3004,0.9709090909090909,0.9646017699115044,0.9989562733465173,0.9726983080641617
Banknote,100,3005,0.9745454545454545,0.970954356846473,0.9991397849462366,0.9745967741935484
Banknote,100,3006,0.9854545454545455,0.9842519685039369,0.9997336742303186,0.9859646319377864
Banknote,100,3007,0.96,0.9578544061302682,0.9977147108843537,0.9610703656462585
Banknote,100,3008,0.9781818181818182,0.9741379310344828,0.9995096436744034,0.9800860847771603
Banknote,100,3009,0.9745454545454545,0.970954356846473,0.9983771502758845,0.9778481012658228
Banknote,100,3010,0.9818181818181818,0.979253112033195,0.9990842490842491,0.9829778065072183
Banknote,100,3011,0.9781818181818182,0.9784172661870503,0.998624775203639,0.9782344229345181
Banknote,100,3012,0.9745454545454545,0.970954356846473,0.9988640051931191,0.9778481012658228
Banknote,100,3013,0.9709090909090909,0.9655172413793104,0.9978695509668961,0.9739702829673331
Banknote,100,3014,0.9854545454545455,0.9833333333333333,0.9992443053006586,0.9872611464968153
Banknote,100,3015,0.9672727272727273,0.9626556016597512,0.9990782910431577,0.9716981132075472
Banknote,100,3016,0.9672727272727273,0.963265306122449,0.9988664579509878,0.9713375796178344
Banknote,100,3017,0.9818181818181818,0.9805447470817121,0.9998402045381911,0.9832214765100671
Banknote,100,3018,0.9709090909090909,0.9663865546218487,0.9983192366081111,0.9736770765560616
Banknote,100,3019,0.9818181818181818,0.9803921568627451,0.9994133333333334,0.9833333333333334
Banknote,100,3020,0.9745454545454545,0.9704641350210971,0.998804347826087,0.978125
Banknote,100,3021,0.9818181818181818,0.9789029535864979,0.9993493819128172,0.9842767295597484
Banknote,100,3022,0.9672727272727273,0.9672727272727273,0.9980946332168943,0.9678998623901768
Banknote,100,3023,0.9745454545454545,0.9691629955947136,0.9992858712370908,0.9772028125686663
Banknote,100,3024,0.9781818181818182,0.9761904761904763,0.9982909634693442,0.9794114505447554
Banknote,100,3025,0.9927272727272727,0.9921875,0.9998935943817834,0.9932432432432432
Banknote,100,3026,0.9854545454545455,0.9839999999999999,0.9992511767222936,0.986842105263158
Banknote,100,3027,0.9927272727272727,0.9923664122137404,0.9999469889737065,0.992710983884648
Banknote,100,3028,0.9527272727272728,0.9473684210526316,0.9965993738529634,0.9575461513548527
Banknote,100,3029,0.9709090909090909,0.9669421487603306,0.9993522616862788,0.9734697182338335
Banknote,150,3000,0.9818181818181818,0.9785407725321889,0.9997820638552904,0.984472049689441
Banknote,150,3001,0.9781818181818182,0.9752066115702479,0.9997840872287596,0.9808917197452229
Banknote,150,3002,0.9890909090909091,0.9881422924901185,1.0,0.99
Banknote,150,3003,0.9854545454545455,0.9847328244274809,0.9992042440318303,0.9858090185676393
Banknote,150,3004,0.9709090909090909,0.9646017699115044,0.999340804218853,0.9726983080641617
Banknote,150,3005,0.9781818181818182,0.9752066115702478,0.9993548387096775,0.978763440860215
Banknote,150,3006,0.9854545454545455,0.9842519685039369,0.9997869393842548,0.9859646319377864
Banknote,150,3007,0.9709090909090909,0.9692307692307692,0.9985119047619048,0.9717793367346939
Banknote,150,3008,0.9818181818181818,0.9783549783549784,0.9996730957829356,0.9831916748392721
Banknote,150,3009,0.9781818181818182,0.975,0.9993508601103538,0.9810126582278481
Banknote,150,3010,0.9818181818181818,0.979253112033195,0.9995151906916613,0.9829778065072183
Banknote,150,3011,0.9781818181818182,0.9784172661870503,0.9991008145562256,0.9782344229345181
Banknote,150,3012,0.9745454545454545,0.970954356846473,0.9991344801471383,0.9778481012658228
Banknote,150,3013,0.9709090909090909,0.9655172413793104,0.9991259696274446,0.9739702829673331
Banknote,150,3014,0.9890909090909091,0.9874476987447699,0.9996761308431393,0.9904458598726115
Banknote,150,3015,0.9672727272727273,0.9626556016597512,0.9995120364346128,0.9716981132075472
Banknote,150,3016,0.9818181818181818,0.979253112033195,0.9994062398790888,0.9840764331210191
Banknote,150,3017,0.9854545454545455,0.9843749999999999,0.9998934696921274,0.9865771812080537
Banknote,150,3018,0.9709090909090909,0.9663865546218487,0.9991867273910214,0.9736770765560616
Banknote,150,3019,0.9854545454545455,0.9842519685039369,0.99952,0.9866666666666667
Banknote,150,3020,0.9781818181818182,0.9745762711864406,0.9995652173913043,0.98125
Banknote,150,3021,0.9854545454545455,0.983050847457627,0.9998915636521362,0.9874213836477987
Banknote,150,3022,0.9709090909090909,0.9708029197080291,0.998835609188102,0.971445961680957
Banknote,150,3023,0.9745454545454545,0.9691629955947136,0.9993957372006153,0.9772028125686663
Banknote,150,3024,0.9781818181818182,0.9761904761904763,0.9989318521683401,0.9794114505447554
Banknote,150,3025,0.9927272727272727,0.9921875,1.0,0.9932432432432432
Banknote,150,3026,0.9890909090909091,0.9879518072289156,0.9995721009841677,0.9901315789473684
Banknote,150,3027,0.9927272727272727,0.9923664122137404,0.9999469889737065,0.992710983884648
Banknote,150,3028,0.9563636363636364,0.9516129032258065,0.9977329159019755,0.9617834394904459
Banknote,150,3029,0.9745454545454545,0.970954356846473,0.9996221526503293,0.9766544316096297
Banknote,200,3000,0.9818181818181818,0.9785407725321889,0.9997820638552904,0.984472049689441
Banknote,200,3001,0.9781818181818182,0.9752066115702479,0.9998920436143798,0.9808917197452229
Banknote,200,3002,0.9890909090909091,0.9881422924901185,1.0,0.99
Banknote,200,3003,0.9854545454545455,0.9847328244274809,0.9995755968169762,0.9858090185676393
Banknote,200,3004,0.9709090909090909,0.9646017699115044,0.999340804218853,0.9726983080641617
Banknote,200,3005,0.9781818181818182,0.9752066115702478,0.9994623655913979,0.978763440860215
Banknote,200,3006,0.9890909090909091,0.988235294117647,0.9997869393842548,0.9899328859060403
Banknote,200,3007,0.9709090909090909,0.9692307692307692,0.9988839285714286,0.9717793367346939
Banknote,200,3008,0.9818181818181818,0.9783549783549784,0.9997820638552904,0.9831916748392721
Banknote,200,3009,0.9781818181818182,0.975,1.0,0.9810126582278481
Banknote,200,3010,0.9818181818181818,0.979253112033195,0.9996767937944409,0.9829778065072183
Banknote,200,3011,0.9781818181818182,0.9784172661870503,0.9993652808632181,0.9782344229345181
Banknote,200,3012,0.9745454545454545,0.970954356846473,0.9995131450827653,0.9778481012658228
Banknote,200,3013,0.9709090909090909,0.9655172413793104,0.9993991041188681,0.9739702829673331
Banknote,200,3014,0.9927272727272727,0.9915966386554621,0.9997840872287596,0.9936305732484076
Banknote,200,3015,0.9672727272727273,0.9626556016597512,0.9996746909564086,0.9716981132075472
Banknote,200,3016,0.9818181818181818,0.979253112033195,0.9996221526503293,0.9840764331210191
Banknote,200,3017,0.9854545454545455,0.9843749999999999,1.0,0.9865771812080537
Banknote,200,3018,0.9709090909090909,0.9663865546218487,0.9992951637388853,0.9736770765560616
Banknote,200,3019,0.9854545454545455,0.9842519685039369,0.9997866666666667,0.9866666666666667
Banknote,200,3020,0.9781818181818182,0.9745762711864406,0.9996739130434783,0.98125
Banknote,200,3021,0.9927272727272727,0.9914529914529915,0.9998915636521362,0.9937106918238994
Banknote,200,3022,0.9709090909090909,0.9708029197080291,0.9991002434635334,0.971445961680957
Banknote,200,3023,0.9745454545454545,0.9691629955947136,0.9995056031641397,0.9772028125686663
Banknote,200,3024,0.9781818181818182,0.9761904761904763,0.999626148258919,0.9794114505447554
Banknote,200,3025,0.9963636363636363,0.996078431372549,1.0,0.9966216216216216
Banknote,200,3026,0.9890909090909091,0.9879518072289156,0.9995721009841677,0.9901315789473684
Banknote,200,3027,0.9963636363636363,0.9961685823754789,0.9999469889737065,0.9961832061068703
Banknote,200,3028,0.9563636363636364,0.9516129032258065,0.9980028068660262,0.9617834394904459
Banknote,200,3029,0.9745454545454545,0.970954356846473,0.9996761308431393,0.9766544316096297
Banknote,300,3000,0.9818181818181818,0.9785407725321889,0.9998365478914678,0.984472049689441
Banknote,300,3001,0.9781818181818182,0.9752066115702479,0.9998920436143798,0.9808917197452229
Banknote,300,3002,0.9927272727272727,0.9920634920634921,1.0,0.9933333333333334
Banknote,300,3003,0.9890909090909091,0.9885057471264368,0.9997347480106101,0.9892572944297082
Banknote,300,3004,0.9781818181818182,0.9732142857142857,0.9994506701823775,0.9787958690397714
Banknote,300,3005,0.9854545454545455,0.9833333333333333,0.9995698924731182,0.9852150537634408
Banknote,300,3006,0.9890909090909091,0.988235294117647,0.9998402045381911,0.9899328859060403
Banknote,300,3007,0.9818181818181818,0.980544747081712,0.9991496598639455,0.9819834183673469
Banknote,300,3008,0.9854545454545455,0.9826086956521738,0.9997820638552904,0.9862972649013839
Banknote,300,3009,0.9854545454545455,0.9831932773109243,1.0,0.9873417721518987
Banknote,300,3010,0.9854545454545455,0.9833333333333334,0.9997845291962939,0.9861829347123465
Banknote,300,3011,0.9781818181818182,0.9784172661870503,0.9994181741246165,0.9782344229345181
Banknote,300,3012,0.9781818181818182,0.975,0.999621335064373,0.9810126582278481
Banknote,300,3013,0.9709090909090909,0.9655172413793104,0.9995629848137223,0.9739702829673331
Banknote,300,3014,0.9927272727272727,0.9915966386554621,0.9998380654215697,0.9936305732484076
Banknote,300,3015,0.9672727272727273,0.9626556016597512,0.9999457818260681,0.9716981132075472
Banknote,300,3016,0.9818181818181818,0.979253112033195,0.9998920436143798,0.9840764331210191
Banknote,300,3017,0.9890909090909091,0.988235294117647,1.0,0.9899328859060403
Banknote,300,3018,0.9781818181818182,0.9745762711864409,0.9994036000867491,0.9799663847321622
Banknote,300,3019,0.9854545454545455,0.9842519685039369,0.9998933333333333,0.9866666666666667
Banknote,300,3020,0.9818181818181818,0.9787234042553191,0.9997826086956522,0.984375
Banknote,300,3021,0.9927272727272727,0.9914529914529915,0.9998915636521362,0.9937106918238994
Banknote,300,3022,0.9781818181818182,0.9779411764705882,0.9994707314491373,0.9785381602625172
Banknote,300,3023,0.9781818181818182,0.9734513274336283,0.999560536145902,0.980251593056471
Banknote,300,3024,0.9781818181818182,0.9761904761904763,0.999732963042085,0.9794114505447554
Banknote,300,3025,0.9963636363636363,0.996078431372549,1.0,0.9966216216216216
Banknote,300,3026,0.9890909090909091,0.9879518072289156,0.999893025246042,0.9901315789473684
Banknote,300,3027,1.0,1.0,1.0,1.0
Banknote,300,3028,0.9563636363636364,0.9516129032258065,0.9984886106013171,0.9617834394904459
Banknote,300,3029,0.9745454545454545,0.970954356846473,0.9996761308431393,0.9766544316096297
Spambase,0,3000,0.2888165038002172,0.35467980295566504,0.261978021978022,0.31875457875457874
Spambase,0,3001,0.4560260586319218,0.3468057366362451,0.402884521840646,0.44024953789279114
Spambase,0,3002,0.6590662323561346,0.5078369905956113,0.6823550029695548,0.6242369217887429
Spambase,0,3003,0.5439739413680782,0.3982808022922636,0.5446312970082725,0.5157814368594273
Spambase,0,3004,0.5407166123778502,0.4921968787515006,0.5770338687150838,0.5397390013966481
Spambase,0,3005,0.5494028230184582,0.5778229908443541,0.6297354662200976,0.5794672326670496
Spambase,0,3006,0.4592833876221498,0.2719298245614035,0.41338536642404045,0.42688327633079015
Spambase,0,3007,0.5787187839305103,0.6024590163934427,0.6504822467479754,0.6025160909987051
Spambase,0,3008,0.5537459283387622,0.4103299856527977,0.5624449619381225,0.5265430226414356
Spambase,0,3009,0.5352877307274702,0.570281124497992,0.6193113935049419,0.5784605586658372
Spambase,0,3010,0.34310532030401736,0.25400739827373614,0.3023055920719992,0.33464708261704923
Spambase,0,3011,0.3952225841476656,0.17725258493353027,0.2844258985058554,0.34705985897263325
Spambase,0,3012,0.4386536373507057,0.4608967674661105,0.4708455681082964,0.4729283830189618
Spambase,0,3013,0.5819761129207384,0.47902571041948583,0.5710672685502398,0.5683592962798758
Spambase,0,3014,0.5711183496199783,0.536928487690504,0.6366550803189192,0.5793198421114646
Spambase,0,3015,0.5287730727470141,0.5728346456692913,0.6548128711503935,0.5756678240969085
Spambase,0,3016,0.48751357220412594,0.5317460317460317,0.5718120205999385,0.5350476795300515
Spambase,0,3017,0.5450597176981542,0.5349611542730299,0.6076786118297446,0.5638974414464042
Spambase,0,3018,0.3919652551574376,0.5121951219512194,0.37147432738740516,0.46299152458854836
Spambase,0,3019,0.511400651465798,0.41709844559585496,0.5047534165181224,0.4999034462269757
Spambase,0,3020,0.38979370249728557,0.3525345622119816,0.356291939606966,0.3983488776162326
Spambase,0,3021,0.5363735070575462,0.5742771684945164,0.6526802457806328,0.5892700395004589
Spambase,0,3022,0.4820846905537459,0.4434072345390898,0.48373794347683857,0.4906026031185876
Spambase,0,3023,0.44408251900108575,0.35678391959799,0.40545961280047776,0.43586572438162546
Spambase,0,3024,0.46579804560260585,0.36923076923076925,0.44613289760348585,0.4540106951871658
Spambase,0,3025,0.5222584147665581,0.5378151260504201,0.6206395348837209,0.5670670267220185
Spambase,0,3026,0.46471226927252984,0.5602140945584301,0.5502741960845978,0.5297045758314333
Spambase,0,3027,0.5233441910966341,0.19152854511970532,0.3732801320858558,0.4594406006761538
Spambase,0,3028,0.5743756786102063,0.4149253731343283,0.5777307432861793,0.5423188221607407
Spambase,0,3029,0.2888165038002172,0.31413612565445026,0.25031231700175677,0.30589010345500683
Spambase,1,3000,0.2909880564603692,0.35410484668644904,0.26662271062271065,0.3201684981684982
Spambase,1,3001,0.4571118349619978,0.34383202099737536,0.40675649382235624,0.44039060219865744
Spambase,1,3002,0.6590662323561346,0.509375,0.6843996144446932,0.624633673777371
Spambase,1,3003,0.5504885993485342,0.4051724137931034,0.5516633886478419,0.5221216853299597
Spambase,1,3004,0.5439739413680782,0.4951923076923077,0.5813838454376163,0.5429032821229051
Spambase,1,3005,0.5548317046688382,0.5807770961145194,0.6311959029880536,0.5840797787925109
Spambase,1,3006,0.46254071661237783,0.2709867452135493,0.41755580890019195,0.42924376626034083
Spambase,1,3007,0.5798045602605864,0.6030769230769231,0.6553385391499313,0.6034559406227651
Spambase,1,3008,0.5570032573289903,0.41379310344827586,0.5660750278859513,0.5297083227334103
Spambase,1,3009,0.5363735070575462,0.5699899295065459,0.6230437315481304,0.5788752628928582
Spambase,1,3010,0.3507057546145494,0.25806451612903225,0.30693700070785723,0.34128577206997673
Spambase,1,3011,0.3973941368078176,0.18020679468242243,0.28833987388301563,0.3494439669900701
Spambase,1,3012,0.44299674267100975,0.4650677789363921,0.4772358532822376,0.4775120688797094
Spambase,1,3013,0.5863192182410424,0.48163265306122455,0.5741052355809924,0.5718255007859417
Spambase,1,3014,0.5711183496199783,0.5380116959064327,0.6397382270924159,0.5797690585601508
Spambase,1,3015,0.5287730727470141,0.5719921104536488,0.6569830528537889,0.5751918637915047
Spambase,1,3016,0.49185667752442996,0.5329341317365269,0.5757613344314675,0.5380915288210604
Spambase,1,3017,0.5483170466883822,0.5377777777777778,0.6128380172931074,0.5670648934181921
Spambase,1,3018,0.3919652551574376,0.5113438045375219,0.37456883808022073,0.4625209421503893
Spambase,1,3019,0.5157437567861021,0.4207792207792208,0.5088433353139236,0.5039661319073084
Spambase,1,3020,0.38979370249728557,0.3540229885057471,0.36162925387442085,0.39889059753954303
Spambase,1,3021,0.5407166123778502,0.5765765765765766,0.6542363244623549,0.5927911662610222
Spambase,1,3022,0.48968512486427795,0.4470588235294118,0.4901565241526978,0.49683036112570506
Spambase,1,3023,0.4549402823018458,0.36294416243654826,0.41090429502811926,0.4452247051211865
Spambase,1,3024,0.46796959826275786,0.3701799485861183,0.4518270944741533,0.4557932263814617
Spambase,1,3025,0.5255157437567861,0.5404837013669822,0.6248161097900125,0.5702536173471444
Spambase,1,3026,0.46905537459283386,0.5622202327663384,0.5565148596587782,0.5333212123594622
Spambase,1,3027,0.5266015200868621,0.1925925925925926,0.3760417485651388,0.4621530780721755
Spambase,1,3028,0.5743756786102063,0.4149253731343283,0.5806831624123806,0.5423188221607407
Spambase,1,3029,0.2888165038002172,0.3126967471143757,0.2530694905328909,0.3054777474136248
Spambase,2,3000,0.3007600434310532,0.3598409542743539,0.27472039072039073,0.3292454212454213
Spambase,2,3001,0.46145494028230183,0.34564643799472294,0.4156484093783442,0.44408745986963716
Spambase,2,3002,0.6590662323561346,0.509375,0.688430419924252,0.624633673777371
Spambase,2,3003,0.5646036916395223,0.42467718794835013,0.5646206228565216,0.5371569199142114
Spambase,2,3004,0.5472312703583062,0.49939975990396157,0.589705540037244,0.5464385474860335
Spambase,2,3005,0.5570032573289903,0.5811088295687884,0.6346960831085884,0.5855280452540673
Spambase,2,3006,0.4755700325732899,0.2780269058295964,0.42591130988921044,0.44069543102692277
Spambase,2,3007,0.5819761129207384,0.6035015447991761,0.6643891219050196,0.6049901424512438
Spambase,2,3008,0.5613463626492943,0.4161849710982659,0.5734819279466156,0.5333579577699067
Spambase,2,3009,0.5363735070575462,0.5682507583417594,0.6296888730906326,0.5779125566515596
Spambase,2,3010,0.3539630836047774,0.2553191489361702,0.3157751036505208,0.3426635655779149
Spambase,2,3011,0.4017372421281216,0.18127786032689447,0.29539641943734013,0.35278844859542124
Spambase,2,3012,0.44516829533116176,0.46267087276551,0.4884487134823073,0.47770367789777535
Spambase,2,3013,0.5841476655808904,0.47606019151846785,0.5800149127403168,0.5683315867961791
Spambase,2,3014,0.5743756786102063,0.5399061032863849,0.6459585248026394,0.5824864498644986
Spambase,2,3015,0.5342019543973942,0.5739821251241312,0.6610126856985026,0.5792042338272141
Spambase,2,3016,0.49728555917481,0.5356068204613841,0.582811554223682,0.5425320261567619
Spambase,2,3017,0.5602605863192183,0.5423728813559322,0.6221928210979845,0.5760729497634247
Spambase,2,3018,0.3941368078175896,0.5122377622377623,0.3807233665122696,0.46431950330146843
Spambase,2,3019,0.5200868621064061,0.427461139896373,0.5171915230738761,0.509024064171123
Spambase,2,3020,0.3941368078175896,0.3556581986143187,0.37188947915002396,0.4024055360281195
Spambase,2,3021,0.5428881650380022,0.5760322255790534,0.6570691856521566,0.5934794318317839
Spambase,2,3022,0.499457111834962,0.4518430439952438,0.5021015275726365,0.5048374785634275
Spambase,2,3023,0.46579804560260585,0.36923076923076925,0.42187328920519584,0.45458368586074754
Spambase,2,3024,0.4733984799131379,0.3693107932379714,0.4614626658744306,0.45925430778371956
Spambase,2,3025,0.5287730727470141,0.5412262156448202,0.6320810326065052,0.5722663334811172
Spambase,2,3026,0.47014115092290987,0.5587703435804702,0.5671878685431244,0.5319526888906361
Spambase,2,3027,0.5320304017372421,0.19439252336448598,0.3818991272898813,0.46667387373221164
Spambase,2,3028,0.5776330076004343,0.42199108469539376,0.5860356441064044,0.5463295173479065
Spambase,2,3029,0.2931596091205212,0.31401475237091675,0.25822760101503023,0.309147472184267
Spambase,5,3000,0.36047774158523344,0.3832460732984293,0.31924297924297923,0.3804468864468864
Spambase,5,3001,0.498371335504886,0.37228260869565216,0.46148944449849205,0.47786020040860006
Spambase,5,3002,0.6742671009771987,0.5398773006134969,0.7086818097732428,0.6427065787808274
Spambase,5,3003,0.6123778501628665,0.46953937592867756,0.6317590606746459,0.5813805236264442
Spambase,5,3004,0.6058631921824105,0.547945205479452,0.6353439245810056,0.6011696927374302
Spambase,5,3005,0.5787187839305103,0.5863539445628998,0.6528201033989232,0.6008042138468879
Spambase,5,3006,0.5298588490770901,0.3072,0.4736813898876514,0.4879417697097255
Spambase,5,3007,0.6178067318132465,0.6263269639065817,0.7110820109399463,0.6366961748845121
Spambase,5,3008,0.5884907709011944,0.4385185185185185,0.6090536388720378,0.5578804720064187
Spambase,5,3009,0.5917480998914224,0.5930735930735931,0.6621839114507736,0.6202420095381972
Spambase,5,3010,0.4375678610206297,0.2785515320334262,0.36807058347659016,0.4078344625341288
Spambase,5,3011,0.44408251900108575,0.22188449848024316,0.33535417335390416,0.39393955082473053
Spambase,5,3012,0.48968512486427795,0.49244060475161994,0.5490767929129547,0.5181232269944758
Spambase,5,3013,0.6069489685124865,0.48579545454545453,0.6083440812542824,0.5847683487162951
Spambase,5,3014,0.6112920738327905,0.5665859564164649,0.6774527709045206,0.6150804171085189
Spambase,5,3015,0.5580890336590663,0.5817060637204523,0.6823544498589382,0.5960971254956893
Spambase,5,3016,0.5418023887079262,0.5529661016949152,0.6217589330898915,0.5758928128442006
Spambase,5,3017,0.6210640608034745,0.5830346475507766,0.6698472343816091,0.628453948986317
Spambase,5,3018,0.41259500542888167,0.5191111111111112,0.4150093623731152,0.47913669064748204
Spambase,5,3019,0.5526601520086862,0.45212765957446804,0.5642255892255892,0.5382501485442661
Spambase,5,3020,0.4571118349619978,0.3961352657004831,0.4341648026841348,0.45878934334558236
Spambase,5,3021,0.5646036916395223,0.5853154084798345,0.6727496708295096,0.6094766189203208
Spambase,5,3022,0.5363735070575462,0.46824408468244083,0.560552741403067,0.5340804329939829
Spambase,5,3023,0.50814332247557,0.398406374501992,0.4839147961976808,0.49218633354899716
Spambase,5,3024,0.5179153094462541,0.3901098901098901,0.5176520102990692,0.4957961972667855
Spambase,5,3025,0.5928338762214984,0.5810055865921787,0.6727081737938817,0.6257405989278949
Spambase,5,3026,0.5146579804560261,0.5818521983161833,0.6270589275886469,0.569932286343266
Spambase,5,3027,0.5472312703583062,0.19342359767891681,0.4184831747778913,0.47842302853997953
Spambase,5,3028,0.6069489685124865,0.45970149253731346,0.6160388702597542,0.5760834498333154
Spambase,5,3029,0.3246471226927253,0.31947483588621445,0.28821003318368144,0.334515908647277
Spambase,10,3000,0.5146579804560261,0.4528763769889841,0.476,0.5113186813186813
Spambase,10,3001,0.6102062975027145,0.4649776453055141,0.5897704056814865,0.580494211499173
Spambase,10,3002,0.7003257328990228,0.5868263473053892,0.7526555608564002,0.6727818399556027
Spambase,10,3003,0.7285559174809989,0.6069182389937107,0.762146789353522,0.6941237806264147
Spambase,10,3004,0.6840390879478827,0.6215864759427828,0.738370965238982,0.6752575069832403
Spambase,10,3005,0.6254071661237784,0.6002317497103129,0.6966283383150454,0.6341240787078055
Spambase,10,3006,0.6373507057546145,0.4201388888888889,0.6136786615607979,0.5891505159460961
Spambase,10,3007,0.7111834961997828,0.6818181818181819,0.8050476448189884,0.7140682683572686
Spambase,10,3008,0.6590662323561346,0.5227963525835866,0.6880980802724017,0.6274608128999433
Spambase,10,3009,0.6807817589576547,0.6405867970660146,0.7338191297135579,0.6879424745993661
Spambase,10,3010,0.6091205211726385,0.3856655290102389,0.5534179391242795,0.5518960461118414
Spambase,10,3011,0.5439739413680782,0.2976588628762542,0.47543410957060167,0.48225250318398794
Spambase,10,3012,0.6449511400651465,0.5855513307984791,0.6980689792465038,0.6460234907679292
Spambase,10,3013,0.6731813246471227,0.5404580152671755,0.6832755632582322,0.6411495909072589
Spambase,10,3014,0.6840390879478827,0.6254826254826255,0.7496612466124661,0.6798117709437964
Spambase,10,3015,0.6536373507057546,0.6188769414575866,0.7340442322489001,0.6636686921695898
Spambase,10,3016,0.6720955483170467,0.6118251928020566,0.7082667672187106,0.6707681316173333
Spambase,10,3017,0.7100977198697068,0.644474034620506,0.7644724028369353,0.7015414277142211
Spambase,10,3018,0.46579804560260585,0.5401869158878504,0.5360106435399625,0.5217896915344437
Spambase,10,3019,0.6579804560260586,0.550641940085592,0.6755694196870667,0.6361482471776589
Spambase,10,3020,0.6178067318132465,0.53315649867374,0.6089630931458699,0.608885704585397
Spambase,10,3021,0.6188925081433225,0.6078212290502792,0.7116715875992499,0.647593065475003
Spambase,10,3022,0.6395222584147665,0.5297450424929179,0.6969884713369482,0.618096928002855
Spambase,10,3023,0.6275787187839305,0.5078909612625537,0.6368187926143433,0.6035360573333997
Spambase,10,3024,0.6579804560260586,0.5248868778280543,0.668201624083977,0.6266934046345811
Spambase,10,3025,0.6862106406080347,0.6436498150431567,0.7587032969247511,0.7008509330538875
Spambase,10,3026,0.6579804560260586,0.6579804560260586,0.7483833241607044,0.6856449996068874
Spambase,10,3027,0.5776330076004343,0.22355289421157687,0.5392522997090966,0.5064667033571821
Spambase,10,3028,0.6492942453854506,0.5098634294385432,0.6926111312066792,0.6176519469346655
Spambase,10,3029,0.46471226927252984,0.3735705209656925,0.40397716181924653,0.45327688854187
Spambase,20,3000,0.7198697068403909,0.6149253731343284,0.7858608058608059,0.6931648351648352
Spambase,20,3001,0.7187839305103149,0.6069802731411229,0.7930246132892305,0.6901449557349937
Spambase,20,3002,0.7698154180238871,0.6988636363636365,0.8267386499722517,0.7516600297929101
Spambase,20,3003,0.8002171552660152,0.7169230769230769,0.8655229840184228,0.7726282133644333
Spambase,20,3004,0.8013029315960912,0.755020080321285,0.8600781734947238,0.7917685055865922
Spambase,20,3005,0.744842562432139,0.657933042212518,0.7878618232092611,0.722507277843227
Spambase,20,3006,0.753528773072747,0.6458658346333854,0.7843403782630302,0.7222441462772955
Spambase,20,3007,0.8251900108577633,0.7827260458839407,0.8926445290604403,0.8144799659817925
Spambase,20,3008,0.7350705754614549,0.6114649681528663,0.7900236785972877,0.6998909023306785
Spambase,20,3009,0.756786102062975,0.6744186046511628,0.8271177068831028,0.7362258953168044
Spambase,20,3010,0.744842562432139,0.5811051693404634,0.8040196177571038,0.6898650015168368
Spambase,20,3011,0.739413680781759,0.5571955719557196,0.7895616968843513,0.6768899427399898
Spambase,20,3012,0.7947882736156352,0.7232796486090776,0.8710745035584532,0.7763325536256407
Spambase,20,3013,0.754614549402823,0.6208053691275167,0.7984059489742453,0.7108364233606062
Spambase,20,3014,0.8013029315960912,0.7351664254703328,0.8446251129177959,0.7825792388358666
Spambase,20,3015,0.761129207383279,0.6866096866096866,0.8192189318760235,0.7439703474263617
Spambase,20,3016,0.750271444082519,0.6406249999999999,0.8400527898230747,0.7179291901922065
Spambase,20,3017,0.8056460369163952,0.7363770250368189,0.8616994068405158,0.7846427763405108
Spambase,20,3018,0.743756786102063,0.659942363112392,0.784207154824086,0.7237705725830295
Spambase,20,3019,0.7795874049945711,0.6938159879336349,0.8371905327787681,0.7543820558526441
Spambase,20,3020,0.755700325732899,0.6596066565809379,0.8100834797891037,0.7296942402939767
Spambase,20,3021,0.7328990228013029,0.6657608695652174,0.7900141643059491,0.7255466225112717
Spambase,20,3022,0.757871878393051,0.6521060842433697,0.8079778744832918,0.7261397317578485
Spambase,20,3023,0.7665580890336591,0.6805349182763744,0.8269447071119296,0.7439133031403972
Spambase,20,3024,0.761129207383279,0.6696696696696697,0.8226777579718756,0.7357471776589424
Spambase,20,3025,0.8175895765472313,0.7579250720461095,0.8681356051751239,0.8068774938535328
Spambase,20,3026,0.7904451682953312,0.7323162274618585,0.8481209214560893,0.7782254894252693
Spambase,20,3027,0.6688382193268186,0.44646098003629764,0.7617393269911157,0.6128700172969572
Spambase,20,3028,0.749185667752443,0.6607929515418502,0.8290969703487179,0.7258478428765556
Spambase,20,3029,0.6655808903365906,0.4883720930232558,0.7066562560999414,0.6230016591840719
Spambase,30,3000,0.8056460369163952,0.7340267459138187,0.8803565323565323,0.7826300366300366
Spambase,30,3001,0.7806731813246471,0.7097701149425286,0.8545189220741317,0.7612292051756008
Spambase,30,3002,0.8045602605863192,0.7540983606557378,0.8672316934251136,0.7930828846547041
Spambase,30,3003,0.8251900108577633,0.7578947368421052,0.8938984374227854,0.8024491248183911
Spambase,30,3004,0.8338762214983714,0.7929634641407308,0.8902321927374302,0.8237822974860336
Spambase,30,3005,0.7709011943539631,0.674884437596302,0.8455831524014449,0.7418702353250446
Spambase,30,3006,0.7871878393051032,0.7142857142857143,0.8414062576125191,0.7660630243503171
Spambase,30,3007,0.8534201954397395,0.817320703653586,0.9132197460231556,0.8430620252430563
Spambase,30,3008,0.7806731813246471,0.6803797468354431,0.8337459149527406,0.7480577679497467
Spambase,30,3009,0.8165038002171553,0.7488855869242199,0.8752283341726157,0.7951361118516544
Spambase,30,3010,0.8241042345276873,0.7460815047021945,0.8610779654161189,0.7981115380726059
Spambase,30,3011,0.7991313789359392,0.6890756302521008,0.874012446027522,0.7613173944106775
Spambase,30,3012,0.8382193268186754,0.7792592592592593,0.9124371671726472,0.8200691783208083
Spambase,30,3013,0.8067318132464713,0.7147435897435898,0.8527165370198703,0.7747344927653057
Spambase,30,3014,0.8447339847991314,0.7954220314735336,0.882074545383135,0.829592317662307
Spambase,30,3015,0.8067318132464713,0.7327327327327328,0.8640874385937223,0.7831002032079231
Spambase,30,3016,0.8013029315960912,0.7109004739336493,0.8885063060023617,0.76984083669885
Spambase,30,3017,0.8338762214983714,0.7746686303387335,0.8944805673870488,0.8140867999881958
Spambase,30,3018,0.7828447339847991,0.6855345911949685,0.8347196215630236,0.7509682664827042
Spambase,30,3019,0.8175895765472313,0.7492537313432835,0.8874183006535947,0.796026440879382
Spambase,30,3020,0.7958740499457112,0.7107692307692307,0.8598318421473079,0.7692497803163445
Spambase,30,3021,0.7806731813246471,0.705539358600583,0.8422275864820652,0.7626705701631888
Spambase,30,3022,0.7882736156351792,0.7049924357034796,0.8498250379167122,0.7631246344630696
Spambase,30,3023,0.8143322475570033,0.7451564828614008,0.8754740456875528,0.793808789130543
Spambase,30,3024,0.8034744842562432,0.7365356622998543,0.8621360665478313,0.7854352346999405
Spambase,30,3025,0.8588490770901195,0.8048048048048049,0.9070800249889162,0.8427411228890411
Spambase,30,3026,0.8099891422366993,0.7437774524158126,0.8784446497366145,0.7899549885997327
Spambase,30,3027,0.739413680781759,0.6178343949044586,0.8274382813114238,0.7039124538092618
Spambase,30,3028,0.8338762214983714,0.7772925764192138,0.8949984846855478,0.8149043396650666
Spambase,30,3029,0.7176981541802389,0.5962732919254657,0.7911770447003709,0.6855943782939684
Spambase,50,3000,0.8610206297502715,0.8207282913165266,0.9343492063492064,0.8485421245421245
Spambase,50,3001,0.8469055374592834,0.8071135430916553,0.9090086584298084,0.8364018873431267
Spambase,50,3002,0.8436482084690554,0.8021978021978021,0.9077052643877362,0.8326412485760741
Spambase,50,3003,0.8686210640608035,0.8278805120910384,0.9153900512952292,0.8572109825161347
Spambase,50,3004,0.8610206297502715,0.826558265582656,0.9148626629422719,0.8515115805400373
Spambase,50,3005,0.8425624321389794,0.7960618846694797,0.9006270141857091,0.8281479714533293
Spambase,50,3006,0.8306188925081434,0.7833333333333334,0.8904771648786381,0.8177672542313426
Spambase,50,3007,0.8718783930510315,0.8435013262599469,0.932528944469142,0.8645674275663451
Spambase,50,3008,0.8273615635179153,0.7587253414264037,0.885246864053541,0.8022739281031682
Spambase,50,3009,0.8577633007600435,0.8131241084165479,0.9220948487810657,0.8450709440445512
Spambase,50,3010,0.8773072747014115,0.8305847076461769,0.913277378905855,0.8639169784609162
Spambase,50,3011,0.8697068403908795,0.8148148148148148,0.927001252886298,0.8576653861685495
Spambase,50,3012,0.8762214983713354,0.8347826086956522,0.9370079132036032,0.8641143681879262
Spambase,50,3013,0.8447339847991314,0.7830045523520486,0.9005582201442909,0.8256065857885615
Spambase,50,3014,0.8773072747014115,0.8423988842398884,0.9188317426652527,0.8675474254742548
Spambase,50,3015,0.8555917480998915,0.8058394160583942,0.9036537968315347,0.8387259060508612
Spambase,50,3016,0.8501628664495114,0.7921686746987953,0.9247596177699277,0.8291301586671562
Spambase,50,3017,0.8642779587404995,0.8191027496382055,0.9225892444348263,0.8485549729979638
Spambase,50,3018,0.8577633007600435,0.8104196816208394,0.8981373805065537,0.8421947373607963
Spambase,50,3019,0.8566775244299675,0.8092485549132947,0.9244850465438701,0.8425430778371955
Spambase,50,3020,0.8393051031487514,0.783625730994152,0.9073733823294456,0.824442802364595
Spambase,50,3021,0.8360477741585234,0.7795620437956203,0.8959472130231816,0.820968658979372
Spambase,50,3022,0.8490770901194354,0.7976710334788937,0.9070470563744685,0.8335728942594594
Spambase,50,3023,0.8555917480998915,0.8064046579330423,0.9135669138505947,0.84155427263226
Spambase,50,3024,0.8371335504885994,0.788135593220339,0.8986531986531987,0.8260026737967914
Spambase,50,3025,0.8914223669923995,0.8502994011976048,0.9346131756075934,0.87812865261376
Spambase,50,3026,0.8479913137893594,0.8044692737430168,0.9113776633383127,0.837054799905653
Spambase,50,3027,0.8208469055374593,0.760522496371553,0.8847000550357732,0.8026328720811384
Spambase,50,3028,0.8751357220412594,0.8413793103448275,0.9303688568663298,0.8657064787024997
Spambase,50,3029,0.8089033659066233,0.7541899441340782,0.8749219207495608,0.7948223697052508
Spambase,75,3000,0.9011943539630836,0.8775235531628532,0.9573479853479854,0.8962051282051282
Spambase,75,3001,0.8783930510314875,0.8490566037735849,0.934171612024516,0.8710356065765152
Spambase,75,3002,0.8827361563517915,0.8512396694214875,0.9307168797281641,0.8725963644860723
Spambase,75,3003,0.8805646036916395,0.84593837535014,0.9265583767382559,0.8724043526818805
Spambase,75,3004,0.8762214983713354,0.8463611859838276,0.9295759621353197,0.8678858240223464
Spambase,75,3005,0.8794788273615635,0.8477366255144032,0.9285164883311102,0.8698288368107956
Spambase,75,3006,0.8577633007600435,0.8188105117565698,0.918866380192347,0.8464146861936916
Spambase,75,3007,0.8946796959826275,0.8725361366622864,0.9464841409436187,0.8891412335465914
Spambase,75,3008,0.8610206297502715,0.8117647058823529,0.918318623901685,0.8416885188156789
Spambase,75,3009,0.8838219326818675,0.8507670850767085,0.9421240755551606,0.8762033828016234
Spambase,75,3010,0.8903365906623235,0.8508124076809452,0.9309384164222874,0.8809080796844979
Spambase,75,3011,0.8979370249728555,0.8562691131498472,0.9463536866955901,0.8907943920395125
Spambase,75,3012,0.8903365906623235,0.8550932568149211,0.9485193848603991,0.880849051908625
Spambase,75,3013,0.8697068403908795,0.8219584569732938,0.9273003909556246,0.8566890693643948
Spambase,75,3014,0.9011943539630836,0.874828060522696,0.9366383881230117,0.8946624248851185
Spambase,75,3015,0.8794788273615635,0.8425531914893618,0.9236786552765008,0.8684697259652376
Spambase,75,3016,0.8849077090119435,0.8485714285714285,0.943285670341447,0.8748399932524287
Spambase,75,3017,0.8925081433224755,0.8607594936708861,0.9368329415005066,0.8825977040891608
Spambase,75,3018,0.8751357220412594,0.8377997179125529,0.9267172563319208,0.8645831280181334
Spambase,75,3019,0.8870792616720955,0.8526912181303117,0.9432263814616756,0.8779486036838978
Spambase,75,3020,0.8697068403908795,0.8319327731092437,0.9303303243329606,0.8647572495606327
Spambase,75,3021,0.8686210640608035,0.8233576642335767,0.9229391932330527,0.8554193432549975
Spambase,75,3022,0.9001085776330076,0.8666666666666667,0.9360818406209419,0.8879647895002925
Spambase,75,3023,0.8773072747014115,0.8355167394468704,0.9300204051162096,0.8644727019359977
Spambase,75,3024,0.8610206297502715,0.8202247191011237,0.9215290156466627,0.8520796197266786
Spambase,75,3025,0.9120521172638436,0.8814055636896047,0.9482311273225585,0.9045710571923744
Spambase,75,3026,0.8849077090119435,0.8567567567567568,0.931234766884189,0.8809777694787326
Spambase,75,3027,0.8577633007600435,0.8131241084165478,0.9188222344523941,0.8438286225332181
Spambase,75,3028,0.8946796959826275,0.8697986577181209,0.9437671694903655,0.8901934714387667
Spambase,75,3029,0.8588490770901195,0.8257372654155496,0.9177386297091548,0.8526937341401523
Spambase,100,3000,0.9142236699239956,0.894243641231593,0.96603663003663,0.9105347985347986
Spambase,100,3001,0.8968512486427795,0.8735019973368843,0.9480737425819632,0.8918377274053897
Spambase,100,3002,0.9044516829533116,0.8810810810810811,0.941193079476969,0.8977913327945944
Spambase,100,3003,0.8838219326818675,0.8511821974965229,0.9320091125628837,0.8770347601775071
Spambase,100,3004,0.8881650380021715,0.8598639455782312,0.9388578522656735,0.8788698789571694
Spambase,100,3005,0.8968512486427795,0.8721399730820995,0.9386178426428063,0.8905402642416925
Spambase,100,3006,0.8816503800217155,0.8536912751677852,0.9376772194451752,0.8755152152942208
Spambase,100,3007,0.9077090119435396,0.8891786179921775,0.954548968823086,0.9035289058120881
Spambase,100,3008,0.8783930510314875,0.8386167146974063,0.9316353887399463,0.862708166180701
Spambase,100,3009,0.9022801302931596,0.8743016759776537,0.9508526121429347,0.895287182677212
Spambase,100,3010,0.9044516829533116,0.8698224852071006,0.9386843968045303,0.8957402164020629
Spambase,100,3011,0.9120521172638436,0.8759571209800918,0.9546838274123238,0.9059351605454715
Spambase,100,3012,0.8990228013029316,0.8669527896995708,0.9551037674812124,0.890541482108197
Spambase,100,3013,0.8816503800217155,0.8380386329866271,0.9377947281447745,0.8691558179839587
Spambase,100,3014,0.9033659066232356,0.8772413793103448,0.944046777424296,0.8964740190880169
Spambase,100,3015,0.8892508143322475,0.8563380281690139,0.9338291869710182,0.8798804427170674
Spambase,100,3016,0.8903365906623235,0.8559201141226819,0.9525933496730404,0.8808061363207875
Spambase,100,3017,0.9066232356134636,0.8808864265927978,0.9444958144384659,0.899849005006935
Spambase,100,3018,0.8903365906623235,0.8575458392101553,0.9396964620084755,0.8804671331428009
Spambase,100,3019,0.9044516829533116,0.8757062146892656,0.9520102990691226,0.8966874628639334
Spambase,100,3020,0.8849077090119435,0.85195530726257,0.9403508947116153,0.8813932936571337
Spambase,100,3021,0.8849077090119435,0.8459302325581396,0.9343953237840642,0.8734489087499502
Spambase,100,3022,0.9087947882736156,0.8803418803418803,0.9492263008158288,0.9001130066713587
Spambase,100,3023,0.8838219326818675,0.8451519536903039,0.9393370825660677,0.8723983476832728
Spambase,100,3024,0.8946796959826275,0.8639551192145862,0.9356704297880768,0.88767082590612
Spambase,100,3025,0.9218241042345277,0.8953488372093024,0.954951936641006,0.9164785780500584
Spambase,100,3026,0.8979370249728555,0.8722826086956522,0.9419176035851875,0.8936458251434862
Spambase,100,3027,0.8707926167209555,0.8312056737588653,0.9363059202767513,0.8583148242786383
Spambase,100,3028,0.9022801302931596,0.88,0.9512850844176793,0.8991289385955479
Spambase,100,3029,0.8773072747014115,0.8491321762349799,0.9331739215303533,0.8724136248292016
Spambase,150,3000,0.9294245385450597,0.9136786188579017,0.9716532356532357,0.9275311355311355
Spambase,150,3001,0.9098805646036916,0.8900662251655629,0.9582936083276583,0.9060609008658429
Spambase,150,3002,0.9131378935939196,0.8927613941018766,0.9520782015208015,0.9079486705157289
Spambase,150,3003,0.8935939196525515,0.866120218579235,0.9383938366657113,0.8904392215776001
Spambase,150,3004,0.9033659066232356,0.8792401628222524,0.9474171710117939,0.8948731378026071
Spambase,150,3005,0.9077090119435396,0.886211512717537,0.9493763935000827,0.9025426204130116
Spambase,150,3006,0.9044516829533116,0.8842105263157894,0.9579788944429828,0.9020871700429711
Spambase,150,3007,0.9239956568946797,0.9088541666666666,0.9620967586060266,0.9203906295301235
Spambase,150,3008,0.8859934853420195,0.8502139800285308,0.9447760317802,0.8720915441967867
Spambase,150,3009,0.9185667752442996,0.895397489539749,0.9606179092982612,0.9125788678574602
Spambase,150,3010,0.9087947882736156,0.874251497005988,0.9466983517039135,0.8979800788755183
Spambase,150,3011,0.9153094462540716,0.8818181818181818,0.9618594489371175,0.9120028578232913
Spambase,150,3012,0.9120521172638436,0.8831168831168831,0.961135718907082,0.9027173642562086
Spambase,150,3013,0.9077090119435396,0.874074074074074,0.9485308935552779,0.8975832292128492
Spambase,150,3014,0.9153094462540716,0.893150684931507,0.951970661010958,0.9100315187934489
Spambase,150,3015,0.9044516829533116,0.8757062146892656,0.9445222640913844,0.8953035295046067
Spambase,150,3016,0.9098805646036916,0.8832630098452884,0.9620746797384324,0.9039116068150471
Spambase,150,3017,0.9163952225841476,0.8937931034482758,0.9527439774146903,0.9107309731553528
Spambase,150,3018,0.9098805646036916,0.8829337094499295,0.9544150980585395,0.9008894254459446
Spambase,150,3019,0.9174809989142236,0.8926553672316384,0.9617894632600515,0.9103683897801544
Spambase,150,3020,0.9109663409337676,0.8851540616246498,0.9530326330084679,0.9084418437450072
Spambase,150,3021,0.9011943539630836,0.8679245283018868,0.9465945816542314,0.8909423253401428
Spambase,150,3022,0.9131378935939196,0.887005649717514,0.9602394948403533,0.9061871152568919
Spambase,150,3023,0.8979370249728555,0.8653295128939829,0.9481112825362067,0.8891330314039716
Spambase,150,3024,0.9174809989142236,0.8917378917378918,0.9494751435927906,0.9088755199049317
Spambase,150,3025,0.9261672095548317,0.9017341040462429,0.9618037362460199,0.9222925315384305
Spambase,150,3026,0.9044516829533116,0.8801089918256131,0.9506741882223445,0.8999798529758629
Spambase,150,3027,0.8870792616720955,0.8543417366946778,0.9525463872945986,0.8773316495007468
Spambase,150,3028,0.9196525515743756,0.9005376344086021,0.959981034128792,0.9158682751811045
Spambase,150,3029,0.9001085776330076,0.8779840848806366,0.9461106773374975,0.8970403084130393
Spambase,200,3000,0.9294245385450597,0.9132176234979974,0.9735970695970696,0.9266959706959708
Spambase,200,3001,0.9174809989142236,0.8994708994708994,0.9625012160716023,0.9140967020138147
Spambase,200,3002,0.9185667752442996,0.8993288590604026,0.9572530158019258,0.9133547206184462
Spambase,200,3003,0.9001085776330076,0.8739726027397261,0.9429056424752172,0.8967794700481325
Spambase,200,3004,0.9087947882736156,0.8867924528301887,0.952635203289882,0.9013835544692738
Spambase,200,3005,0.9142236699239956,0.8945260347129507,0.9557341615632515,0.9096646837180773
Spambase,200,3006,0.9142236699239956,0.8959156785243741,0.9652479367028169,0.9119822268993539
Spambase,200,3007,0.9315960912052117,0.9184993531694695,0.9654454259040919,0.9290425614163944
Spambase,200,3008,0.9033659066232356,0.8751753155680224,0.9518209037005146,0.8926831177472065
Spambase,200,3009,0.9250814332247557,0.903225806451613,0.9654462513700051,0.9184365650641311
Spambase,200,3010,0.9131378935939196,0.8802395209580839,0.950788755182526,0.9026367681262009
Spambase,200,3011,0.9283387622149837,0.9011976047904192,0.9646137279062302,0.9291549747869576
Spambase,200,3012,0.9153094462540716,0.8866279069767442,0.9640820186134474,0.9048424824565768
Spambase,200,3013,0.9174809989142236,0.888235294117647,0.9540022570633993,0.9094907500705333
Spambase,200,3014,0.9196525515743756,0.8989071038251366,0.9564530065590511,0.9150023565453045
Spambase,200,3015,0.9087947882736156,0.8813559322033897,0.950519857162586,0.8998461143883048
Spambase,200,3016,0.9142236699239956,0.8892005610098177,0.9662224515514453,0.9089896504162656
Spambase,200,3017,0.9229098805646037,0.9026063100137173,0.957116438288789,0.9184454893319824
Spambase,200,3018,0.9283387622149837,0.9080779944289694,0.9643441411254557,0.9222947669261851
Spambase,200,3019,0.9207383279044516,0.8967468175388968,0.9671816201227966,0.9135398098633393
Spambase,200,3020,0.9196525515743756,0.8966480446927373,0.9591687969324173,0.9181803203387122
Spambase,200,3021,0.9033659066232356,0.8704512372634643,0.9534074133184376,0.8927028887204245
Spambase,200,3022,0.9239956568946797,0.9019607843137256,0.9654288801435383,0.919108535968834
Spambase,200,3023,0.9077090119435396,0.8780487804878049,0.9533867516050366,0.899183795351615
Spambase,200,3024,0.9250814332247557,0.9018492176386913,0.9555555555555556,0.917104872251931
Spambase,200,3025,0.9294245385450597,0.9056603773584906,0.9639600378864214,0.9248921849179799
Spambase,200,3026,0.9077090119435396,0.8843537414965987,0.9556028382734492,0.903601403412218
Spambase,200,3027,0.9044516829533116,0.8777777777777778,0.9600450114002673,0.8967980973346961
Spambase,200,3028,0.9229098805646037,0.9039242219215157,0.9643852222624134,0.9181876839151815
Spambase,200,3029,0.9109663409337676,0.8921052631578946,0.9518251024790162,0.9095134686707007
Spambase,300,3000,0.9326818675352877,0.9173333333333333,0.9751599511599511,0.9302783882783883
Spambase,300,3001,0.9272529858849077,0.9107856191744341,0.9667526023932289,0.9231977818853974
Spambase,300,3002,0.9153094462540716,0.8945945945945947,0.9632213340603063,0.9090001849886573
Spambase,300,3003,0.9066232356134636,0.8812154696132597,0.9524481364710068,0.9021461963450914
Spambase,300,3004,0.9185667752442996,0.8993288590604027,0.9591043994413407,0.9119893505586593
Spambase,300,3005,0.9261672095548317,0.9095744680851064,0.9634209270852603,0.9225895491144884
Spambase,300,3006,0.9229098805646037,0.9062087186261559,0.9700322527210188,0.9205545324329855
Spambase,300,3007,0.9337676438653637,0.9214929214929215,0.9690453640528055,0.9319587529234397
Spambase,300,3008,0.9131378935939196,0.8895027624309393,0.9599273986810434,0.9051755347253478
Spambase,300,3009,0.9229098805646037,0.8995756718528994,0.9699388804960652,0.9147190378861934
Spambase,300,3010,0.9163952225841476,0.8845577211394303,0.9538325412074021,0.9058271817170593
Spambase,300,3011,0.9337676438653637,0.9082706766917295,0.9682377791813785,0.9340474440084079
Spambase,300,3012,0.9196525515743756,0.8930635838150289,0.9660229930821679,0.9104762852734782
Spambase,300,3013,0.9131378935939196,0.8830409356725146,0.9609094756358068,0.9060245455644673
Spambase,300,3014,0.9239956568946797,0.9051490514905149,0.9617994187188249,0.9208716271945329
Spambase,300,3015,0.9153094462540716,0.8898305084745762,0.9567295361729832,0.9066599917138517
Spambase,300,3016,0.9207383279044516,0.898186889818689,0.9702660329241791,0.9168609901068696
Spambase,300,3017,0.9283387622149837,0.9098360655737704,0.962610295202589,0.9247976076884485
Spambase,300,3018,0.9391965255157437,0.9226519337016574,0.96935547452449,0.9350522321868533
Spambase,300,3019,0.9218241042345277,0.8983050847457628,0.972123192711428,0.9149286987522282
Spambase,300,3020,0.9326818675352877,0.9136490250696379,0.9665831203067583,0.9325171752676147
Spambase,300,3021,0.9066232356134636,0.8757225433526011,0.9602501695726768,0.8974883294098871
Spambase,300,3022,0.9305103148751357,0.9116022099447513,0.9705587882512713,0.9284712378195661
Spambase,300,3023,0.9174809989142236,0.8914285714285715,0.9585626835216244,0.9102846762554124
Spambase,300,3024,0.9283387622149837,0.9062499999999999,0.9626609229550406,0.9207739156268568
Spambase,300,3025,0.9370249728555917,0.9156976744186046,0.965814054250131,0.9327188545403249
Spambase,300,3026,0.9207383279044516,0.8993103448275862,0.9614307335482349,0.9149058495164715
Spambase,300,3027,0.9109663409337676,0.8870523415977961,0.9660498073747936,0.9049502712477395
Spambase,300,3028,0.9294245385450597,0.912043301759134,0.9693759837323661,0.9249406094496965
Spambase,300,3029,0.9142236699239956,0.8959156785243741,0.9558803435487019,0.9126781182900645
Haberman,0,3000,0.5645161290322581,0.37209302325581395,0.5220673635307782,0.5197444831591174
Haberman,0,3001,0.7580645161290323,0.11764705882352941,0.5877976190476191,0.5148809523809524
Haberman,0,3002,0.7096774193548387,0.0,0.24621212121212122,0.5
Haberman,0,3003,0.46774193548387094,0.3529411764705882,0.4671717171717172,0.4772727272727273
Haberman,0,3004,0.532258064516129,0.12121212121212122,0.40922619047619047,0.39434523809523814
Haberman,0,3005,0.3548387096774194,0.4444444444444444,0.6376262626262627,0.5126262626262625
Haberman,0,3006,0.5161290322580645,0.44444444444444453,0.4738562091503268,0.5751633986928104
Haberman,0,3007,0.3387096774193548,0.3050847457627119,0.3877551020408163,0.4686028257456829
Haberman,0,3008,0.7903225806451613,0.4800000000000001,0.686141304347826,0.6548913043478262
Haberman,0,3009,0.8387096774193549,0.0,0.5384615384615384,0.5
Haberman,0,3010,0.6935483870967742,0.0,0.41414141414141414,0.48863636363636365
Haberman,0,3011,0.4032258064516129,0.41269841269841273,0.4638922888616891,0.48164014687882495
Haberman,0,3012,0.7580645161290323,0.3478260869565218,0.5738562091503268,0.5954248366013072
Haberman,0,3013,0.6935483870967742,0.0,0.577020202020202,0.48863636363636365
Haberman,0,3014,0.5806451612903226,0.13333333333333333,0.5083333333333333,0.42333333333333334
Haberman,0,3015,0.6774193548387096,0.5238095238095237,0.7202380952380952,0.7157738095238095
Haberman,0,3016,0.27419354838709675,0.41558441558441556,0.48777173913043476,0.5108695652173914
Haberman,0,3017,0.7258064516129032,0.0,0.44901960784313727,0.5
Haberman,0,3018,0.7419354838709677,0.2,0.6779891304347826,0.5407608695652174
Haberman,0,3019,0.6451612903225806,0.08333333333333334,0.2863095238095238,0.4892857142857143
Haberman,0,3020,0.6290322580645161,0.0,0.3277591973244147,0.5
Haberman,0,3021,0.7903225806451613,0.0,0.3433333333333333,0.49
Haberman,0,3022,0.5967741935483871,0.41860465116279066,0.6921985815602837,0.597872340425532
Haberman,0,3023,0.3387096774193548,0.40579710144927544,0.4755201958384333,0.4498164014687882
Haberman,0,3024,0.7096774193548387,0.25,0.44904891304347827,0.5394021739130435
Haberman,0,3025,0.7903225806451613,0.0,0.4003139717425432,0.5
Haberman,0,3026,0.4838709677419355,0.2,0.42410714285714285,0.41369047619047616
Haberman,0,3027,0.4838709677419355,0.2727272727272727,0.5234042553191489,0.4553191489361702
Haberman,0,3028,0.25806451612903225,0.41025641025641024,0.39402173913043476,0.5
Haberman,0,3029,0.4838709677419355,0.3846153846153846,0.4678030303030303,0.5050505050505051
Haberman,1,3000,0.5483870967741935,0.3333333333333333,0.5209059233449478,0.49593495934959353
Haberman,1,3001,0.7580645161290323,0.11764705882352941,0.5892857142857143,0.5148809523809524
Haberman,1,3002,0.7096774193548387,0.0,0.24621212121212122,0.5
Haberman,1,3003,0.43548387096774194,0.2857142857142857,0.46464646464646464,0.4217171717171717
Haberman,1,3004,0.5483870967741935,0.125,0.41220238095238093,0.40476190476190477
Haberman,1,3005,0.3548387096774194,0.4444444444444444,0.6401515151515151,0.5126262626262625
Haberman,1,3006,0.5161290322580645,0.44444444444444453,0.4738562091503268,0.5751633986928104
Haberman,1,3007,0.3870967741935484,0.32142857142857145,0.39089481946624804,0.49921507064364207
Haberman,1,3008,0.7903225806451613,0.4800000000000001,0.6875,0.6548913043478262
Haberman,1,3009,0.8387096774193549,0.0,0.5384615384615384,0.5
Haberman,1,3010,0.7096774193548387,0.0,0.4128787878787879,0.5
Haberman,1,3011,0.46774193548387094,0.42105263157894735,0.46511627906976744,0.5134638922888617
Haberman,1,3012,0.7580645161290323,0.3478260869565218,0.5725490196078431,0.5954248366013072
Haberman,1,3013,0.6935483870967742,0.0,0.5820707070707071,0.48863636363636365
Haberman,1,3014,0.5806451612903226,0.13333333333333333,0.5133333333333333,0.42333333333333334
Haberman,1,3015,0.6774193548387096,0.5238095238095237,0.7202380952380952,0.7157738095238095
Haberman,1,3016,0.27419354838709675,0.41558441558441556,0.48777173913043476,0.5108695652173914
Haberman,1,3017,0.7258064516129032,0.0,0.4516339869281046,0.5
Haberman,1,3018,0.7580645161290323,0.21052631578947367,0.6793478260869565,0.5516304347826086
Haberman,1,3019,0.6451612903225806,0.0,0.2851190476190476,0.47619047619047616
Haberman,1,3020,0.6290322580645161,0.0,0.3277591973244147,0.5
Haberman,1,3021,0.8064516129032258,0.0,0.34,0.5
Haberman,1,3022,0.5967741935483871,0.41860465116279066,0.6921985815602837,0.597872340425532
Haberman,1,3023,0.3387096774193548,0.40579710144927544,0.47674418604651164,0.4498164014687882
Haberman,1,3024,0.7096774193548387,0.25,0.4544836956521739,0.5394021739130435
Haberman,1,3025,0.7903225806451613,0.0,0.4050235478806907,0.5
Haberman,1,3026,0.5,0.20512820512820512,0.42410714285714285,0.42410714285714285
Haberman,1,3027,0.4838709677419355,0.2727272727272727,0.5234042553191489,0.4553191489361702
Haberman,1,3028,0.25806451612903225,0.41025641025641024,0.3967391304347826,0.5
Haberman,1,3029,0.46774193548387094,0.3529411764705882,0.4703282828282828,0.4772727272727273
Haberman,2,3000,0.5161290322580645,0.25,0.5232288037166086,0.44831591173054586
Haberman,2,3001,0.7580645161290323,0.11764705882352941,0.59375,0.5148809523809524
Haberman,2,3002,0.7096774193548387,0.0,0.24621212121212122,0.5
Haberman,2,3003,0.46774193548387094,0.26666666666666666,0.46464646464646464,0.428030303030303
Haberman,2,3004,0.5806451612903226,0.13333333333333333,0.41220238095238093,0.42559523809523814
Haberman,2,3005,0.3709677419354839,0.45070422535211263,0.6401515151515151,0.523989898989899
Haberman,2,3006,0.5,0.41509433962264153,0.4764705882352941,0.5457516339869282
Haberman,2,3007,0.3870967741935484,0.29629629629629634,0.3956043956043956,0.47095761381475665
Haberman,2,3008,0.7903225806451613,0.4800000000000001,0.6902173913043478,0.6548913043478262
Haberman,2,3009,0.8387096774193549,0.0,0.5403846153846154,0.5
Haberman,2,3010,0.7096774193548387,0.0,0.4065656565656566,0.5
Haberman,2,3011,0.46774193548387094,0.42105263157894735,0.4638922888616891,0.5134638922888617
Haberman,2,3012,0.7580645161290323,0.3478260869565218,0.5738562091503268,0.5954248366013072
Haberman,2,3013,0.6935483870967742,0.0,0.5871212121212122,0.48863636363636365
Haberman,2,3014,0.5806451612903226,0.13333333333333333,0.5116666666666667,0.42333333333333334
Haberman,2,3015,0.6612903225806451,0.4324324324324324,0.7247023809523809,0.6294642857142857
Haberman,2,3016,0.27419354838709675,0.41558441558441556,0.48641304347826086,0.5108695652173914
Haberman,2,3017,0.7258064516129032,0.0,0.4542483660130719,0.5
Haberman,2,3018,0.7580645161290323,0.21052631578947367,0.6807065217391305,0.5516304347826086
Haberman,2,3019,0.6774193548387096,0.0,0.2839285714285714,0.5
Haberman,2,3020,0.6290322580645161,0.0,0.32998885172798215,0.5
Haberman,2,3021,0.8064516129032258,0.0,0.335,0.5
Haberman,2,3022,0.5967741935483871,0.41860465116279066,0.6921985815602837,0.597872340425532
Haberman,2,3023,0.3548387096774194,0.4117647058823529,0.4791921664626683,0.4614443084455324
Haberman,2,3024,0.7258064516129032,0.26086956521739124,0.45991847826086957,0.5502717391304348
Haberman,2,3025,0.7903225806451613,0.0,0.4065934065934066,0.5
Haberman,2,3026,0.5,0.20512820512820512,0.42857142857142855,0.42410714285714285
Haberman,2,3027,0.5,0.27906976744186046,0.524822695035461,0.46595744680851064
Haberman,2,3028,0.24193548387096775,0.3896103896103896,0.40625,0.46875
Haberman,2,3029,0.5161290322580645,0.37499999999999994,0.4741161616161616,0.5113636363636364
Haberman,5,3000,0.5645161290322581,0.12903225806451613,0.5371660859465738,0.45005807200929154
Haberman,5,3001,0.7741935483870968,0.125,0.6026785714285714,0.5252976190476191
Haberman,5,3002,0.7096774193548387,0.0,0.25252525252525254,0.5
Haberman,5,3003,0.46774193548387094,0.1951219512195122,0.4633838383838384,0.3952020202020202
Haberman,5,3004,0.6129032258064516,0.0,0.43898809523809523,0.3958333333333333
Haberman,5,3005,0.532258064516129,0.49122807017543857,0.6515151515151515,0.6047979797979798
Haberman,5,3006,0.532258064516129,0.35555555555555557,0.4803921568627451,0.5130718954248366
Haberman,5,3007,0.46774193548387094,0.26666666666666666,0.45682888540031397,0.4654631083202512
Haberman,5,3008,0.7741935483870968,0.4166666666666667,0.6915760869565217,0.6236413043478262
Haberman,5,3009,0.8387096774193549,0.0,0.5596153846153846,0.5
Haberman,5,3010,0.7096774193548387,0.0,0.4090909090909091,0.5
Haberman,5,3011,0.46774193548387094,0.326530612244898,0.47613219094247244,0.45471236230110157
Haberman,5,3012,0.7580645161290323,0.3478260869565218,0.5738562091503268,0.5954248366013072
Haberman,5,3013,0.6935483870967742,0.0,0.5984848484848485,0.48863636363636365
Haberman,5,3014,0.6290322580645161,0.14814814814814814,0.5133333333333333,0.4533333333333333
Haberman,5,3015,0.7741935483870968,0.5,0.7321428571428571,0.6770833333333333
Haberman,5,3016,0.3064516129032258,0.4109589041095891,0.4904891304347826,0.5122282608695652
Haberman,5,3017,0.7258064516129032,0.0,0.46078431372549017,0.5
Haberman,5,3018,0.7258064516129032,0.0,0.6915760869565217,0.4891304347826087
Haberman,5,3019,0.6774193548387096,0.0,0.2851190476190476,0.5
Haberman,5,3020,0.6290322580645161,0.0,0.3311036789297659,0.5
Haberman,5,3021,0.8064516129032258,0.0,0.33,0.5
Haberman,5,3022,0.7096774193548387,0.5,0.6950354609929078,0.6723404255319149
Haberman,5,3023,0.5,0.3111111111111111,0.47429620563035496,0.4632802937576499
Haberman,5,3024,0.7419354838709677,0.1111111111111111,0.4626358695652174,0.5203804347826086
Haberman,5,3025,0.7903225806451613,0.0,0.42700156985871274,0.5
Haberman,5,3026,0.5645161290322581,0.22857142857142854,0.45089285714285715,0.46577380952380953
Haberman,5,3027,0.5645161290322581,0.3076923076923077,0.5234042553191489,0.5085106382978724
Haberman,5,3028,0.3064516129032258,0.37681159420289856,0.44565217391304346,0.47146739130434784
Haberman,5,3029,0.5483870967741935,0.3333333333333333,0.4842171717171717,0.5012626262626263
Haberman,10,3000,0.6612903225806451,0.08695652173913042,0.5998838559814169,0.5116144018583043
Haberman,10,3001,0.7903225806451613,0.23529411764705882,0.6145833333333334,0.5610119047619048
Haberman,10,3002,0.7096774193548387,0.0,0.2803030303030303,0.5
Haberman,10,3003,0.7096774193548387,0.0,0.45580808080808083,0.5
Haberman,10,3004,0.7580645161290323,0.0,0.5505952380952381,0.4895833333333333
Haberman,10,3005,0.6935483870967742,0.3870967741935484,0.6843434343434344,0.5871212121212122
Haberman,10,3006,0.6451612903225806,0.15384615384615383,0.4973856209150327,0.48104575163398694
Haberman,10,3007,0.8225806451612904,0.3529411764705882,0.673469387755102,0.6051805337519623
Haberman,10,3008,0.7741935483870968,0.36363636363636365,0.6942934782608695,0.6032608695652174
Haberman,10,3009,0.8387096774193549,0.0,0.6134615384615385,0.5
Haberman,10,3010,0.7096774193548387,0.0,0.41919191919191917,0.5
Haberman,10,3011,0.6935483870967742,0.0,0.4969400244798042,0.5
Haberman,10,3012,0.7419354838709677,0.2727272727272727,0.5764705882352941,0.5660130718954248
Haberman,10,3013,0.7096774193548387,0.0,0.6199494949494949,0.5
Haberman,10,3014,0.7258064516129032,0.10526315789473685,0.55,0.4816666666666667
Haberman,10,3015,0.7741935483870968,0.22222222222222224,0.7336309523809523,0.5505952380952381
Haberman,10,3016,0.43548387096774194,0.3137254901960784,0.4945652173913043,0.4565217391304348
Haberman,10,3017,0.7258064516129032,0.0,0.4843137254901961,0.5
Haberman,10,3018,0.7258064516129032,0.0,0.75,0.4891304347826087
Haberman,10,3019,0.6774193548387096,0.0,0.2898809523809524,0.5
Haberman,10,3020,0.6290322580645161,0.0,0.34448160535117056,0.5
Haberman,10,3021,0.8064516129032258,0.0,0.345,0.5
Haberman,10,3022,0.8064516129032258,0.5714285714285715,0.7078014184397163,0.7134751773049646
Haberman,10,3023,0.6935483870967742,0.0,0.4938800489596083,0.5
Haberman,10,3024,0.7419354838709677,0.0,0.49116847826086957,0.5
Haberman,10,3025,0.7903225806451613,0.0,0.4913657770800628,0.5
Haberman,10,3026,0.6290322580645161,0.0,0.5148809523809523,0.40625
Haberman,10,3027,0.6451612903225806,0.21428571428571427,0.5234042553191489,0.4936170212765958
Haberman,10,3028,0.6129032258064516,0.33333333333333326,0.5054347826086957,0.5353260869565217
Haberman,10,3029,0.6129032258064516,0.14285714285714285,0.5284090909090909,0.46464646464646464
Haberman,20,3000,0.6612903225806451,0.08695652173913042,0.6265969802555168,0.5116144018583043
Haberman,20,3001,0.8064516129032258,0.3333333333333333,0.6324404761904762,0.5967261904761905
Haberman,20,3002,0.7096774193548387,0.0,0.5707070707070707,0.5
Haberman,20,3003,0.7096774193548387,0.0,0.44065656565656564,0.5
Haberman,20,3004,0.7741935483870968,0.125,0.7068452380952381,0.5252976190476191
Haberman,20,3005,0.6612903225806451,0.0,0.7361111111111112,0.4659090909090909
Haberman,20,3006,0.7258064516129032,0.0,0.6359477124183006,0.5
Haberman,20,3007,0.8064516129032258,0.14285714285714288,0.8053375196232339,0.5384615384615384
Haberman,20,3008,0.7419354838709677,0.2,0.7024456521739131,0.5407608695652174
Haberman,20,3009,0.8548387096774194,0.18181818181818182,0.6942307692307692,0.55
Haberman,20,3010,0.7096774193548387,0.0,0.5328282828282829,0.5
Haberman,20,3011,0.6935483870967742,0.0,0.6340269277845777,0.5
Haberman,20,3012,0.7580645161290323,0.2857142857142857,0.5830065359477125,0.5771241830065359
Haberman,20,3013,0.7096774193548387,0.0,0.7058080808080808,0.5
Haberman,20,3014,0.8064516129032258,0.0,0.6616666666666666,0.5
Haberman,20,3015,0.7580645161290323,0.11764705882352941,0.7306547619047619,0.5148809523809524
Haberman,20,3016,0.7419354838709677,0.0,0.48777173913043476,0.5
Haberman,20,3017,0.7096774193548387,0.0,0.5209150326797386,0.4888888888888889
Haberman,20,3018,0.7258064516129032,0.0,0.8274456521739131,0.4891304347826087
Haberman,20,3019,0.6774193548387096,0.0,0.3244047619047619,0.5
Haberman,20,3020,0.6290322580645161,0.0,0.6142697881828316,0.5
Haberman,20,3021,0.8064516129032258,0.0,0.5483333333333333,0.5
Haberman,20,3022,0.8387096774193549,0.5454545454545455,0.723404255319149,0.6893617021276596
Haberman,20,3023,0.6935483870967742,0.0,0.5942472460220318,0.5
Haberman,20,3024,0.7419354838709677,0.0,0.5292119565217391,0.5
Haberman,20,3025,0.7903225806451613,0.0,0.7205651491365777,0.5
Haberman,20,3026,0.7741935483870968,0.0,0.6711309523809523,0.5
Haberman,20,3027,0.7580645161290323,0.0,0.526241134751773,0.5
Haberman,20,3028,0.7096774193548387,0.0,0.5733695652173914,0.4782608695652174
Haberman,20,3029,0.6935483870967742,0.0,0.6357323232323232,0.48863636363636365
Haberman,30,3000,0.6774193548387096,0.16666666666666666,0.6475029036004646,0.5354239256678281
Haberman,30,3001,0.7903225806451613,0.3157894736842105,0.6800595238095238,0.5863095238095238
Haberman,30,3002,0.7096774193548387,0.0,0.7714646464646465,0.5
Haberman,30,3003,0.7096774193548387,0.0,0.5126262626262627,0.5
Haberman,30,3004,0.7903225806451613,0.3157894736842105,0.7514880952380952,0.5863095238095238
Haberman,30,3005,0.6612903225806451,0.0,0.7689393939393939,0.4659090909090909
Haberman,30,3006,0.7258064516129032,0.0,0.6594771241830065,0.5
Haberman,30,3007,0.7903225806451613,0.13333333333333336,0.8398744113029827,0.5282574568288854
Haberman,30,3008,0.7419354838709677,0.2,0.6997282608695652,0.5407608695652174
Haberman,30,3009,0.8225806451612904,0.15384615384615383,0.7423076923076923,0.5307692307692308
Haberman,30,3010,0.7096774193548387,0.0,0.577020202020202,0.5
Haberman,30,3011,0.6935483870967742,0.0,0.6462668298653611,0.5
Haberman,30,3012,0.7741935483870968,0.3636363636363636,0.5830065359477125,0.6065359477124183
Haberman,30,3013,0.6935483870967742,0.0,0.7323232323232324,0.48863636363636365
Haberman,30,3014,0.7741935483870968,0.0,0.7133333333333334,0.48
Haberman,30,3015,0.7580645161290323,0.11764705882352941,0.7336309523809523,0.5148809523809524
Haberman,30,3016,0.7419354838709677,0.0,0.5706521739130435,0.5
Haberman,30,3017,0.6935483870967742,0.0,0.5535947712418301,0.4777777777777778
Haberman,30,3018,0.7258064516129032,0.0,0.84375,0.4891304347826087
Haberman,30,3019,0.6774193548387096,0.0,0.5577380952380953,0.5
Haberman,30,3020,0.6290322580645161,0.0,0.6722408026755853,0.5
Haberman,30,3021,0.8064516129032258,0.0,0.58,0.5
Haberman,30,3022,0.7580645161290323,0.11764705882352941,0.7319148936170212,0.5226950354609929
Haberman,30,3023,0.6935483870967742,0.0,0.5746634026927785,0.5
Haberman,30,3024,0.7580645161290323,0.11764705882352941,0.578125,0.53125
Haberman,30,3025,0.7903225806451613,0.0,0.7456828885400314,0.5
Haberman,30,3026,0.7903225806451613,0.23529411764705882,0.6919642857142857,0.5610119047619048
Haberman,30,3027,0.7741935483870968,0.125,0.5092198581560283,0.5333333333333333
Haberman,30,3028,0.7096774193548387,0.0,0.6168478260869565,0.4782608695652174
Haberman,30,3029,0.6774193548387096,0.0,0.6458333333333334,0.4772727272727273
Haberman,50,3000,0.6774193548387096,0.33333333333333326,0.6602787456445993,0.570267131242741
Haberman,50,3001,0.7903225806451613,0.3157894736842105,0.7351190476190477,0.5863095238095238
Haberman,50,3002,0.7258064516129032,0.10526315789473684,0.7992424242424242,0.5277777777777778
Haberman,50,3003,0.7096774193548387,0.25,0.5340909090909091,0.5492424242424242
Haberman,50,3004,0.8064516129032258,0.4,0.7678571428571429,0.6220238095238095
Haberman,50,3005,0.6612903225806451,0.0,0.7575757575757576,0.4659090909090909
Haberman,50,3006,0.7419354838709677,0.2727272727272727,0.6555555555555556,0.5660130718954248
Haberman,50,3007,0.8225806451612904,0.3529411764705882,0.8555729984301413,0.6051805337519623
Haberman,50,3008,0.7741935483870968,0.4166666666666667,0.6902173913043478,0.6236413043478262
Haberman,50,3009,0.8225806451612904,0.15384615384615383,0.7442307692307693,0.5307692307692308
Haberman,50,3010,0.7258064516129032,0.10526315789473684,0.6300505050505051,0.5277777777777778
Haberman,50,3011,0.6935483870967742,0.09523809523809525,0.6499388004895961,0.51468788249694
Haberman,50,3012,0.7741935483870968,0.3636363636363636,0.5594771241830065,0.6065359477124183
Haberman,50,3013,0.6935483870967742,0.0,0.7487373737373737,0.48863636363636365
Haberman,50,3014,0.8064516129032258,0.4,0.6866666666666666,0.6266666666666667
Haberman,50,3015,0.7580645161290323,0.11764705882352941,0.6904761904761905,0.5148809523809524
Haberman,50,3016,0.7419354838709677,0.0,0.6725543478260869,0.5
Haberman,50,3017,0.6935483870967742,0.09523809523809523,0.569281045751634,0.49607843137254903
Haberman,50,3018,0.7903225806451613,0.38095238095238093,0.8315217391304348,0.6141304347826086
Haberman,50,3019,0.6935483870967742,0.09523809523809523,0.6125,0.525
Haberman,50,3020,0.6290322580645161,0.0,0.7012263099219621,0.5
Haberman,50,3021,0.8225806451612904,0.26666666666666666,0.6166666666666667,0.5733333333333334
Haberman,50,3022,0.7903225806451613,0.31578947368421056,0.7304964539007093,0.5893617021276596
Haberman,50,3023,0.7096774193548387,0.35714285714285715,0.5575275397796817,0.5850673194614443
Haberman,50,3024,0.7580645161290323,0.11764705882352941,0.6745923913043478,0.53125
Haberman,50,3025,0.7903225806451613,0.0,0.7660910518053375,0.5
Haberman,50,3026,0.8387096774193549,0.5,0.7098214285714286,0.6681547619047619
Haberman,50,3027,0.7096774193548387,0.18181818181818182,0.49929078014184397,0.5134751773049645
Haberman,50,3028,0.7419354838709677,0.3333333333333333,0.6807065217391305,0.5815217391304348
Haberman,50,3029,0.7258064516129032,0.2608695652173913,0.6243686868686869,0.5606060606060607
Haberman,75,3000,0.6612903225806451,0.36363636363636365,0.6672473867595818,0.5696864111498258
Haberman,75,3001,0.7903225806451613,0.3157894736842105,0.7351190476190477,0.5863095238095238
Haberman,75,3002,0.7258064516129032,0.32,0.8005050505050505,0.577020202020202
Haberman,75,3003,0.6935483870967742,0.24,0.5378787878787878,0.5378787878787878
Haberman,75,3004,0.8225806451612904,0.4761904761904762,0.7604166666666666,0.6577380952380952
Haberman,75,3005,0.6612903225806451,0.0,0.75,0.4659090909090909
Haberman,75,3006,0.7419354838709677,0.3846153846153846,0.6581699346405229,0.6026143790849673
Haberman,75,3007,0.8064516129032258,0.4,0.8524332810047096,0.6232339089481946
Haberman,75,3008,0.7741935483870968,0.4166666666666667,0.6875,0.6236413043478262
Haberman,75,3009,0.8225806451612904,0.15384615384615383,0.7442307692307693,0.5307692307692308
Haberman,75,3010,0.7096774193548387,0.1818181818181818,0.6616161616161617,0.5328282828282829
Haberman,75,3011,0.7258064516129032,0.32,0.6462668298653611,0.5820073439412485
Haberman,75,3012,0.7741935483870968,0.3636363636363636,0.550326797385621,0.6065359477124183
Haberman,75,3013,0.7419354838709677,0.3333333333333333,0.75,0.5883838383838385
Haberman,75,3014,0.8064516129032258,0.5,0.65,0.69
Haberman,75,3015,0.7741935483870968,0.22222222222222224,0.6741071428571429,0.5505952380952381
Haberman,75,3016,0.6935483870967742,0.0,0.6847826086956522,0.4673913043478261
Haberman,75,3017,0.6935483870967742,0.09523809523809523,0.5732026143790849,0.49607843137254903
Haberman,75,3018,0.8064516129032258,0.45454545454545453,0.811141304347826,0.6453804347826086
Haberman,75,3019,0.7258064516129032,0.37037037037037035,0.6291666666666667,0.6011904761904762
Haberman,75,3020,0.6451612903225806,0.15384615384615383,0.6967670011148273,0.5306577480490524
Haberman,75,3021,0.8064516129032258,0.25,0.6316666666666667,0.5633333333333334
Haberman,75,3022,0.8064516129032258,0.4,0.7148936170212766,0.6226950354609929
Haberman,75,3023,0.7096774193548387,0.35714285714285715,0.5636474908200735,0.5850673194614443
Haberman,75,3024,0.7741935483870968,0.2222222222222222,0.735733695652174,0.5625
Haberman,75,3025,0.8064516129032258,0.14285714285714288,0.792778649921507,0.5384615384615384
Haberman,75,3026,0.8064516129032258,0.45454545454545453,0.71875,0.6473214285714286
Haberman,75,3027,0.7258064516129032,0.26086956521739135,0.5078014184397163,0.5468085106382978
Haberman,75,3028,0.7580645161290323,0.4827586206896552,0.6942934782608695,0.6535326086956521
Haberman,75,3029,0.7258064516129032,0.32,0.6294191919191919,0.577020202020202
Haberman,100,3000,0.6612903225806451,0.36363636363636365,0.6846689895470384,0.5696864111498258
Haberman,100,3001,0.7903225806451613,0.3157894736842105,0.7529761904761905,0.5863095238095238
Haberman,100,3002,0.7258064516129032,0.32,0.7967171717171717,0.577020202020202
Haberman,100,3003,0.6935483870967742,0.24,0.5366161616161617,0.5378787878787878
Haberman,100,3004,0.8225806451612904,0.4761904761904762,0.7633928571428571,0.6577380952380952
Haberman,100,3005,0.6612903225806451,0.0,0.7550505050505051,0.4659090909090909
Haberman,100,3006,0.7419354838709677,0.3846153846153846,0.6660130718954248,0.6026143790849673
Haberman,100,3007,0.8225806451612904,0.4761904761904762,0.8508634222919937,0.6616954474097332
Haberman,100,3008,0.7741935483870968,0.4166666666666667,0.6875,0.6236413043478262
Haberman,100,3009,0.8387096774193549,0.28571428571428575,0.7480769230769231,0.5807692307692308
Haberman,100,3010,0.7096774193548387,0.25,0.6767676767676768,0.5492424242424242
Haberman,100,3011,0.7258064516129032,0.37037037037037035,0.6156670746634026,0.5966952264381885
Haberman,100,3012,0.7580645161290323,0.2857142857142857,0.550326797385621,0.5771241830065359
Haberman,100,3013,0.7419354838709677,0.3333333333333333,0.75,0.5883838383838385
Haberman,100,3014,0.7903225806451613,0.48000000000000004,0.6416666666666667,0.6799999999999999
Haberman,100,3015,0.7741935483870968,0.22222222222222224,0.6741071428571429,0.5505952380952381
Haberman,100,3016,0.7258064516129032,0.26086956521739124,0.7595108695652174,0.5502717391304348
Haberman,100,3017,0.6935483870967742,0.1739130434782609,0.5758169934640522,0.5143790849673202
Haberman,100,3018,0.8064516129032258,0.45454545454545453,0.8029891304347826,0.6453804347826086
Haberman,100,3019,0.7258064516129032,0.41379310344827586,0.6303571428571428,0.6142857142857143
Haberman,100,3020,0.6774193548387096,0.2857142857142857,0.6923076923076923,0.5741360089186176
Haberman,100,3021,0.8064516129032258,0.25,0.6316666666666667,0.5633333333333334
Haberman,100,3022,0.8064516129032258,0.4,0.7148936170212766,0.6226950354609929
Haberman,100,3023,0.7096774193548387,0.35714285714285715,0.5709914320685434,0.5850673194614443
Haberman,100,3024,0.7741935483870968,0.2222222222222222,0.7425271739130435,0.5625
Haberman,100,3025,0.8225806451612904,0.2666666666666667,0.82574568288854,0.5769230769230769
Haberman,100,3026,0.8064516129032258,0.45454545454545453,0.7261904761904762,0.6473214285714286
Haberman,100,3027,0.7096774193548387,0.25,0.5078014184397163,0.5361702127659574
Haberman,100,3028,0.7741935483870968,0.5333333333333333,0.7038043478260869,0.6847826086956521
Haberman,100,3029,0.7258064516129032,0.3703703703703704,0.639520202020202,0.5934343434343434
Haberman,150,3000,0.6774193548387096,0.41176470588235287,0.6916376306620209,0.5934959349593496
Haberman,150,3001,0.7741935483870968,0.3,0.7574404761904762,0.5758928571428571
Haberman,150,3002,0.7258064516129032,0.32,0.7954545454545454,0.577020202020202
Haberman,150,3003,0.6774193548387096,0.23076923076923078,0.5366161616161617,0.5265151515151515
Haberman,150,3004,0.8225806451612904,0.4761904761904762,0.7708333333333334,0.6577380952380952
Haberman,150,3005,0.6612903225806451,0.0,0.7638888888888888,0.4659090909090909
Haberman,150,3006,0.7419354838709677,0.3846153846153846,0.6725490196078432,0.6026143790849673
Haberman,150,3007,0.8225806451612904,0.4761904761904762,0.8492935635792779,0.6616954474097332
Haberman,150,3008,0.7741935483870968,0.4166666666666667,0.6902173913043478,0.6236413043478262
Haberman,150,3009,0.8387096774193549,0.28571428571428575,0.7519230769230769,0.5807692307692308
Haberman,150,3010,0.7419354838709677,0.3846153846153846,0.6818181818181818,0.6047979797979798
Haberman,150,3011,0.7096774193548387,0.35714285714285715,0.6132190942472461,0.5850673194614443
Haberman,150,3012,0.7580645161290323,0.2857142857142857,0.5542483660130719,0.5771241830065359
Haberman,150,3013,0.7258064516129032,0.32,0.7487373737373737,0.577020202020202
Haberman,150,3014,0.7580645161290323,0.4444444444444445,0.6383333333333333,0.6599999999999999
Haberman,150,3015,0.7580645161290323,0.21052631578947364,0.6755952380952381,0.5401785714285714
Haberman,150,3016,0.7419354838709677,0.38461538461538464,0.7364130434782609,0.6019021739130435
Haberman,150,3017,0.6935483870967742,0.1739130434782609,0.581045751633987,0.5143790849673202
Haberman,150,3018,0.8064516129032258,0.45454545454545453,0.7744565217391305,0.6453804347826086
Haberman,150,3019,0.7258064516129032,0.41379310344827586,0.6291666666666667,0.6142857142857143
Haberman,150,3020,0.7096774193548387,0.4,0.6722408026755853,0.6176142697881828
Haberman,150,3021,0.8064516129032258,0.25,0.6383333333333333,0.5633333333333334
Haberman,150,3022,0.8064516129032258,0.4,0.7163120567375887,0.6226950354609929
Haberman,150,3023,0.7096774193548387,0.35714285714285715,0.5697674418604651,0.5850673194614443
Haberman,150,3024,0.7903225806451613,0.3157894736842105,0.733016304347826,0.59375
Haberman,150,3025,0.8225806451612904,0.2666666666666667,0.8461538461538461,0.5769230769230769
Haberman,150,3026,0.7903225806451613,0.43478260869565216,0.7351190476190477,0.6369047619047619
Haberman,150,3027,0.6774193548387096,0.23076923076923075,0.5148936170212766,0.5148936170212766
Haberman,150,3028,0.7741935483870968,0.5333333333333333,0.7051630434782609,0.6847826086956521
Haberman,150,3029,0.7258064516129032,0.3703703703703704,0.6407828282828283,0.5934343434343434
Haberman,200,3000,0.6774193548387096,0.41176470588235287,0.6951219512195121,0.5934959349593496
Haberman,200,3001,0.7741935483870968,0.3,0.7604166666666666,0.5758928571428571
Haberman,200,3002,0.7258064516129032,0.32,0.797979797979798,0.577020202020202
Haberman,200,3003,0.6774193548387096,0.23076923076923078,0.5328282828282829,0.5265151515151515
Haberman,200,3004,0.8387096774193549,0.5454545454545454,0.7723214285714286,0.6934523809523809
Haberman,200,3005,0.6612903225806451,0.0,0.7626262626262627,0.4659090909090909
Haberman,200,3006,0.7419354838709677,0.3846153846153846,0.6738562091503268,0.6026143790849673
Haberman,200,3007,0.8225806451612904,0.4761904761904762,0.8492935635792779,0.6616954474097332
Haberman,200,3008,0.7741935483870968,0.4166666666666667,0.6915760869565217,0.6236413043478262
Haberman,200,3009,0.8387096774193549,0.28571428571428575,0.7596153846153846,0.5807692307692308
Haberman,200,3010,0.7419354838709677,0.3846153846153846,0.6856060606060606,0.6047979797979798
Haberman,200,3011,0.7096774193548387,0.35714285714285715,0.6119951040391677,0.5850673194614443
Haberman,200,3012,0.7580645161290323,0.2857142857142857,0.5568627450980392,0.5771241830065359
Haberman,200,3013,0.7419354838709677,0.3846153846153846,0.7525252525252525,0.6047979797979798
Haberman,200,3014,0.7580645161290323,0.4444444444444445,0.64,0.6599999999999999
Haberman,200,3015,0.7580645161290323,0.21052631578947364,0.6785714285714286,0.5401785714285714
Haberman,200,3016,0.7419354838709677,0.42857142857142855,0.7336956521739131,0.6222826086956521
Haberman,200,3017,0.6935483870967742,0.1739130434782609,0.5836601307189543,0.5143790849673202
Haberman,200,3018,0.8064516129032258,0.45454545454545453,0.7703804347826086,0.6453804347826086
Haberman,200,3019,0.7419354838709677,0.4666666666666667,0.6291666666666667,0.6392857142857142
Haberman,200,3020,0.7096774193548387,0.4,0.673355629877369,0.6176142697881828
Haberman,200,3021,0.8064516129032258,0.25,0.645,0.5633333333333334
Haberman,200,3022,0.8064516129032258,0.4,0.7177304964539007,0.6226950354609929
Haberman,200,3023,0.7096774193548387,0.35714285714285715,0.5709914320685434,0.5850673194614443
Haberman,200,3024,0.7903225806451613,0.3157894736842105,0.7316576086956522,0.59375
Haberman,200,3025,0.8064516129032258,0.14285714285714288,0.8649921507064364,0.5384615384615384
Haberman,200,3026,0.7580645161290323,0.4,0.7306547619047619,0.6160714285714286
Haberman,200,3027,0.6612903225806451,0.22222222222222224,0.5134751773049645,0.5042553191489362
Haberman,200,3028,0.7741935483870968,0.5333333333333333,0.7065217391304348,0.6847826086956521
Haberman,200,3029,0.7096774193548387,0.35714285714285715,0.6445707070707071,0.5820707070707071
Haberman,300,3000,0.6774193548387096,0.41176470588235287,0.6939605110336817,0.5934959349593496
Haberman,300,3001,0.7741935483870968,0.3,0.7648809523809523,0.5758928571428571
Haberman,300,3002,0.7258064516129032,0.32,0.7941919191919192,0.577020202020202
Haberman,300,3003,0.6774193548387096,0.23076923076923078,0.5366161616161617,0.5265151515151515
Haberman,300,3004,0.8548387096774194,0.6086956521739131,0.7723214285714286,0.7291666666666667
Haberman,300,3005,0.6612903225806451,0.0,0.7651515151515151,0.4659090909090909
Haberman,300,3006,0.7419354838709677,0.3846153846153846,0.6803921568627451,0.6026143790849673
Haberman,300,3007,0.8225806451612904,0.4761904761904762,0.8367346938775511,0.6616954474097332
Haberman,300,3008,0.7903225806451613,0.4800000000000001,0.7010869565217391,0.6548913043478262
Haberman,300,3009,0.8064516129032258,0.25,0.7615384615384615,0.5615384615384615
Haberman,300,3010,0.7419354838709677,0.3846153846153846,0.696969696969697,0.6047979797979798
Haberman,300,3011,0.7096774193548387,0.35714285714285715,0.616891064871481,0.5850673194614443
Haberman,300,3012,0.7580645161290323,0.2857142857142857,0.5699346405228758,0.5771241830065359
Haberman,300,3013,0.7096774193548387,0.25,0.7575757575757576,0.5492424242424242
Haberman,300,3014,0.7419354838709677,0.42857142857142855,0.6466666666666666,0.65
Haberman,300,3015,0.7580645161290323,0.21052631578947364,0.6904761904761905,0.5401785714285714
Haberman,300,3016,0.7419354838709677,0.42857142857142855,0.7432065217391305,0.6222826086956521
Haberman,300,3017,0.6935483870967742,0.24,0.5901960784313726,0.5326797385620915
Haberman,300,3018,0.8225806451612904,0.5217391304347825,0.7730978260869565,0.6766304347826086
Haberman,300,3019,0.7419354838709677,0.4666666666666667,0.6232142857142857,0.6392857142857142
Haberman,300,3020,0.6935483870967742,0.3448275862068966,0.6744704570791528,0.5958751393534002
Haberman,300,3021,0.8064516129032258,0.25,0.6833333333333333,0.5633333333333334
Haberman,300,3022,0.8064516129032258,0.4,0.7390070921985815,0.6226950354609929
Haberman,300,3023,0.7096774193548387,0.35714285714285715,0.5758873929008568,0.5850673194614443
Haberman,300,3024,0.7741935483870968,0.3,0.734375,0.5828804347826086
Haberman,300,3025,0.7903225806451613,0.0,0.8712715855572999,0.5
Haberman,300,3026,0.7419354838709677,0.3846153846153846,0.7321428571428571,0.6056547619047619
Haberman,300,3027,0.6612903225806451,0.22222222222222224,0.5177304964539007,0.5042553191489362
Haberman,300,3028,0.7741935483870968,0.5333333333333333,0.7133152173913043,0.6847826086956521
Haberman,300,3029,0.7258064516129032,0.41379310344827586,0.6483585858585859,0.6098484848484849
Parkinson,0,3000,0.6,0.6,0.7445054945054945,0.6593406593406593
Parkinson,0,3001,0.275,0.2926829268292683,0.176,0.2866666666666666
Parkinson,0,3002,0.175,0.0,0.7922077922077922,0.5
Parkinson,0,3003,0.675,0.8059701492537314,0.35064935064935066,0.4090909090909091
Parkinson,0,3004,0.575,0.7301587301587302,0.21645021645021645,0.3484848484848485
Parkinson,0,3005,0.75,0.8387096774193549,0.7749287749287749,0.6353276353276354
Parkinson,0,3006,0.6,0.75,0.1488095238095238,0.42857142857142855
Parkinson,0,3007,0.65,0.7083333333333333,0.8853046594982079,0.7741935483870968
Parkinson,0,3008,0.725,0.8307692307692308,0.7398119122257053,0.5564263322884012
Parkinson,0,3009,0.475,0.6440677966101694,0.14420062695924765,0.3275862068965517
Parkinson,0,3010,0.45,0.47619047619047616,0.62890625,0.65625
Parkinson,0,3011,0.35,0.38095238095238093,0.37745098039215685,0.6176470588235294
Parkinson,0,3012,0.35,0.3157894736842105,0.83984375,0.59375
Parkinson,0,3013,0.575,0.7213114754098361,0.3510971786833856,0.42476489028213166
Parkinson,0,3014,0.4,0.5555555555555555,0.28296703296703296,0.32417582417582413
Parkinson,0,3015,0.8,0.8620689655172413,0.8244047619047619,0.7380952380952381
Parkinson,0,3016,0.625,0.6808510638297872,0.8387096774193549,0.7580645161290323
Parkinson,0,3017,0.675,0.7547169811320755,0.765625,0.75
Parkinson,0,3018,0.6,0.7419354838709677,0.10666666666666667,0.43333333333333335
Parkinson,0,3019,0.325,0.12903225806451613,0.5736677115987461,0.5344827586206896
Parkinson,0,3020,0.3,0.0,0.5446428571428571,0.5
Parkinson,0,3021,0.775,0.823529411764706,0.8683385579937304,0.8166144200626959
Parkinson,0,3022,0.625,0.7619047619047619,0.4946236559139785,0.44265232974910396
Parkinson,0,3023,0.675,0.7868852459016393,0.7008547008547008,0.5598290598290598
Parkinson,0,3024,0.225,0.36734693877551017,0.06862745098039216,0.1323529411764706
Parkinson,0,3025,0.7,0.7500000000000001,0.760989010989011,0.7032967032967032
Parkinson,0,3026,0.425,0.43902439024390244,0.6566666666666666,0.55
Parkinson,0,3027,0.2,0.0,0.21875,0.5
Parkinson,0,3028,0.675,0.8059701492537312,0.5830721003134797,0.46551724137931033
Parkinson,0,3029,0.3,0.0,0.6369047619047619,0.5
Parkinson,1,3000,0.6,0.6,0.7445054945054945,0.6593406593406593
Parkinson,1,3001,0.275,0.2926829268292683,0.17066666666666666,0.2866666666666666
Parkinson,1,3002,0.175,0.0,0.8008658008658008,0.5
Parkinson,1,3003,0.675,0.8059701492537314,0.3593073593073593,0.4090909090909091
Parkinson,1,3004,0.575,0.7301587301587302,0.22077922077922077,0.3484848484848485
Parkinson,1,3005,0.75,0.8387096774193549,0.7749287749287749,0.6353276353276354
Parkinson,1,3006,0.6,0.75,0.15476190476190477,0.42857142857142855
Parkinson,1,3007,0.65,0.7083333333333333,0.8853046594982079,0.7741935483870968
Parkinson,1,3008,0.7,0.8181818181818181,0.7398119122257053,0.5109717868338558
Parkinson,1,3009,0.475,0.6440677966101694,0.14106583072100312,0.3275862068965517
Parkinson,1,3010,0.45,0.47619047619047616,0.63671875,0.65625
Parkinson,1,3011,0.375,0.4186046511627907,0.37745098039215685,0.6323529411764706
Parkinson,1,3012,0.35,0.3157894736842105,0.83984375,0.59375
Parkinson,1,3013,0.575,0.7213114754098361,0.3542319749216301,0.42476489028213166
Parkinson,1,3014,0.4,0.5555555555555555,0.28296703296703296,0.32417582417582413
Parkinson,1,3015,0.8,0.8666666666666666,0.8244047619047619,0.7142857142857143
Parkinson,1,3016,0.625,0.6808510638297872,0.8422939068100358,0.7580645161290323
Parkinson,1,3017,0.675,0.7547169811320755,0.76953125,0.75
Parkinson,1,3018,0.6,0.7419354838709677,0.10666666666666667,0.43333333333333335
Parkinson,1,3019,0.375,0.2424242424242424,0.5799373040752351,0.5689655172413793
Parkinson,1,3020,0.3,0.0,0.5863095238095238,0.5
Parkinson,1,3021,0.775,0.823529411764706,0.8683385579937304,0.8166144200626959
Parkinson,1,3022,0.6,0.7419354838709677,0.5053763440860215,0.42652329749103945
Parkinson,1,3023,0.675,0.7868852459016393,0.7065527065527065,0.5598290598290598
Parkinson,1,3024,0.225,0.36734693877551017,0.06862745098039216,0.1323529411764706
Parkinson,1,3025,0.7,0.7500000000000001,0.760989010989011,0.7032967032967032
Parkinson,1,3026,0.425,0.43902439024390244,0.6566666666666666,0.55
Parkinson,1,3027,0.2,0.0,0.22265625,0.5
Parkinson,1,3028,0.675,0.8059701492537312,0.6238244514106583,0.46551724137931033
Parkinson,1,3029,0.3,0.0,0.6398809523809523,0.5
Parkinson,2,3000,0.65,0.6666666666666667,0.7445054945054945,0.6978021978021978
Parkinson,2,3001,0.25,0.28571428571428564,0.17333333333333334,0.2533333333333333
Parkinson,2,3002,0.2,0.05882352941176471,0.8354978354978355,0.5151515151515151
Parkinson,2,3003,0.75,0.8571428571428571,0.38095238095238093,0.45454545454545453
Parkinson,2,3004,0.6,0.7500000000000001,0.22943722943722944,0.36363636363636365
Parkinson,2,3005,0.775,0.8524590163934426,0.7806267806267806,0.6737891737891738
Parkinson,2,3006,0.6,0.75,0.17261904761904762,0.42857142857142855
Parkinson,2,3007,0.7,0.76,0.8853046594982079,0.8064516129032258
Parkinson,2,3008,0.7,0.8181818181818181,0.7460815047021944,0.5109717868338558
Parkinson,2,3009,0.475,0.6440677966101694,0.15673981191222572,0.3275862068965517
Parkinson,2,3010,0.475,0.5116279069767442,0.65625,0.671875
Parkinson,2,3011,0.35,0.40909090909090906,0.38235294117647056,0.5490196078431373
Parkinson,2,3012,0.35,0.3157894736842105,0.83984375,0.59375
Parkinson,2,3013,0.6,0.7419354838709677,0.3510971786833856,0.4420062695924765
Parkinson,2,3014,0.4,0.5555555555555555,0.2857142857142857,0.32417582417582413
Parkinson,2,3015,0.775,0.8524590163934426,0.8244047619047619,0.6726190476190477
Parkinson,2,3016,0.625,0.6938775510204082,0.8458781362007168,0.7186379928315412
Parkinson,2,3017,0.7,0.7857142857142857,0.77734375,0.71875
Parkinson,2,3018,0.6,0.7419354838709677,0.10666666666666667,0.43333333333333335
Parkinson,2,3019,0.375,0.2424242424242424,0.5924764890282131,0.5689655172413793
Parkinson,2,3020,0.3,0.0,0.6488095238095238,0.5
Parkinson,2,3021,0.775,0.823529411764706,0.8714733542319749,0.8166144200626959
Parkinson,2,3022,0.625,0.7619047619047619,0.5125448028673835,0.44265232974910396
Parkinson,2,3023,0.7,0.8064516129032259,0.7264957264957265,0.5783475783475783
Parkinson,2,3024,0.225,0.36734693877551017,0.06862745098039216,0.1323529411764706
Parkinson,2,3025,0.7,0.7500000000000001,0.7637362637362637,0.7032967032967032
Parkinson,2,3026,0.425,0.43902439024390244,0.6566666666666666,0.55
Parkinson,2,3027,0.2,0.0,0.22265625,0.5
Parkinson,2,3028,0.675,0.8059701492537312,0.6520376175548589,0.46551724137931033
Parkinson,2,3029,0.3,0.0,0.6398809523809523,0.5
Parkinson,5,3000,0.7,0.7391304347826088,0.7554945054945055,0.7197802197802198
Parkinson,5,3001,0.325,0.4489795918367347,0.25866666666666666,0.2866666666666667
Parkinson,5,3002,0.35,0.35,0.9307359307359307,0.6060606060606061
Parkinson,5,3003,0.825,0.9041095890410958,0.5584415584415584,0.5
Parkinson,5,3004,0.7,0.823529411764706,0.23809523809523808,0.42424242424242425
Parkinson,5,3005,0.775,0.847457627118644,0.7891737891737892,0.6937321937321937
Parkinson,5,3006,0.675,0.8059701492537313,0.30952380952380953,0.48214285714285715
Parkinson,5,3007,0.775,0.8301886792452831,0.899641577060932,0.8548387096774194
Parkinson,5,3008,0.7,0.8235294117647058,0.7617554858934169,0.4827586206896552
Parkinson,5,3009,0.625,0.7692307692307692,0.23824451410658307,0.43103448275862066
Parkinson,5,3010,0.525,0.5957446808510638,0.70703125,0.65625
Parkinson,5,3011,0.4,0.52,0.49019607843137253,0.4411764705882353
Parkinson,5,3012,0.425,0.43902439024390244,0.84375,0.640625
Parkinson,5,3013,0.65,0.787878787878788,0.3667711598746082,0.4482758620689655
Parkinson,5,3014,0.475,0.631578947368421,0.2664835164835165,0.38186813186813184
Parkinson,5,3015,0.75,0.8484848484848484,0.8273809523809523,0.5833333333333334
Parkinson,5,3016,0.725,0.7924528301886793,0.8494623655913979,0.7831541218637992
Parkinson,5,3017,0.775,0.8571428571428571,0.8125,0.671875
Parkinson,5,3018,0.65,0.78125,0.12666666666666668,0.4666666666666667
Parkinson,5,3019,0.525,0.5365853658536586,0.64576802507837,0.6442006269592476
Parkinson,5,3020,0.425,0.30303030303030304,0.8601190476190477,0.5892857142857143
Parkinson,5,3021,0.775,0.8363636363636363,0.8714733542319749,0.7601880877742947
Parkinson,5,3022,0.65,0.7812499999999999,0.5734767025089605,0.45878136200716846
Parkinson,5,3023,0.675,0.7936507936507936,0.8091168091168092,0.5398860398860399
Parkinson,5,3024,0.275,0.4313725490196078,0.07352941176470588,0.16176470588235295
Parkinson,5,3025,0.675,0.7450980392156863,0.7967032967032966,0.651098901098901
Parkinson,5,3026,0.625,0.7058823529411764,0.7066666666666667,0.6499999999999999
Parkinson,5,3027,0.225,0.06060606060606061,0.30859375,0.515625
Parkinson,5,3028,0.7,0.8235294117647058,0.7210031347962382,0.4827586206896552
Parkinson,5,3029,0.3,0.0,0.6964285714285714,0.5
Parkinson,10,3000,0.675,0.7636363636363636,0.771978021978022,0.6181318681318682
Parkinson,10,3001,0.55,0.7096774193548386,0.584,0.44
Parkinson,10,3002,0.7,0.7777777777777778,0.935064935064935,0.8181818181818181
Parkinson,10,3003,0.825,0.9041095890410958,0.8874458874458875,0.5
Parkinson,10,3004,0.8,0.8888888888888888,0.43722943722943725,0.48484848484848486
Parkinson,10,3005,0.75,0.8214285714285715,0.7692307692307693,0.6951566951566952
Parkinson,10,3006,0.7,0.8235294117647058,0.6458333333333334,0.5
Parkinson,10,3007,0.875,0.923076923076923,0.931899641577061,0.7616487455197133
Parkinson,10,3008,0.725,0.835820895522388,0.780564263322884,0.5282131661442007
Parkinson,10,3009,0.725,0.8405797101449275,0.6175548589341693,0.5
Parkinson,10,3010,0.575,0.6530612244897959,0.77734375,0.6875
Parkinson,10,3011,0.675,0.7936507936507937,0.6715686274509803,0.5343137254901961
Parkinson,10,3012,0.575,0.6530612244897959,0.8515625,0.6875
Parkinson,10,3013,0.725,0.8405797101449275,0.5893416927899686,0.5
Parkinson,10,3014,0.6,0.7419354838709676,0.3489010989010989,0.478021978021978
Parkinson,10,3015,0.7,0.8235294117647058,0.8244047619047619,0.5
Parkinson,10,3016,0.8,0.8787878787878788,0.8530465949820788,0.6344086021505376
Parkinson,10,3017,0.75,0.8484848484848485,0.84765625,0.5625
Parkinson,10,3018,0.75,0.8571428571428571,0.9633333333333334,0.5
Parkinson,10,3019,0.7,0.7931034482758621,0.7617554858934169,0.6238244514106583
Parkinson,10,3020,0.8,0.8750000000000001,0.8303571428571429,0.6666666666666666
Parkinson,10,3021,0.825,0.8852459016393444,0.877742946708464,0.738244514106583
Parkinson,10,3022,0.75,0.84375,0.7455197132616488,0.6021505376344086
Parkinson,10,3023,0.7,0.8181818181818181,0.8603988603988604,0.5384615384615384
Parkinson,10,3024,0.85,0.90625,0.8529411764705882,0.8431372549019608
Parkinson,10,3025,0.675,0.7547169811320754,0.8131868131868132,0.6346153846153846
Parkinson,10,3026,0.75,0.8275862068965518,0.7833333333333333,0.7
Parkinson,10,3027,0.65,0.7307692307692308,0.7109375,0.734375
Parkinson,10,3028,0.675,0.7999999999999999,0.7711598746081505,0.493730407523511
Parkinson,10,3029,0.6,0.6,0.8184523809523809,0.7142857142857143
Parkinson,20,3000,0.725,0.819672131147541,0.7994505494505495,0.6236263736263736
Parkinson,20,3001,0.675,0.7936507936507937,0.7973333333333333,0.5666666666666667
Parkinson,20,3002,0.8,0.8666666666666665,0.9134199134199135,0.8225108225108224
Parkinson,20,3003,0.825,0.8955223880597014,0.8614718614718615,0.6688311688311688
Parkinson,20,3004,0.825,0.9041095890410958,0.5974025974025974,0.5
Parkinson,20,3005,0.7,0.7931034482758621,0.7293447293447294,0.6182336182336182
Parkinson,20,3006,0.7,0.8235294117647058,0.8273809523809523,0.5
Parkinson,20,3007,0.8,0.8857142857142858,0.931899641577061,0.5555555555555556
Parkinson,20,3008,0.725,0.835820895522388,0.8056426332288401,0.5282131661442007
Parkinson,20,3009,0.75,0.8437500000000001,0.8557993730407524,0.6018808777429467
Parkinson,20,3010,0.775,0.8524590163934426,0.86328125,0.71875
Parkinson,20,3011,0.85,0.9142857142857143,0.8137254901960784,0.6372549019607843
Parkinson,20,3012,0.825,0.9014084507042254,0.86328125,0.5625
Parkinson,20,3013,0.65,0.7812500000000001,0.7304075235109718,0.47648902821316613
Parkinson,20,3014,0.65,0.75,0.7115384615384616,0.5824175824175825
Parkinson,20,3015,0.7,0.8235294117647058,0.8303571428571429,0.5
Parkinson,20,3016,0.775,0.8732394366197184,0.8637992831541219,0.5
Parkinson,20,3017,0.8,0.8823529411764706,0.875,0.59375
Parkinson,20,3018,0.875,0.9180327868852459,0.9366666666666666,0.8166666666666667
Parkinson,20,3019,0.75,0.8484848484848485,0.8275862068965517,0.5736677115987461
Parkinson,20,3020,0.7,0.8235294117647058,0.8184523809523809,0.5
Parkinson,20,3021,0.725,0.8405797101449275,0.896551724137931,0.5
Parkinson,20,3022,0.8,0.8709677419354839,0.8243727598566308,0.7132616487455197
Parkinson,20,3023,0.675,0.8059701492537313,0.8774928774928775,0.5
Parkinson,20,3024,0.925,0.955223880597015,0.9509803921568627,0.8872549019607843
Parkinson,20,3025,0.7,0.8000000000000002,0.8131868131868132,0.6043956043956045
Parkinson,20,3026,0.85,0.90625,0.8033333333333333,0.7333333333333334
Parkinson,20,3027,0.75,0.8387096774193549,0.8125,0.65625
Parkinson,20,3028,0.675,0.7868852459016394,0.799373040752351,0.5501567398119123
Parkinson,20,3029,0.7,0.793103448275862,0.8660714285714286,0.6190476190476191
Parkinson,30,3000,0.7,0.7931034482758621,0.7994505494505495,0.6208791208791209
Parkinson,30,3001,0.7,0.8064516129032258,0.8293333333333334,0.6
Parkinson,30,3002,0.85,0.9032258064516129,0.9134199134199135,0.8528138528138528
Parkinson,30,3003,0.825,0.8955223880597014,0.8701298701298701,0.6688311688311688
Parkinson,30,3004,0.8,0.8823529411764706,0.6277056277056277,0.5974025974025974
Parkinson,30,3005,0.7,0.7999999999999999,0.7150997150997151,0.5982905982905983
Parkinson,30,3006,0.7,0.8125000000000001,0.8422619047619048,0.5476190476190477
Parkinson,30,3007,0.9,0.9374999999999999,0.9354838709677419,0.8172043010752688
Parkinson,30,3008,0.75,0.8484848484848485,0.8213166144200627,0.5736677115987461
Parkinson,30,3009,0.85,0.9,0.8683385579937304,0.7836990595611285
Parkinson,30,3010,0.75,0.8333333333333334,0.87109375,0.703125
Parkinson,30,3011,0.85,0.9142857142857143,0.8431372549019608,0.6372549019607843
Parkinson,30,3012,0.875,0.927536231884058,0.84375,0.6875
Parkinson,30,3013,0.65,0.7741935483870968,0.7335423197492164,0.5047021943573667
Parkinson,30,3014,0.75,0.8148148148148148,0.7527472527472527,0.7087912087912087
Parkinson,30,3015,0.7,0.8181818181818182,0.8333333333333334,0.5238095238095238
Parkinson,30,3016,0.8,0.8857142857142858,0.8637992831541219,0.5555555555555556
Parkinson,30,3017,0.775,0.8656716417910447,0.88671875,0.578125
Parkinson,30,3018,0.9,0.9333333333333333,0.9366666666666666,0.8666666666666667
Parkinson,30,3019,0.75,0.8387096774193549,0.8369905956112853,0.6300940438871474
Parkinson,30,3020,0.7,0.8235294117647058,0.7976190476190477,0.5
Parkinson,30,3021,0.75,0.8529411764705882,0.9153605015673981,0.5454545454545454
Parkinson,30,3022,0.775,0.8571428571428571,0.8279569892473119,0.6577060931899641
Parkinson,30,3023,0.8,0.870967741935484,0.8746438746438746,0.6923076923076923
Parkinson,30,3024,0.925,0.9565217391304348,0.946078431372549,0.8186274509803921
Parkinson,30,3025,0.7,0.8000000000000002,0.8159340659340659,0.6043956043956045
Parkinson,30,3026,0.85,0.90625,0.8133333333333334,0.7333333333333334
Parkinson,30,3027,0.775,0.8571428571428571,0.8125,0.671875
Parkinson,30,3028,0.675,0.7936507936507937,0.7962382445141066,0.5219435736677116
Parkinson,30,3029,0.8,0.8709677419354839,0.8779761904761905,0.6904761904761905
Parkinson,50,3000,0.775,0.8363636363636363,0.804945054945055,0.728021978021978
Parkinson,50,3001,0.7,0.7999999999999999,0.848,0.6133333333333333
Parkinson,50,3002,0.825,0.8852459016393442,0.922077922077922,0.8376623376623377
Parkinson,50,3003,0.85,0.9117647058823529,0.8787878787878788,0.683982683982684
Parkinson,50,3004,0.8,0.8823529411764706,0.645021645021645,0.5974025974025974
Parkinson,50,3005,0.675,0.7796610169491525,0.7065527065527065,0.5797720797720798
Parkinson,50,3006,0.85,0.8928571428571429,0.8601190476190477,0.8214285714285714
Parkinson,50,3007,0.9,0.9374999999999999,0.931899641577061,0.8172043010752688
Parkinson,50,3008,0.75,0.8484848484848485,0.8307210031347962,0.5736677115987461
Parkinson,50,3009,0.825,0.8813559322033899,0.890282131661442,0.7664576802507836
Parkinson,50,3010,0.8,0.8620689655172413,0.87890625,0.828125
Parkinson,50,3011,0.875,0.9275362318840579,0.8382352941176471,0.7205882352941176
Parkinson,50,3012,0.9,0.9411764705882353,0.82421875,0.75
Parkinson,50,3013,0.7,0.8125,0.7398119122257053,0.5391849529780565
Parkinson,50,3014,0.7,0.7931034482758621,0.7912087912087912,0.6208791208791209
Parkinson,50,3015,0.75,0.8437499999999999,0.8541666666666666,0.6071428571428572
Parkinson,50,3016,0.8,0.875,0.8602150537634409,0.6738351254480286
Parkinson,50,3017,0.8,0.8823529411764706,0.8671875,0.59375
Parkinson,50,3018,0.875,0.9180327868852459,0.9433333333333334,0.8166666666666667
Parkinson,50,3019,0.75,0.8333333333333334,0.8338557993730408,0.658307210031348
Parkinson,50,3020,0.75,0.8484848484848484,0.7738095238095238,0.5833333333333334
Parkinson,50,3021,0.875,0.9180327868852458,0.9278996865203761,0.8009404388714734
Parkinson,50,3022,0.775,0.8615384615384616,0.8315412186379928,0.6182795698924731
Parkinson,50,3023,0.85,0.8888888888888888,0.8803418803418803,0.829059829059829
Parkinson,50,3024,0.925,0.9565217391304348,0.946078431372549,0.8186274509803921
Parkinson,50,3025,0.725,0.8070175438596492,0.8159340659340659,0.6565934065934066
Parkinson,50,3026,0.85,0.9032258064516129,0.8166666666666667,0.7666666666666666
Parkinson,50,3027,0.75,0.8387096774193549,0.8203125,0.65625
Parkinson,50,3028,0.675,0.7936507936507937,0.8087774294670846,0.5219435736677116
Parkinson,50,3029,0.75,0.8333333333333334,0.8571428571428571,0.6547619047619048
Parkinson,75,3000,0.775,0.8363636363636363,0.8104395604395604,0.728021978021978
Parkinson,75,3001,0.725,0.8135593220338982,0.8586666666666667,0.6466666666666666
Parkinson,75,3002,0.85,0.9,0.9264069264069265,0.9090909090909092
Parkinson,75,3003,0.85,0.9117647058823529,0.8831168831168831,0.683982683982684
Parkinson,75,3004,0.8,0.8823529411764706,0.645021645021645,0.5974025974025974
Parkinson,75,3005,0.65,0.7586206896551724,0.7008547008547008,0.5612535612535612
Parkinson,75,3006,0.85,0.8928571428571429,0.8720238095238095,0.8214285714285714
Parkinson,75,3007,0.9,0.9374999999999999,0.9247311827956989,0.8172043010752688
Parkinson,75,3008,0.775,0.8615384615384615,0.8369905956112853,0.6191222570532915
Parkinson,75,3009,0.825,0.8813559322033899,0.8808777429467085,0.7664576802507836
Parkinson,75,3010,0.8,0.8620689655172413,0.87890625,0.828125
Parkinson,75,3011,0.85,0.9117647058823528,0.8284313725490197,0.7058823529411764
Parkinson,75,3012,0.9,0.9411764705882353,0.82421875,0.75
Parkinson,75,3013,0.7,0.8064516129032258,0.7272727272727273,0.567398119122257
Parkinson,75,3014,0.675,0.7719298245614036,0.7994505494505495,0.6016483516483516
Parkinson,75,3015,0.75,0.8437499999999999,0.8660714285714286,0.6071428571428572
Parkinson,75,3016,0.8,0.875,0.8422939068100358,0.6738351254480286
Parkinson,75,3017,0.8,0.8823529411764706,0.859375,0.59375
Parkinson,75,3018,0.875,0.9180327868852459,0.9433333333333334,0.8166666666666667
Parkinson,75,3019,0.775,0.847457627118644,0.8432601880877743,0.7037617554858934
Parkinson,75,3020,0.75,0.8484848484848484,0.7589285714285714,0.5833333333333334
Parkinson,75,3021,0.875,0.9206349206349206,0.9373040752351097,0.7727272727272727
Parkinson,75,3022,0.8,0.875,0.8351254480286738,0.6738351254480286
Parkinson,75,3023,0.825,0.8727272727272727,0.8575498575498576,0.7905982905982906
Parkinson,75,3024,0.925,0.9565217391304348,0.946078431372549,0.8186274509803921
Parkinson,75,3025,0.725,0.8070175438596492,0.8186813186813187,0.6565934065934066
Parkinson,75,3026,0.825,0.888888888888889,0.8166666666666667,0.7166666666666667
Parkinson,75,3027,0.75,0.8387096774193549,0.81640625,0.65625
Parkinson,75,3028,0.675,0.7936507936507937,0.7899686520376176,0.5219435736677116
Parkinson,75,3029,0.775,0.8524590163934426,0.8422619047619048,0.6726190476190477
Parkinson,100,3000,0.825,0.8679245283018868,0.804945054945055,0.7994505494505495
Parkinson,100,3001,0.725,0.8135593220338982,0.8586666666666667,0.6466666666666666
Parkinson,100,3002,0.825,0.8813559322033898,0.9307359307359307,0.8939393939393939
Parkinson,100,3003,0.85,0.9117647058823529,0.8917748917748918,0.683982683982684
Parkinson,100,3004,0.825,0.8985507246376813,0.6493506493506493,0.6125541125541125
Parkinson,100,3005,0.65,0.7586206896551724,0.7037037037037037,0.5612535612535612
Parkinson,100,3006,0.85,0.8928571428571429,0.8779761904761905,0.8214285714285714
Parkinson,100,3007,0.925,0.9538461538461539,0.9175627240143369,0.8333333333333333
Parkinson,100,3008,0.775,0.8615384615384615,0.8432601880877743,0.6191222570532915
Parkinson,100,3009,0.825,0.8813559322033899,0.8871473354231975,0.7664576802507836
Parkinson,100,3010,0.8,0.8620689655172413,0.87890625,0.828125
Parkinson,100,3011,0.85,0.9117647058823528,0.8137254901960784,0.7058823529411764
Parkinson,100,3012,0.9,0.9411764705882353,0.8203125,0.75
Parkinson,100,3013,0.7,0.8064516129032258,0.7304075235109718,0.567398119122257
Parkinson,100,3014,0.7,0.7931034482758621,0.804945054945055,0.6208791208791209
Parkinson,100,3015,0.75,0.8437499999999999,0.8690476190476191,0.6071428571428572
Parkinson,100,3016,0.8,0.875,0.8387096774193549,0.6738351254480286
Parkinson,100,3017,0.825,0.8955223880597014,0.85546875,0.65625
Parkinson,100,3018,0.875,0.9180327868852459,0.9466666666666667,0.8166666666666667
Parkinson,100,3019,0.775,0.847457627118644,0.8401253918495298,0.7037617554858934
Parkinson,100,3020,0.75,0.8484848484848484,0.75,0.5833333333333334
Parkinson,100,3021,0.85,0.90625,0.9278996865203761,0.7272727272727273
Parkinson,100,3022,0.8,0.875,0.8387096774193549,0.6738351254480286
Parkinson,100,3023,0.85,0.8928571428571429,0.8518518518518519,0.809116809116809
Parkinson,100,3024,0.925,0.9565217391304348,0.9264705882352942,0.8186274509803921
Parkinson,100,3025,0.725,0.8070175438596492,0.8186813186813187,0.6565934065934066
Parkinson,100,3026,0.825,0.888888888888889,0.82,0.7166666666666667
Parkinson,100,3027,0.75,0.8387096774193549,0.8046875,0.65625
Parkinson,100,3028,0.675,0.7936507936507937,0.7774294670846394,0.5219435736677116
Parkinson,100,3029,0.8,0.8666666666666666,0.8422619047619048,0.7142857142857143
Parkinson,150,3000,0.825,0.8679245283018868,0.7939560439560439,0.7994505494505495
Parkinson,150,3001,0.725,0.8135593220338982,0.872,0.6466666666666666
Parkinson,150,3002,0.825,0.8813559322033898,0.9307359307359307,0.8939393939393939
Parkinson,150,3003,0.85,0.9117647058823529,0.8874458874458875,0.683982683982684
Parkinson,150,3004,0.8,0.8823529411764706,0.6796536796536796,0.5974025974025974
Parkinson,150,3005,0.675,0.7796610169491525,0.7150997150997151,0.5797720797720798
Parkinson,150,3006,0.85,0.8928571428571429,0.8779761904761905,0.8214285714285714
Parkinson,150,3007,0.925,0.9538461538461539,0.9247311827956989,0.8333333333333333
Parkinson,150,3008,0.775,0.8615384615384615,0.8463949843260188,0.6191222570532915
Parkinson,150,3009,0.825,0.8813559322033899,0.8934169278996865,0.7664576802507836
Parkinson,150,3010,0.775,0.847457627118644,0.8828125,0.765625
Parkinson,150,3011,0.85,0.9117647058823528,0.8186274509803921,0.7058823529411764
Parkinson,150,3012,0.9,0.9411764705882353,0.828125,0.75
Parkinson,150,3013,0.7,0.8064516129032258,0.7429467084639498,0.567398119122257
Parkinson,150,3014,0.725,0.8135593220338984,0.8131868131868132,0.6401098901098902
Parkinson,150,3015,0.75,0.8437499999999999,0.8571428571428571,0.6071428571428572
Parkinson,150,3016,0.8,0.8709677419354839,0.8351254480286738,0.7132616487455197
Parkinson,150,3017,0.825,0.8955223880597014,0.84765625,0.65625
Parkinson,150,3018,0.9,0.9354838709677419,0.9566666666666667,0.8333333333333333
Parkinson,150,3019,0.775,0.847457627118644,0.8401253918495298,0.7037617554858934
Parkinson,150,3020,0.775,0.8615384615384616,0.7410714285714286,0.625
Parkinson,150,3021,0.825,0.8923076923076924,0.9310344827586207,0.6818181818181819
Parkinson,150,3022,0.8,0.875,0.8494623655913979,0.6738351254480286
Parkinson,150,3023,0.85,0.8928571428571429,0.8433048433048433,0.809116809116809
Parkinson,150,3024,0.925,0.9565217391304348,0.9215686274509803,0.8186274509803921
Parkinson,150,3025,0.725,0.8070175438596492,0.8214285714285714,0.6565934065934066
Parkinson,150,3026,0.825,0.888888888888889,0.8266666666666667,0.7166666666666667
Parkinson,150,3027,0.75,0.8387096774193549,0.80859375,0.65625
Parkinson,150,3028,0.725,0.8253968253968255,0.7586206896551724,0.5846394984326019
Parkinson,150,3029,0.8,0.8666666666666666,0.8363095238095238,0.7142857142857143
Parkinson,200,3000,0.825,0.8679245283018868,0.7884615384615384,0.7994505494505495
Parkinson,200,3001,0.725,0.8135593220338982,0.8613333333333333,0.6466666666666666
Parkinson,200,3002,0.825,0.8813559322033898,0.9264069264069265,0.8939393939393939
Parkinson,200,3003,0.875,0.9253731343283583,0.8787878787878788,0.7554112554112554
Parkinson,200,3004,0.8,0.8823529411764706,0.7056277056277056,0.5974025974025974
Parkinson,200,3005,0.675,0.7796610169491525,0.7207977207977208,0.5797720797720798
Parkinson,200,3006,0.85,0.8928571428571429,0.8809523809523809,0.8214285714285714
Parkinson,200,3007,0.925,0.9538461538461539,0.9390681003584229,0.8333333333333333
Parkinson,200,3008,0.775,0.8615384615384615,0.8526645768025078,0.6191222570532915
Parkinson,200,3009,0.825,0.8813559322033899,0.890282131661442,0.7664576802507836
Parkinson,200,3010,0.775,0.847457627118644,0.8828125,0.765625
Parkinson,200,3011,0.825,0.8955223880597014,0.8235294117647058,0.6911764705882353
Parkinson,200,3012,0.875,0.9253731343283582,0.84375,0.734375
Parkinson,200,3013,0.7,0.8064516129032258,0.7429467084639498,0.567398119122257
Parkinson,200,3014,0.775,0.8474576271186441,0.8269230769230769,0.695054945054945
Parkinson,200,3015,0.75,0.8437499999999999,0.8630952380952381,0.6071428571428572
Parkinson,200,3016,0.825,0.8852459016393444,0.8530465949820788,0.7688172043010753
Parkinson,200,3017,0.825,0.8955223880597014,0.85546875,0.65625
Parkinson,200,3018,0.9,0.9354838709677419,0.9633333333333334,0.8333333333333333
Parkinson,200,3019,0.775,0.847457627118644,0.8495297805642633,0.7037617554858934
Parkinson,200,3020,0.775,0.8615384615384616,0.7410714285714286,0.625
Parkinson,200,3021,0.825,0.8923076923076924,0.9341692789968652,0.6818181818181819
Parkinson,200,3022,0.825,0.8888888888888888,0.8530465949820788,0.7293906810035842
Parkinson,200,3023,0.85,0.8928571428571429,0.8575498575498576,0.809116809116809
Parkinson,200,3024,0.925,0.9565217391304348,0.9019607843137255,0.8186274509803921
Parkinson,200,3025,0.7,0.7931034482758621,0.8214285714285714,0.6208791208791209
Parkinson,200,3026,0.825,0.888888888888889,0.8233333333333334,0.7166666666666667
Parkinson,200,3027,0.725,0.8196721311475409,0.8203125,0.640625
Parkinson,200,3028,0.75,0.8387096774193549,0.7586206896551724,0.6300940438871474
Parkinson,200,3029,0.825,0.8852459016393442,0.8333333333333334,0.7321428571428572
Parkinson,300,3000,0.8,0.8518518518518519,0.7967032967032966,0.7637362637362637
Parkinson,300,3001,0.7,0.7999999999999999,0.8506666666666667,0.6133333333333333
Parkinson,300,3002,0.825,0.8813559322033898,0.9264069264069265,0.8939393939393939
Parkinson,300,3003,0.875,0.9253731343283583,0.8701298701298701,0.7554112554112554
Parkinson,300,3004,0.8,0.8823529411764706,0.7402597402597403,0.5974025974025974
Parkinson,300,3005,0.7,0.7857142857142857,0.7407407407407407,0.6381766381766382
Parkinson,300,3006,0.85,0.8928571428571429,0.8898809523809523,0.8214285714285714
Parkinson,300,3007,0.9,0.9393939393939393,0.942652329749104,0.7777777777777778
Parkinson,300,3008,0.775,0.8615384615384615,0.8589341692789969,0.6191222570532915
Parkinson,300,3009,0.825,0.8813559322033899,0.8934169278996865,0.7664576802507836
Parkinson,300,3010,0.8,0.8620689655172413,0.8828125,0.828125
Parkinson,300,3011,0.8,0.8823529411764706,0.8088235294117647,0.6078431372549019
Parkinson,300,3012,0.875,0.9253731343283582,0.8515625,0.734375
Parkinson,300,3013,0.7,0.8064516129032258,0.7304075235109718,0.567398119122257
Parkinson,300,3014,0.75,0.8333333333333333,0.8434065934065934,0.6593406593406593
Parkinson,300,3015,0.75,0.8437499999999999,0.8630952380952381,0.6071428571428572
Parkinson,300,3016,0.825,0.8852459016393444,0.8745519713261649,0.7688172043010753
Parkinson,300,3017,0.8,0.8787878787878787,0.85546875,0.640625
Parkinson,300,3018,0.9,0.9333333333333333,0.9733333333333334,0.8666666666666667
Parkinson,300,3019,0.775,0.8421052631578947,0.8589341692789969,0.731974921630094
Parkinson,300,3020,0.775,0.8615384615384616,0.7291666666666666,0.625
Parkinson,300,3021,0.775,0.8656716417910448,0.9404388714733543,0.5909090909090909
Parkinson,300,3022,0.875,0.9180327868852459,0.8673835125448028,0.8405017921146953
Parkinson,300,3023,0.85,0.8928571428571429,0.8518518518518519,0.809116809116809
Parkinson,300,3024,0.925,0.9565217391304348,0.8872549019607843,0.8186274509803921
Parkinson,300,3025,0.75,0.8275862068965517,0.8324175824175825,0.6758241758241759
Parkinson,300,3026,0.825,0.888888888888889,0.84,0.7166666666666667
Parkinson,300,3027,0.725,0.8196721311475409,0.83203125,0.640625
Parkinson,300,3028,0.75,0.8387096774193549,0.7523510971786834,0.6300940438871474
Parkinson,300,3029,0.825,0.8852459016393442,0.8333333333333334,0.7321428571428572
Blood,0,3000,0.6622516556291391,0.03773584905660377,0.3054765291607397,0.447724039829303
Blood,0,3001,0.7814569536423841,0.0,0.33513097072419107,0.5
Blood,0,3002,0.8013245033112583,0.0,0.3421487603305785,0.5
Blood,0,3003,0.7284768211920529,0.08888888888888888,0.7134146341463414,0.5152993348115299
Blood,0,3004,0.33112582781456956,0.356687898089172,0.42013353877760656,0.5174627632254751
Blood,0,3005,0.45695364238410596,0.24074074074074078,0.4673344947735192,0.45978513356562134
Blood,0,3006,0.23841059602649006,0.3850267379679145,0.5991545893719806,0.5
Blood,0,3007,0.7417218543046358,0.2641509433962264,0.7598039215686274,0.551659125188537
Blood,0,3008,0.304635761589404,0.378698224852071,0.43551446183025133,0.49383594120436225
Blood,0,3009,0.5960264900662252,0.18666666666666665,0.5354958497160333,0.46406727828746175
Blood,0,3010,0.271523178807947,0.38888888888888895,0.3189102564102564,0.47550366300366304
Blood,0,3011,0.7549668874172185,0.0,0.4875533428165007,0.5
Blood,0,3012,0.2913907284768212,0.3006535947712418,0.357687959299039,0.48261729790842284
Blood,0,3013,0.39072847682119205,0.3611111111111111,0.5028886554621849,0.5449054621848739
Blood,0,3014,0.26490066225165565,0.31055900621118016,0.4369747899159664,0.4536502100840336
Blood,0,3015,0.7350993377483444,0.047619047619047616,0.3821236559139785,0.4744623655913978
Blood,0,3016,0.7284768211920529,0.163265306122449,0.6145921835174172,0.5407816482582838
Blood,0,3017,0.23841059602649006,0.3850267379679145,0.41884057971014493,0.5
Blood,0,3018,0.3509933774834437,0.19672131147540986,0.35254726890756305,0.3597689075630252
Blood,0,3019,0.6556291390728477,0.40909090909090906,0.6700046576618538,0.5952491849091756
Blood,0,3020,0.3841059602649007,0.4685714285714286,0.6745303626037571,0.5660768894713849
Blood,0,3021,0.5629139072847682,0.38888888888888884,0.5124466571834992,0.5644855381697487
Blood,0,3022,0.3443708609271523,0.24427480916030533,0.3591422701592193,0.3949666153055984
Blood,0,3023,0.24503311258278146,0.3804347826086956,0.3772167487684729,0.5086206896551724
Blood,0,3024,0.271523178807947,0.40217391304347827,0.3309305373525557,0.4588248143294015
Blood,0,3025,0.423841059602649,0.4161073825503355,0.6131221719457014,0.5969079939668175
Blood,0,3026,0.5629139072847682,0.08333333333333334,0.3182389937106918,0.42012578616352203
Blood,0,3027,0.609271523178808,0.3917525773195876,0.5328710837185413,0.597200821777093
Blood,0,3028,0.2185430463576159,0.2531645569620253,0.23266129032258065,0.37674731182795695
Blood,0,3029,0.7350993377483444,0.3548387096774194,0.7412668840242198,0.5872147182114579
Blood,1,3000,0.6887417218543046,0.04081632653061225,0.308321479374111,0.46526789947842584
Blood,1,3001,0.7814569536423841,0.0,0.34540318438623524,0.5
Blood,1,3002,0.8013245033112583,0.0,0.34118457300275484,0.5
Blood,1,3003,0.7284768211920529,0.08888888888888888,0.7134146341463414,0.5152993348115299
Blood,1,3004,0.3443708609271523,0.33557046979865773,0.43168977914740625,0.49319465844889576
Blood,1,3005,0.45695364238410596,0.24074074074074078,0.47198025551684086,0.45978513356562134
Blood,1,3006,0.23841059602649006,0.3850267379679145,0.6027777777777777,0.5
Blood,1,3007,0.7417218543046358,0.2641509433962264,0.7600553041729512,0.551659125188537
Blood,1,3008,0.304635761589404,0.378698224852071,0.44144144144144143,0.49383594120436225
Blood,1,3009,0.6026490066225165,0.18918918918918917,0.5374617737003058,0.46865443425076453
Blood,1,3010,0.304635761589404,0.39306358381502887,0.32051282051282054,0.48946886446886445
Blood,1,3011,0.7549668874172185,0.0,0.4896870554765292,0.5
Blood,1,3012,0.2913907284768212,0.3006535947712418,0.35825325042396833,0.48261729790842284
Blood,1,3013,0.4105960264900662,0.3687943262411348,0.5063025210084033,0.5575105042016807
Blood,1,3014,0.26490066225165565,0.31055900621118016,0.43907563025210083,0.4536502100840336
Blood,1,3015,0.7682119205298014,0.05405405405405405,0.38615591397849464,0.4952956989247312
Blood,1,3016,0.7284768211920529,0.163265306122449,0.6199022939677146,0.5407816482582838
Blood,1,3017,0.23841059602649006,0.3850267379679145,0.4245169082125604,0.5
Blood,1,3018,0.36423841059602646,0.19999999999999998,0.35333508403361347,0.36817226890756305
Blood,1,3019,0.6754966887417219,0.4235294117647058,0.6686073591057289,0.6085235211923614
Blood,1,3020,0.3841059602649007,0.4685714285714286,0.6749672346002621,0.5660768894713849
Blood,1,3021,0.5629139072847682,0.38888888888888884,0.5133949739212897,0.5644855381697487
Blood,1,3022,0.3576158940397351,0.24806201550387597,0.3588854648176682,0.4034411915767848
Blood,1,3023,0.25165562913907286,0.38251366120218583,0.3826354679802956,0.5129310344827587
Blood,1,3024,0.271523178807947,0.40217391304347827,0.3331148973350808,0.4588248143294015
Blood,1,3025,0.41721854304635764,0.40540540540540543,0.613624937154349,0.5822021116138762
Blood,1,3026,0.5629139072847682,0.08333333333333334,0.3215932914046122,0.42012578616352203
Blood,1,3027,0.6026490066225165,0.36170212765957444,0.534411915767848,0.5711350796096559
Blood,1,3028,0.2185430463576159,0.2531645569620253,0.23266129032258065,0.37674731182795695
Blood,1,3029,0.7284768211920529,0.32786885245901637,0.740801117838845,0.5740568234746157
Blood,2,3000,0.695364238410596,0.04166666666666667,0.3097439544807966,0.46965386439070644
Blood,2,3001,0.7814569536423841,0.0,0.3605546995377504,0.5
Blood,2,3002,0.8013245033112583,0.0,0.34490358126721765,0.5
Blood,2,3003,0.7284768211920529,0.08888888888888888,0.7116407982261641,0.5152993348115299
Blood,2,3004,0.37748344370860926,0.31884057971014496,0.4573703133025167,0.481638418079096
Blood,2,3005,0.47019867549668876,0.21568627450980393,0.48127177700348434,0.44033101045296164
Blood,2,3006,0.271523178807947,0.3820224719101124,0.606159420289855,0.5026570048309179
Blood,2,3007,0.7417218543046358,0.2641509433962264,0.7595525389643036,0.551659125188537
Blood,2,3008,0.33112582781456956,0.38036809815950917,0.4525841631104789,0.5022522522522522
Blood,2,3009,0.6026490066225165,0.18918918918918917,0.5448885976408913,0.46865443425076453
Blood,2,3010,0.32450331125827814,0.3855421686746988,0.3241758241758242,0.4861492673992674
Blood,2,3011,0.7549668874172185,0.0,0.49608819345661453,0.5
Blood,2,3012,0.2913907284768212,0.3006535947712418,0.36023176936122103,0.48261729790842284
Blood,2,3013,0.4105960264900662,0.3597122302158274,0.5097163865546218,0.5460871848739496
Blood,2,3014,0.26490066225165565,0.31055900621118016,0.4432773109243697,0.4536502100840336
Blood,2,3015,0.7947019867549668,0.0,0.3918010752688172,0.5
Blood,2,3016,0.7284768211920529,0.163265306122449,0.6269116397621071,0.5407816482582838
Blood,2,3017,0.23841059602649006,0.3850267379679145,0.4466183574879227,0.5
Blood,2,3018,0.36423841059602646,0.19999999999999998,0.3538602941176471,0.36817226890756305
Blood,2,3019,0.695364238410596,0.41025641025641024,0.6667442943642291,0.604331625523987
Blood,2,3020,0.39072847682119205,0.47126436781609193,0.6751856705985146,0.5706640454346876
Blood,2,3021,0.5761589403973509,0.38461538461538464,0.5152916073968705,0.5641299193930773
Blood,2,3022,0.3576158940397351,0.23622047244094488,0.358371854134566,0.3925269645608629
Blood,2,3023,0.271523178807947,0.3888888888888889,0.3900246305418719,0.5258620689655172
Blood,2,3024,0.271523178807947,0.40217391304347827,0.33355176933158587,0.4588248143294015
Blood,2,3025,0.4370860927152318,0.4137931034482759,0.613624937154349,0.5950226244343891
Blood,2,3026,0.5827814569536424,0.059701492537313425,0.3251572327044025,0.4278825995807128
Blood,2,3027,0.6225165562913907,0.3448275862068966,0.5385208012326657,0.5620184899845917
Blood,2,3028,0.2185430463576159,0.2531645569620253,0.23266129032258065,0.37674731182795695
Blood,2,3029,0.7417218543046358,0.3389830508474576,0.7382394038192828,0.5829063809967396
Blood,5,3000,0.7284768211920529,0.0,0.3410384068278805,0.4824561403508772
Blood,5,3001,0.7814569536423841,0.0,0.4601951720595788,0.5
Blood,5,3002,0.8013245033112583,0.0,0.35702479338842974,0.5
Blood,5,3003,0.7284768211920529,0.08888888888888888,0.7129711751662972,0.5152993348115299
Blood,5,3004,0.7483443708609272,0.13636363636363635,0.5811504879301489,0.5115562403697996
Blood,5,3005,0.5695364238410596,0.19753086419753085,0.5137921022067363,0.45993031358885017
Blood,5,3006,0.45695364238410596,0.4305555555555556,0.6264492753623189,0.5957729468599033
Blood,5,3007,0.7549668874172185,0.2745098039215686,0.7635746606334841,0.5602061337355455
Blood,5,3008,0.5761589403973509,0.28888888888888886,0.5026078710289237,0.5002370791844476
Blood,5,3009,0.5894039735099338,0.11428571428571427,0.5658584534731324,0.43752730449978156
Blood,5,3010,0.31788079470198677,0.35220125786163525,0.3500457875457875,0.4482600732600733
Blood,5,3011,0.7549668874172185,0.0,0.527619724988146,0.5
Blood,5,3012,0.304635761589404,0.2857142857142857,0.3675805539853024,0.464527981910684
Blood,5,3013,0.45695364238410596,0.359375,0.5354516806722689,0.5526523109243697
Blood,5,3014,0.3708609271523179,0.326241134751773,0.46008403361344535,0.49803046218487396
Blood,5,3015,0.7947019867549668,0.0,0.4415322580645161,0.5
Blood,5,3016,0.7218543046357616,0.125,0.6536745964316057,0.5294180118946474
Blood,5,3017,0.23841059602649006,0.3850267379679145,0.5676328502415459,0.5
Blood,5,3018,0.4370860927152318,0.10526315789473684,0.3701418067226891,0.33442752100840334
Blood,5,3019,0.7483443708609272,0.2962962962962963,0.6648812296227294,0.5698649278062413
Blood,5,3020,0.48344370860927155,0.5125,0.6775884665792923,0.6348842289209262
Blood,5,3021,0.6225165562913907,0.3132530120481928,0.5212185870080607,0.5309388335704125
Blood,5,3022,0.4900662251655629,0.17204301075268819,0.36093990755007704,0.40087313816127373
Blood,5,3023,0.3443708609271523,0.39263803680981596,0.43435960591133005,0.5433497536945813
Blood,5,3024,0.2781456953642384,0.39779005524861877,0.34054172127566623,0.45609436435124506
Blood,5,3025,0.4370860927152318,0.3971631205673758,0.6143790849673203,0.5741578682755153
Blood,5,3026,0.6688741721854304,0.0,0.3490566037735849,0.47641509433962265
Blood,5,3027,0.6357615894039735,0.17910447761194032,0.5577812018489985,0.47226502311248075
Blood,5,3028,0.23178807947019867,0.24675324675324678,0.23400537634408602,0.37311827956989246
Blood,5,3029,0.7350993377483444,0.25925925925925924,0.7303213786679087,0.5522822543083372
Blood,10,3000,0.7549668874172185,0.0,0.4619487908961593,0.5
Blood,10,3001,0.7814569536423841,0.0,0.6337955829481253,0.5
Blood,10,3002,0.8013245033112583,0.0,0.5016528925619834,0.5
Blood,10,3003,0.7284768211920529,0.08888888888888888,0.7131929046563192,0.5152993348115299
Blood,10,3004,0.7814569536423841,0.10810810810810813,0.6684643040575244,0.5218284540318439
Blood,10,3005,0.7417218543046358,0.20408163265306123,0.5956736353077816,0.5242450638792102
Blood,10,3006,0.6821192052980133,0.3846153846153846,0.6713768115942029,0.5909420289855073
Blood,10,3007,0.7814569536423841,0.2978723404255319,0.7675967823026647,0.5773001508295625
Blood,10,3008,0.7615894039735099,0.25,0.5682788051209103,0.5591512565196776
Blood,10,3009,0.6556291390728477,0.0,0.5916339012669288,0.4541284403669725
Blood,10,3010,0.5033112582781457,0.17582417582417584,0.42193223443223443,0.40613553113553114
Blood,10,3011,0.7549668874172185,0.0,0.5944760550023708,0.5
Blood,10,3012,0.46357615894039733,0.16494845360824742,0.40969474279253815,0.39202939513849633
Blood,10,3013,0.6887417218543046,0.25396825396825395,0.6271008403361344,0.5283613445378151
Blood,10,3014,0.7086092715231788,0.2413793103448276,0.6134453781512605,0.5295430672268908
Blood,10,3015,0.7947019867549668,0.0,0.5909946236559139,0.5
Blood,10,3016,0.7218543046357616,0.125,0.6999787595581988,0.5294180118946474
Blood,10,3017,0.7748344370860927,0.43333333333333335,0.7048309178743961,0.6327294685990338
Blood,10,3018,0.7748344370860927,0.10526315789473684,0.46100315126050423,0.5144432773109244
Blood,10,3019,0.7682119205298014,0.14634146341463414,0.6588262692128551,0.5394736842105263
Blood,10,3020,0.5960264900662252,0.49586776859504145,0.690694626474443,0.6323722149410222
Blood,10,3021,0.6821192052980133,0.2,0.5325983878615458,0.5065196775723091
Blood,10,3022,0.7814569536423841,0.0,0.3822547508988187,0.5
Blood,10,3023,0.7019867549668874,0.2857142857142857,0.5483990147783251,0.5466748768472907
Blood,10,3024,0.6688741721854304,0.038461538461538464,0.43446920052424637,0.4706203582350372
Blood,10,3025,0.5761589403973509,0.37254901960784315,0.6173956762192057,0.5700100553041729
Blood,10,3026,0.695364238410596,0.04166666666666667,0.4140461215932914,0.5016771488469601
Blood,10,3027,0.7814569536423841,0.0,0.6124807395993837,0.5
Blood,10,3028,0.2980132450331126,0.13114754098360656,0.23830645161290323,0.2831989247311828
Blood,10,3029,0.7284768211920529,0.12765957446808512,0.7147182114578482,0.5129250116441546
Blood,20,3000,0.7483443708609272,0.05,0.6942863916548128,0.5047415836889521
Blood,20,3001,0.7814569536423841,0.0,0.7336928608115049,0.5
Blood,20,3002,0.8013245033112583,0.0,0.6853994490358126,0.5
Blood,20,3003,0.7284768211920529,0.08888888888888888,0.7134146341463414,0.5152993348115299
Blood,20,3004,0.7814569536423841,0.10810810810810813,0.697226502311248,0.5218284540318439
Blood,20,3005,0.8145695364238411,0.0,0.6993321718931476,0.5
Blood,20,3006,0.7748344370860927,0.10526315789473684,0.7233091787439614,0.5277777777777778
Blood,20,3007,0.7880794701986755,0.2,0.7733785822021116,0.5502765208647561
Blood,20,3008,0.7682119205298014,0.10256410256410257,0.6742532005689901,0.527027027027027
Blood,20,3009,0.7218543046357616,0.0,0.6434032328527741,0.5
Blood,20,3010,0.7615894039735099,0.21739130434782608,0.6156135531135531,0.5551739926739927
Blood,20,3011,0.7549668874172185,0.0,0.6746088193456614,0.5
Blood,20,3012,0.8079470198675497,0.0,0.6934708875070661,0.5
Blood,20,3013,0.7880794701986755,0.0,0.7213760504201681,0.5
Blood,20,3014,0.8079470198675497,0.25641025641025644,0.6588760504201681,0.5697216386554622
Blood,20,3015,0.8013245033112583,0.0625,0.6576612903225807,0.5161290322580645
Blood,20,3016,0.7284768211920529,0.163265306122449,0.7292905692438403,0.5407816482582838
Blood,20,3017,0.7682119205298014,0.10256410256410256,0.7369565217391304,0.5234299516908213
Blood,20,3018,0.8013245033112583,0.11764705882352941,0.7362132352941176,0.53125
Blood,20,3019,0.7682119205298014,0.14634146341463414,0.6525384257102934,0.5394736842105263
Blood,20,3020,0.7284768211920529,0.046511627906976744,0.7302315421581477,0.5119047619047619
Blood,20,3021,0.7549668874172185,0.05128205128205129,0.5891417733522997,0.5091275486012328
Blood,20,3022,0.7814569536423841,0.0,0.649075500770416,0.5
Blood,20,3023,0.7549668874172185,0.1395348837209302,0.7301724137931035,0.5213054187192118
Blood,20,3024,0.7218543046357616,0.0,0.6660113586719091,0.5
Blood,20,3025,0.7350993377483444,0.23076923076923078,0.6442936148818502,0.5369532428355958
Blood,20,3026,0.7086092715231788,0.08333333333333334,0.6314465408805031,0.5175052410901467
Blood,20,3027,0.7814569536423841,0.0,0.6918335901386748,0.5
Blood,20,3028,0.7947019867549668,0.0,0.43911290322580643,0.5
Blood,20,3029,0.7549668874172185,0.1395348837209302,0.7086632510479739,0.5306241266884024
Blood,30,3000,0.7483443708609272,0.09523809523809523,0.7177572309151257,0.5138691322901849
Blood,30,3001,0.7947019867549668,0.1142857142857143,0.7390857729840781,0.5303030303030303
Blood,30,3002,0.8013245033112583,0.11764705882352941,0.6973829201101929,0.525068870523416
Blood,30,3003,0.7284768211920529,0.08888888888888888,0.7198447893569845,0.5152993348115299
Blood,30,3004,0.7880794701986755,0.15789473684210525,0.7039034411915768,0.536979969183359
Blood,30,3005,0.8211920529801324,0.0689655172413793,0.741144018583043,0.5178571428571429
Blood,30,3006,0.7814569536423841,0.15384615384615385,0.7423913043478261,0.5416666666666666
Blood,30,3007,0.7880794701986755,0.15789473684210525,0.7716189039718452,0.5398441427853192
Blood,30,3008,0.7615894039735099,0.052631578947368425,0.7267662399241347,0.5135135135135135
Blood,30,3009,0.7218543046357616,0.0,0.6683049366535605,0.5
Blood,30,3010,0.7748344370860927,0.22727272727272727,0.706959706959707,0.5641025641025641
Blood,30,3011,0.7549668874172185,0.0,0.6961830251303935,0.5
Blood,30,3012,0.8079470198675497,0.0,0.7036461277557943,0.5
Blood,30,3013,0.7880794701986755,0.1111111111111111,0.7242647058823529,0.5228466386554622
Blood,30,3014,0.8013245033112583,0.25,0.6688550420168067,0.5655199579831933
Blood,30,3015,0.8079470198675497,0.12121212121212122,0.6678763440860215,0.532258064516129
Blood,30,3016,0.7284768211920529,0.163265306122449,0.7314146134239592,0.5407816482582838
Blood,30,3017,0.7748344370860927,0.10526315789473684,0.7408212560386473,0.5277777777777778
Blood,30,3018,0.8079470198675497,0.17142857142857143,0.7162552521008403,0.546875
Blood,30,3019,0.7748344370860927,0.1904761904761905,0.6544014904517932,0.5526315789473684
Blood,30,3020,0.7218543046357616,0.0,0.7693315858453473,0.5
Blood,30,3021,0.7549668874172185,0.05128205128205129,0.6351351351351351,0.5091275486012328
Blood,30,3022,0.7880794701986755,0.05882352941176471,0.6596045197740112,0.5151515151515151
Blood,30,3023,0.7549668874172185,0.09756097560975609,0.7565270935960591,0.5113300492610837
Blood,30,3024,0.7218543046357616,0.0,0.681301878549585,0.5
Blood,30,3025,0.7814569536423841,0.05714285714285715,0.681246857717446,0.5147058823529411
Blood,30,3026,0.7152317880794702,0.12244897959183675,0.6968553459119496,0.5286163522012579
Blood,30,3027,0.7947019867549668,0.1142857142857143,0.6805341551104263,0.5303030303030303
Blood,30,3028,0.7947019867549668,0.0,0.7786290322580646,0.5
Blood,30,3029,0.7417218543046358,0.13333333333333333,0.7212389380530974,0.5217745691662785
Blood,50,3000,0.7615894039735099,0.25,0.739805595068753,0.5591512565196776
Blood,50,3001,0.8013245033112583,0.28571428571428575,0.7534668721109399,0.5781972265023112
Blood,50,3002,0.7814569536423841,0.1951219512195122,0.7082644628099174,0.5377410468319559
Blood,50,3003,0.7350993377483444,0.16666666666666669,0.7211751662971175,0.5351441241685144
Blood,50,3004,0.8079470198675497,0.3255813953488372,0.7152028762198254,0.5933487416538263
Blood,50,3005,0.8211920529801324,0.18181818181818182,0.7800522648083623,0.5454413472706156
Blood,50,3006,0.7880794701986755,0.2380952380952381,0.7646135265700483,0.5650966183574879
Blood,50,3007,0.7947019867549668,0.20512820512820512,0.7824283559577677,0.5545500251382605
Blood,50,3008,0.7682119205298014,0.18604651162790697,0.7586533902323376,0.5452821242294926
Blood,50,3009,0.7417218543046358,0.13333333333333333,0.7036915683704674,0.5357142857142857
Blood,50,3010,0.7748344370860927,0.22727272727272727,0.7346611721611722,0.5641025641025641
Blood,50,3011,0.7682119205298014,0.25531914893617025,0.7006875296348981,0.5635372214319583
Blood,50,3012,0.8079470198675497,0.0,0.7613058224985868,0.5
Blood,50,3013,0.7615894039735099,0.1,0.7360819327731093,0.5060399159663865
Blood,50,3014,0.8145695364238411,0.3,0.6885504201680672,0.5853466386554622
Blood,50,3015,0.8079470198675497,0.2162162162162162,0.6729838709677419,0.5561827956989247
Blood,50,3016,0.7284768211920529,0.19607843137254902,0.7388487680543755,0.5474723874256584
Blood,50,3017,0.7947019867549668,0.27906976744186046,0.7393719806763285,0.5789855072463769
Blood,50,3018,0.7947019867549668,0.27906976744186046,0.7188813025210085,0.5727415966386555
Blood,50,3019,0.7682119205298014,0.2222222222222222,0.6727992547741034,0.5569399161620866
Blood,50,3020,0.7218543046357616,0.0,0.8073394495412844,0.5
Blood,50,3021,0.7549668874172185,0.13953488372093023,0.6471076339497392,0.5273826458036984
Blood,50,3022,0.7814569536423841,0.10810810810810813,0.6747560349255265,0.5218284540318439
Blood,50,3023,0.7615894039735099,0.14285714285714285,0.7663793103448275,0.5256157635467981
Blood,50,3024,0.7218543046357616,0.1923076923076923,0.6985583224115334,0.5365880297072958
Blood,50,3025,0.7682119205298014,0.18604651162790695,0.7119155354449472,0.5374560080442433
Blood,50,3026,0.7152317880794702,0.12244897959183675,0.7381551362683438,0.5286163522012579
Blood,50,3027,0.7880794701986755,0.15789473684210525,0.6977401129943502,0.536979969183359
Blood,50,3028,0.7947019867549668,0.0,0.812768817204301,0.5
Blood,50,3029,0.7417218543046358,0.23529411764705882,0.7431299487657196,0.547973917093619
Blood,75,3000,0.7549668874172185,0.3018867924528302,0.7414651493598862,0.5730203888098625
Blood,75,3001,0.8013245033112583,0.28571428571428575,0.7593733949666153,0.5781972265023112
Blood,75,3002,0.7814569536423841,0.26666666666666666,0.7123966942148761,0.5628099173553719
Blood,75,3003,0.7350993377483444,0.2,0.7154101995565411,0.5427937915742793
Blood,75,3004,0.8079470198675497,0.3255813953488372,0.7239342578325629,0.5933487416538263
Blood,75,3005,0.8211920529801324,0.18181818181818182,0.789924506387921,0.5454413472706156
Blood,75,3006,0.7814569536423841,0.23255813953488372,0.7856280193236715,0.5607487922705314
Blood,75,3007,0.7880794701986755,0.2380952380952381,0.7806686777275013,0.5607088989441931
Blood,75,3008,0.7682119205298014,0.22222222222222224,0.7586533902323376,0.5544096728307255
Blood,75,3009,0.7549668874172185,0.24489795918367344,0.7240061162079511,0.5668414154652687
Blood,75,3010,0.7615894039735099,0.28,0.7543498168498168,0.5718864468864469
Blood,75,3011,0.7814569536423841,0.326530612244898,0.6885964912280702,0.5905642484589853
Blood,75,3012,0.8013245033112583,0.0,0.778264556246467,0.4959016393442623
Blood,75,3013,0.7748344370860927,0.15,0.7402836134453782,0.5258665966386555
Blood,75,3014,0.8344370860927153,0.4444444444444445,0.6872373949579832,0.6436449579831933
Blood,75,3015,0.8079470198675497,0.2162162162162162,0.6694892473118279,0.5561827956989247
Blood,75,3016,0.7483443708609272,0.3448275862068965,0.7422472387425658,0.5949447748513169
Blood,75,3017,0.7947019867549668,0.3673469387755102,0.7473429951690821,0.6076086956521739
Blood,75,3018,0.7880794701986755,0.2727272727272727,0.7209821428571429,0.5685399159663865
Blood,75,3019,0.7682119205298014,0.25531914893617025,0.7026082906380997,0.5656730321378668
Blood,75,3020,0.7417218543046358,0.13333333333333333,0.826780253385758,0.5357142857142857
Blood,75,3021,0.7682119205298014,0.22222222222222224,0.6559981033665244,0.5544096728307255
Blood,75,3022,0.7947019867549668,0.24390243902439024,0.6770672829994864,0.5630457113507961
Blood,75,3023,0.7814569536423841,0.26666666666666666,0.7732758620689655,0.5684729064039409
Blood,75,3024,0.7284768211920529,0.2545454545454545,0.7083879423328965,0.5558103975535168
Blood,75,3025,0.7814569536423841,0.326530612244898,0.7237305178481649,0.5877325289089995
Blood,75,3026,0.7218543046357616,0.19230769230769232,0.7662473794549266,0.5461215932914046
Blood,75,3027,0.8079470198675497,0.3255813953488372,0.7041602465331279,0.5933487416538263
Blood,75,3028,0.7947019867549668,0.0,0.8133064516129033,0.5
Blood,75,3029,0.7350993377483444,0.23076923076923078,0.7494177922682813,0.543549138332557
Blood,100,3000,0.7483443708609272,0.29629629629629634,0.7412280701754386,0.5686344238975818
Blood,100,3001,0.8013245033112583,0.3181818181818182,0.7588597842835131,0.5891114535182331
Blood,100,3002,0.7814569536423841,0.26666666666666666,0.7132231404958678,0.5628099173553719
Blood,100,3003,0.7483443708609272,0.2692307692307692,0.7129711751662972,0.5671840354767184
Blood,100,3004,0.8079470198675497,0.3255813953488372,0.7267591165896251,0.5933487416538263
Blood,100,3005,0.8278145695364238,0.23529411764705882,0.7942799070847851,0.5632984901277585
Blood,100,3006,0.7814569536423841,0.23255813953488372,0.78756038647343,0.5607487922705314
Blood,100,3007,0.7814569536423841,0.1951219512195122,0.7816742081447964,0.5460030165912518
Blood,100,3008,0.7682119205298014,0.22222222222222224,0.7617354196301565,0.5544096728307255
Blood,100,3009,0.7615894039735099,0.27999999999999997,0.7292485801660114,0.5787461773700306
Blood,100,3010,0.7615894039735099,0.28,0.7582417582417582,0.5718864468864469
Blood,100,3011,0.7814569536423841,0.326530612244898,0.6843290659080132,0.5905642484589853
Blood,100,3012,0.8013245033112583,0.0,0.7827868852459017,0.4959016393442623
Blood,100,3013,0.7748344370860927,0.15,0.7371323529411765,0.5258665966386555
Blood,100,3014,0.8278145695364238,0.43478260869565216,0.6880252100840336,0.6394432773109244
Blood,100,3015,0.8145695364238411,0.2631578947368421,0.6724462365591398,0.5723118279569892
Blood,100,3016,0.7549668874172185,0.3728813559322034,0.7426720475785896,0.6063084112149533
Blood,100,3017,0.8079470198675497,0.43137254901960786,0.7468599033816425,0.6353864734299517
Blood,100,3018,0.7880794701986755,0.2727272727272727,0.7186186974789915,0.5685399159663865
Blood,100,3019,0.7682119205298014,0.25531914893617025,0.7095947834187238,0.5656730321378668
Blood,100,3020,0.7549668874172185,0.21276595744680848,0.8333333333333334,0.5595238095238095
Blood,100,3021,0.7682119205298014,0.22222222222222224,0.6499525841631105,0.5544096728307255
Blood,100,3022,0.8013245033112583,0.28571428571428575,0.6778376990241397,0.5781972265023112
Blood,100,3023,0.7615894039735099,0.27999999999999997,0.7690886699507389,0.5655172413793104
Blood,100,3024,0.7284768211920529,0.2545454545454545,0.7007426823940586,0.5558103975535168
Blood,100,3025,0.7880794701986755,0.3333333333333333,0.7282554047259929,0.5920060331825038
Blood,100,3026,0.7417218543046358,0.2909090909090909,0.769182389937107,0.579454926624738
Blood,100,3027,0.8079470198675497,0.3255813953488372,0.7046738572162301,0.5933487416538263
Blood,100,3028,0.8079470198675497,0.12121212121212122,0.8087365591397849,0.532258064516129
Blood,100,3029,0.7350993377483444,0.23076923076923078,0.7491849091755939,0.543549138332557
Blood,150,3000,0.7483443708609272,0.29629629629629634,0.7407539118065434,0.5686344238975818
Blood,150,3001,0.7947019867549668,0.3111111111111111,0.7593733949666153,0.5848741653826399
Blood,150,3002,0.7748344370860927,0.2916666666666667,0.7151515151515152,0.5712121212121212
Blood,150,3003,0.7483443708609272,0.2692307692307692,0.7138580931263858,0.5671840354767184
Blood,150,3004,0.8013245033112583,0.3181818181818182,0.7306111967128917,0.5891114535182331
Blood,150,3005,0.8278145695364238,0.23529411764705882,0.7997967479674797,0.5632984901277585
Blood,150,3006,0.7947019867549668,0.3111111111111111,0.789975845410628,0.5885265700483092
Blood,150,3007,0.7814569536423841,0.1951219512195122,0.7819255907491202,0.5460030165912518
Blood,150,3008,0.7549668874172185,0.21276595744680854,0.7616168800379327,0.5456377430061641
Blood,150,3009,0.7615894039735099,0.27999999999999997,0.7325251201397991,0.5787461773700306
Blood,150,3010,0.7549668874172185,0.2745098039215686,0.7598443223443223,0.5674221611721612
Blood,150,3011,0.7814569536423841,0.326530612244898,0.6807728781412992,0.5905642484589853
Blood,150,3012,0.8079470198675497,0.1212121212121212,0.7870265686828717,0.5262860373092142
Blood,150,3013,0.7748344370860927,0.15,0.7342436974789915,0.5258665966386555
Blood,150,3014,0.8211920529801324,0.425531914893617,0.686186974789916,0.6352415966386555
Blood,150,3015,0.8079470198675497,0.2564102564102564,0.6716397849462366,0.5681451612903226
Blood,150,3016,0.7483443708609272,0.36666666666666664,0.743946474086661,0.6016355140186915
Blood,150,3017,0.8278145695364238,0.5185185185185185,0.7509661835748792,0.6770531400966183
Blood,150,3018,0.7880794701986755,0.2727272727272727,0.7196691176470589,0.5685399159663865
Blood,150,3019,0.7748344370860927,0.29166666666666663,0.711690731252911,0.5788309268747088
Blood,150,3020,0.7615894039735099,0.25,0.8342070773263434,0.5714285714285714
Blood,150,3021,0.7483443708609272,0.17391304347826086,0.6487671882408724,0.5321242294926505
Blood,150,3022,0.8013245033112583,0.28571428571428575,0.678608115048793,0.5781972265023112
Blood,150,3023,0.7682119205298014,0.3137254901960784,0.7722906403940887,0.5798029556650246
Blood,150,3024,0.7417218543046358,0.3157894736842105,0.6981214504150284,0.5796199213630406
Blood,150,3025,0.7682119205298014,0.28571428571428564,0.7297637003519356,0.568753142282554
Blood,150,3026,0.7483443708609272,0.32142857142857145,0.7723270440251573,0.590566037735849
Blood,150,3027,0.8211920529801324,0.39999999999999997,0.7085259373394966,0.6236517719568566
Blood,150,3028,0.8410596026490066,0.4285714285714286,0.7974462365591398,0.6368279569892473
Blood,150,3029,0.7417218543046358,0.26415094339622636,0.7510479739170937,0.5567070330693992
Blood,200,3000,0.7549668874172185,0.3272727272727273,0.7400426742532006,0.5821479374110953
Blood,200,3001,0.8013245033112583,0.3181818181818182,0.7601438109912686,0.5891114535182331
Blood,200,3002,0.7615894039735099,0.28,0.7179063360881542,0.5629476584022038
Blood,200,3003,0.7549668874172185,0.3018867924528301,0.7143015521064302,0.5793791574279379
Blood,200,3004,0.8013245033112583,0.3181818181818182,0.7300975860297895,0.5891114535182331
Blood,200,3005,0.8278145695364238,0.23529411764705882,0.8009581881533101,0.5632984901277585
Blood,200,3006,0.8013245033112583,0.3478260869565218,0.7892512077294686,0.6024154589371981
Blood,200,3007,0.7814569536423841,0.1951219512195122,0.7824283559577677,0.5460030165912518
Blood,200,3008,0.7615894039735099,0.25,0.7598387861545757,0.5591512565196776
Blood,200,3009,0.7549668874172185,0.2745098039215686,0.7340541721275666,0.5741590214067278
Blood,200,3010,0.7549668874172185,0.3018867924528302,0.7607600732600732,0.5757783882783882
Blood,200,3011,0.7814569536423841,0.326530612244898,0.6821953532479849,0.5905642484589853
Blood,200,3012,0.8211920529801324,0.2285714285714286,0.7856133408705483,0.5607687959299039
Blood,200,3013,0.7814569536423841,0.1951219512195122,0.7324054621848739,0.5414915966386555
Blood,200,3014,0.8145695364238411,0.44000000000000006,0.6877626050420168,0.6424632352941176
Blood,200,3015,0.8079470198675497,0.2564102564102564,0.6745967741935484,0.5681451612903226
Blood,200,3016,0.7417218543046358,0.36065573770491804,0.7456457094307561,0.5969626168224299
Blood,200,3017,0.8344370860927153,0.5283018867924528,0.7507246376811594,0.6814009661835749
Blood,200,3018,0.7814569536423841,0.32653061224489793,0.724921218487395,0.5871848739495799
Blood,200,3019,0.7748344370860927,0.29166666666666663,0.7133209129017233,0.5788309268747088
Blood,200,3020,0.7748344370860927,0.32,0.8363914373088684,0.5952380952380952
Blood,200,3021,0.7549668874172185,0.21276595744680854,0.6475817923186344,0.5456377430061641
Blood,200,3022,0.8079470198675497,0.3255813953488372,0.6791217257318952,0.5933487416538263
Blood,200,3023,0.7682119205298014,0.3137254901960784,0.7740147783251231,0.5798029556650246
Blood,200,3024,0.7417218543046358,0.3157894736842105,0.6961555264307557,0.5796199213630406
Blood,200,3025,0.7682119205298014,0.28571428571428564,0.7312719959778783,0.568753142282554
Blood,200,3026,0.7483443708609272,0.32142857142857145,0.7740041928721174,0.590566037735849
Blood,200,3027,0.8211920529801324,0.39999999999999997,0.7062146892655368,0.6236517719568566
Blood,200,3028,0.8543046357615894,0.5,0.7926075268817204,0.6690860215053763
Blood,200,3029,0.7417218543046358,0.26415094339622636,0.7489520260829063,0.5567070330693992
Blood,300,3000,0.7615894039735099,0.35714285714285715,0.7438359412043622,0.5956614509246088
Blood,300,3001,0.7880794701986755,0.2727272727272727,0.7609142270159219,0.5697226502311248
Blood,300,3002,0.7483443708609272,0.2962962962962963,0.7195592286501378,0.5672176308539945
Blood,300,3003,0.7549668874172185,0.3018867924528301,0.7118625277161863,0.5793791574279379
Blood,300,3004,0.8013245033112583,0.3181818181818182,0.734206471494607,0.5891114535182331
Blood,300,3005,0.8344370860927153,0.2857142857142857,0.8027003484320557,0.5811556329849012
Blood,300,3006,0.8079470198675497,0.38297872340425526,0.7911835748792271,0.616304347826087
Blood,300,3007,0.7682119205298014,0.22222222222222224,0.7856963298139769,0.5478883861236802
Blood,300,3008,0.7748344370860927,0.34615384615384615,0.7598387861545757,0.5953058321479374
Blood,300,3009,0.7615894039735099,0.3333333333333333,0.7355832241153342,0.5933813892529489
Blood,300,3010,0.7483443708609272,0.2962962962962963,0.7577838827838828,0.5713141025641025
Blood,300,3011,0.7748344370860927,0.32,0.6831436699857752,0.5861782835467046
Blood,300,3012,0.8145695364238411,0.2222222222222222,0.7943753533069531,0.5566704352741662
Blood,300,3013,0.7880794701986755,0.23809523809523808,0.7345063025210085,0.5571165966386555
Blood,300,3014,0.8013245033112583,0.42307692307692313,0.686186974789916,0.6340598739495799
Blood,300,3015,0.7947019867549668,0.24390243902439024,0.677016129032258,0.5598118279569892
Blood,300,3016,0.7483443708609272,0.36666666666666664,0.7498937977909941,0.6016355140186915
Blood,300,3017,0.8145695364238411,0.5,0.7514492753623189,0.6683574879227053
Blood,300,3018,0.7748344370860927,0.32,0.7259716386554622,0.5829831932773109
Blood,300,3019,0.7748344370860927,0.32,0.7105263157894737,0.587564042850489
Blood,300,3020,0.7748344370860927,0.3461538461538461,0.836609873307121,0.6025557011795544
Blood,300,3021,0.7549668874172185,0.3018867924528302,0.6511379800853485,0.5730203888098625
Blood,300,3022,0.8145695364238411,0.36363636363636365,0.6788649203903441,0.6085002568053415
Blood,300,3023,0.7748344370860927,0.32,0.7722906403940887,0.5841133004926109
Blood,300,3024,0.7417218543046358,0.3157894736842105,0.6939711664482306,0.5796199213630406
Blood,300,3025,0.7748344370860927,0.3461538461538462,0.729260935143288,0.5938914027149321
Blood,300,3026,0.7549668874172185,0.3508771929824561,0.7740041928721174,0.6016771488469601
Blood,300,3027,0.8145695364238411,0.391304347826087,0.7098099640472522,0.6194144838212634
Blood,300,3028,0.8344370860927153,0.4444444444444444,0.790725806451613,0.6446236559139785
Blood,300,3029,0.7417218543046358,0.26415094339622636,0.7512808570097811,0.5567070330693992
Phoneme,0,3000,0.30868761552680224,0.3273381294964029,0.4686975204978761,0.3856399618031545
Phoneme,0,3001,0.43068391866913125,0.25603864734299514,0.37031497146000963,0.4080616876418403
Phoneme,0,3002,0.6857670979667283,0.212962962962963,0.4788707067074267,0.5345201702331716
Phoneme,0,3003,0.4833641404805915,0.12244897959183673,0.3100147693705976,0.3799217710260655
Phoneme,0,3004,0.35304990757855825,0.43548387096774194,0.3252720225013191,0.5041317507073209
Phoneme,0,3005,0.7042513863216266,0.018404907975460124,0.6954454547328921,0.5008102925712872
Phoneme,0,3006,0.6423290203327172,0.43668122270742366,0.5973793466593759,0.5902849504830184
Phoneme,0,3007,0.6728280961182994,0.46200607902735563,0.6480387741534238,0.6227712367839756
Phoneme,0,3008,0.4731977818853974,0.08064516129032258,0.3201130873262021,0.3543684199421904
Phoneme,0,3009,0.28373382624768945,0.43962400578452643,0.7206682778186403,0.49704949038562574
Phoneme,0,3010,0.27264325323475047,0.3969348659003831,0.3104475404380498,0.42954720066393587
Phoneme,0,3011,0.411275415896488,0.4932378679395385,0.70115154269059,0.5715651237713945
Phoneme,0,3012,0.27171903881700554,0.30998248686514884,0.3038378192275756,0.34812564554347164
Phoneme,0,3013,0.47966728280961185,0.2936010037641154,0.4354497627398391,0.4533603259748298
Phoneme,0,3014,0.7033271719038817,0.06956521739130435,0.5164512071916043,0.5084699284550834
Phoneme,0,3015,0.6580406654343808,0.07960199004975124,0.5194024577131189,0.4811727342572012
Phoneme,0,3016,0.634011090573013,0.03414634146341464,0.3116268708102963,0.4603722380865585
Phoneme,0,3017,0.433456561922366,0.3443850267379679,0.4897951493990128,0.45974160271626957
Phoneme,0,3018,0.378003696857671,0.2786709539121115,0.4046437826816882,0.39082170503690494
Phoneme,0,3019,0.7162661737523105,0.0,0.7205463906693286,0.5
Phoneme,0,3020,0.3909426987060998,0.2069795427196149,0.3125465092680287,0.35802834528480587
Phoneme,0,3021,0.4565619223659889,0.45955882352941174,0.541077826433121,0.556943338641189
Phoneme,0,3022,0.43715341959334564,0.4860759493670886,0.7271231520999567,0.5751737077586029
Phoneme,0,3023,0.7079482439926063,0.0,0.8107256172125459,0.5
Phoneme,0,3024,0.6293900184842883,0.21526418786692758,0.3710887308948959,0.49752403561799174
Phoneme,0,3025,0.5369685767097967,0.27496382054992763,0.4199958244808233,0.46729176644929404
Phoneme,0,3026,0.3170055452865065,0.444778362133734,0.7233252922620153,0.4975959258571988
Phoneme,0,3027,0.35027726432532347,0.11349306431273644,0.2605726388139623,0.29072508941237585
Phoneme,0,3028,0.3049907578558225,0.394524959742351,0.517097414643259,0.4746916556970384
Phoneme,0,3029,0.6811460258780037,0.0,0.19139548171039406,0.4779507133592737
Phoneme,1,3000,0.32717190388170053,0.3321100917431193,0.47292469294346207,0.39781109025651157
Phoneme,1,3001,0.4454713493530499,0.2610837438423645,0.379246613025239,0.4182398046901864
Phoneme,1,3002,0.6857670979667283,0.20930232558139533,0.48335830885731984,0.5336969769625767
Phoneme,1,3003,0.4907578558225508,0.12400635930047696,0.3132688999253416,0.3852127763170708
Phoneme,1,3004,0.3539741219963031,0.43583535108958843,0.33383050058787606,0.5047819457658383
Phoneme,1,3005,0.7042513863216266,0.018404907975460124,0.700117523350034,0.5008102925712872
Phoneme,1,3006,0.6432532347504621,0.42729970326409494,0.6000445551572594,0.5857464001458169
Phoneme,1,3007,0.6756007393715342,0.46412213740458014,0.6502305432241738,0.6246820648094533
Phoneme,1,3008,0.47412199630314233,0.08077544426494344,0.3217250036922168,0.3550119205856911
Phoneme,1,3009,0.28373382624768945,0.43962400578452643,0.722862246506252,0.49704949038562574
Phoneme,1,3010,0.2744916820702403,0.39754412893323104,0.31374256872516915,0.43085781665345096
Phoneme,1,3011,0.41866913123844735,0.4963971176941554,0.705372091976044,0.5768213655585166
Phoneme,1,3012,0.2735674676524954,0.3080985915492958,0.30588330599266866,0.34771654819045306
Phoneme,1,3013,0.4944547134935305,0.29053177691309984,0.43884103569218075,0.45827315865483803
Phoneme,1,3014,0.7042513863216266,0.06976744186046512,0.5204057648295911,0.5091235232263253
Phoneme,1,3015,0.6617375231053605,0.08040201005025124,0.5248585644030124,0.4837939662362314
Phoneme,1,3016,0.6377079482439926,0.034482758620689655,0.3144500475930089,0.4630212447090751
Phoneme,1,3017,0.4390018484288355,0.34378378378378377,0.4916958682391556,0.4616800010047853
Phoneme,1,3018,0.3835489833641405,0.27735644637053086,0.4070929468259251,0.39276010332542066
Phoneme,1,3019,0.7162661737523105,0.0,0.7236061784175686,0.5
Phoneme,1,3020,0.3909426987060998,0.2069795427196149,0.3141489649573806,0.35802834528480587
Phoneme,1,3021,0.4630314232902033,0.46253469010175763,0.5479199840764332,0.5615006303078557
Phoneme,1,3022,0.4417744916820702,0.488135593220339,0.7282818910950289,0.5784416816148121
Phoneme,1,3023,0.7079482439926063,0.0,0.8125475096671845,0.5
Phoneme,1,3024,0.6349353049907579,0.20841683366733466,0.37597947437764373,0.4988089265246352
Phoneme,1,3025,0.5397412199630314,0.27405247813411077,0.4226689754831526,0.4683622549441012
Phoneme,1,3026,0.3290203327171904,0.4483282674772037,0.7266076988103338,0.5051689655883383
Phoneme,1,3027,0.3521256931608133,0.11378002528445007,0.26150772243201664,0.2920637774980519
Phoneme,1,3028,0.31053604436229204,0.39546191247974066,0.521211568287565,0.47739822139968113
Phoneme,1,3029,0.6848428835489834,0.0,0.19238805409936566,0.4805447470817121
Phoneme,2,3000,0.34750462107208874,0.3352165725047081,0.4807945602423524,0.4094553656689387
Phoneme,2,3001,0.4833641404805915,0.27308192457737324,0.3972775256172203,0.4432681727529056
Phoneme,2,3002,0.6876155268022182,0.20657276995305165,0.4922935523187276,0.5342124717776578
Phoneme,2,3003,0.49722735674676527,0.11688311688311688,0.319261856071672,0.3872253059369624
Phoneme,2,3004,0.36044362292051757,0.4327868852459017,0.35255113275196615,0.5036498169898254
Phoneme,2,3005,0.7042513863216266,0.018404907975460124,0.7081503474155172,0.5008102925712872
Phoneme,2,3006,0.6487985212569316,0.42249240121580545,0.6047430990137108,0.5853859084188995
Phoneme,2,3007,0.677449168207024,0.45891472868217054,0.6547084432434751,0.621769714126402
Phoneme,2,3008,0.47597042513863214,0.07504078303425775,0.32482224613372157,0.3543072346351035
Phoneme,2,3009,0.28373382624768945,0.43962400578452643,0.7267164022275927,0.49704949038562574
Phoneme,2,3010,0.2754158964879852,0.3969230769230769,0.3201066570253536,0.43060103452384374
Phoneme,2,3011,0.43530499075785584,0.5020374898125509,0.713047678697893,0.5868467052288143
Phoneme,2,3012,0.27818853974122,0.3008057296329454,0.31009984405694957,0.34496020414362966
Phoneme,2,3013,0.5175600739371534,0.29076086956521746,0.4456880544666804,0.468911182174541
Phoneme,2,3014,0.7042513863216266,0.06976744186046512,0.5281334405476176,0.5091235232263253
Phoneme,2,3015,0.6645101663585952,0.07161125319693094,0.5351709347280369,0.4839357099717745
Phoneme,2,3016,0.6432532347504621,0.030150753768844223,0.32029082366283895,0.46612795431071147
Phoneme,2,3017,0.4565619223659889,0.3509933774834437,0.4954052006011965,0.47396978108240495
Phoneme,2,3018,0.3927911275415896,0.2772277227722772,0.4119577822714009,0.3972858237355405
Phoneme,2,3019,0.7162661737523105,0.0,0.7286329725753914,0.5
Phoneme,2,3020,0.3946395563770795,0.2079806529625151,0.3173242795291571,0.36059903937220944
Phoneme,2,3021,0.477818853974122,0.46445497630331756,0.5606878649150743,0.5672107218683652
Phoneme,2,3022,0.4584103512014787,0.49307958477508645,0.7306282344693924,0.5874353106121524
Phoneme,2,3023,0.7079482439926063,0.0,0.8155261592358793,0.5
Phoneme,2,3024,0.6534195933456562,0.20042643923240938,0.38523476792422817,0.5075380266523085
Phoneme,2,3025,0.5545286506469501,0.26969696969696966,0.4277532841277054,0.4743717276415276
Phoneme,2,3026,0.3585951940850277,0.45865834633385333,0.7324962371909858,0.5251603059730727
Phoneme,2,3027,0.3521256931608133,0.10927573062261754,0.26307019121261166,0.29041739095686225
Phoneme,2,3028,0.32624768946395566,0.3950207468879668,0.528266885624791,0.48162750183551206
Phoneme,2,3029,0.6987060998151571,0.0,0.19401870873839044,0.490272373540856
Phoneme,5,3000,0.5369685767097967,0.386780905752754,0.533401659587079,0.5252601336889591
Phoneme,5,3001,0.6229205175600739,0.32450331125827814,0.502707860532288,0.5319527542809985
Phoneme,5,3002,0.6922365988909427,0.19759036144578312,0.5443904973126337,0.5350896121800636
Phoneme,5,3003,0.5508317929759704,0.11956521739130435,0.35837634303891974,0.42296799428701265
Phoneme,5,3004,0.4491682070240296,0.43879472693032023,0.4778871361088838,0.536703822648392
Phoneme,5,3005,0.7014787430683919,0.0,0.7445331024102596,0.49607843137254903
Phoneme,5,3006,0.6635859519408502,0.370242214532872,0.6330356238734633,0.5682443242805355
Phoneme,5,3007,0.7199630314232902,0.45009074410163336,0.6761843487958138,0.6259516609835081
Phoneme,5,3008,0.5027726432532348,0.06920415224913495,0.34315673987805134,0.3699812224402388
Phoneme,5,3009,0.2929759704251386,0.43873807776962576,0.7439529263423348,0.4985835872648944
Phoneme,5,3010,0.2911275415896488,0.39558707643814023,0.3599387009700202,0.4353566395641688
Phoneme,5,3011,0.5850277264325323,0.5686839577329491,0.7445155374343482,0.6824783753136756
Phoneme,5,3012,0.30406654343807765,0.26104023552502453,0.33570285760576785,0.3331652388763999
Phoneme,5,3013,0.6441774491682071,0.3037974683544304,0.4920526442473007,0.5318410013066501
Phoneme,5,3014,0.7125693160813309,0.11396011396011396,0.5680666378012824,0.5223954145275355
Phoneme,5,3015,0.6968576709796673,0.06818181818181819,0.5935036175466419,0.5050473095395589
Phoneme,5,3016,0.6792975970425139,0.049315068493150684,0.3695161714968508,0.4945561698766632
Phoneme,5,3017,0.5619223659889094,0.3907455012853471,0.5150320065980901,0.5409094144195062
Phoneme,5,3018,0.4417744916820702,0.27577937649880097,0.4412640198947487,0.42088362493039766
Phoneme,5,3019,0.7162661737523105,0.0,0.7512745613113376,0.5
Phoneme,5,3020,0.42513863216266173,0.21464646464646464,0.33787714788255985,0.38080520227303477
Phoneme,5,3021,0.5286506469500925,0.46875,0.6276000199044586,0.5841917131104034
Phoneme,5,3022,0.5609981515711645,0.5310957551826259,0.7408177150986578,0.6452052534999279
Phoneme,5,3023,0.7079482439926063,0.0,0.8249909111941038,0.5
Phoneme,5,3024,0.6903881700554528,0.13881748071979433,0.45118842211317645,0.5161039660299318
Phoneme,5,3025,0.6229205175600739,0.2740213523131672,0.4554263327888784,0.5121847380680445
Phoneme,5,3026,0.5998151571164511,0.5484880083420229,0.758153440135255,0.6671140801220593
Phoneme,5,3027,0.3687615526802218,0.08322147651006712,0.27248896081839796,0.2925872644808088
Phoneme,5,3028,0.40388170055452866,0.39888164026095063,0.5671927743818994,0.5086584036041203
Phoneme,5,3029,0.7125693160813309,0.0,0.2120226373232241,0.5
Phoneme,10,3000,0.7245841035120147,0.46975088967971534,0.6712478184991274,0.634248740491949
Phoneme,10,3001,0.7476894639556377,0.40262582056892776,0.7217823739770305,0.611512275634413
Phoneme,10,3002,0.7014787430683919,0.1904761904761905,0.6883933744929969,0.5393134727966593
Phoneme,10,3003,0.6987060998151571,0.0632183908045977,0.556793098971013,0.5095960333690395
Phoneme,10,3004,0.7717190388170055,0.6182380216383307,0.7490039344071592,0.7323626800500214
Phoneme,10,3005,0.7051756007393716,0.0,0.8005690604317437,0.49869281045751634
Phoneme,10,3006,0.677449168207024,0.06933333333333333,0.6982522226947769,0.49669886789395873
Phoneme,10,3007,0.7458410351201479,0.38202247191011235,0.722481717386176,0.6029702545626112
Phoneme,10,3008,0.5979667282809612,0.03547671840354767,0.40600037977087156,0.42431166529527187
Phoneme,10,3009,0.6469500924214417,0.5856832971800434,0.7702090995061469,0.7171587685194913
Phoneme,10,3010,0.43622920517560076,0.41005802707930367,0.5029190992493745,0.5026684798908778
Phoneme,10,3011,0.677449168207024,0.5779927448609431,0.7815548487193028,0.696847073656977
Phoneme,10,3012,0.5693160813308688,0.2763975155279503,0.4538955384085708,0.48509224942787127
Phoneme,10,3013,0.7264325323475046,0.0,0.7126487174197098,0.5
Phoneme,10,3014,0.7097966728280961,0.1693121693121693,0.6505391641409456,0.5315189377538607
Phoneme,10,3015,0.7134935304990758,0.07738095238095237,0.7142816057716406,0.5177549435695592
Phoneme,10,3016,0.699630314232902,0.04129793510324484,0.5869372379852968,0.5073921056362274
Phoneme,10,3017,0.7070240295748613,0.4562607204116638,0.5688382588745567,0.624007251200509
Phoneme,10,3018,0.7134935304990758,0.30493273542600896,0.563831078846339,0.5654010558618755
Phoneme,10,3019,0.7199630314232902,0.02572347266881029,0.7819438898812651,0.506514657980456
Phoneme,10,3020,0.6839186691312384,0.2692307692307693,0.4266379718576647,0.5387083953456907
Phoneme,10,3021,0.7393715341959335,0.563467492260062,0.735536093418259,0.6921526671974523
Phoneme,10,3022,0.7375231053604436,0.623342175066313,0.7613739922888187,0.7386363167769737
Phoneme,10,3023,0.7097966728280961,0.01875,0.8296633836798096,0.5040940939286777
Phoneme,10,3024,0.7014787430683919,0.0,0.6606174818585641,0.5
Phoneme,10,3025,0.7144177449168208,0.2660332541567696,0.5360138528989156,0.5583180845010459
Phoneme,10,3026,0.7384473197781886,0.5880640465793304,0.7966639863095606,0.708808065813076
Phoneme,10,3027,0.6608133086876156,0.021333333333333333,0.3337289456332794,0.48187376371156265
Phoneme,10,3028,0.678373382624769,0.4774774774774774,0.6674964484470917,0.6366598459473196
Phoneme,10,3029,0.7125693160813309,0.0,0.4959358748191058,0.5
Phoneme,20,3000,0.755083179297597,0.49523809523809526,0.7993965886265599,0.6540098455662025
Phoneme,20,3001,0.7476894639556377,0.42526315789473684,0.8135530568736675,0.6209897874974211
Phoneme,20,3002,0.6977818853974121,0.21204819277108433,0.7790445363543728,0.541575256248876
Phoneme,20,3003,0.710720887245841,0.09798270893371756,0.7972985035868472,0.5234281169863991
Phoneme,20,3004,0.7652495378927912,0.5590277777777778,0.8075630356838681,0.6908686024337654
Phoneme,20,3005,0.7088724584103512,0.15094339622641512,0.8168532607575102,0.527170573802602
Phoneme,20,3006,0.6959334565619224,0.006042296072507553,0.7658504971950503,0.49954229702088015
Phoneme,20,3007,0.7532347504621072,0.3206106870229008,0.7883291513864762,0.5850414977803513
Phoneme,20,3008,0.7181146025878004,0.0,0.7268392514294154,0.5
Phoneme,20,3009,0.743992606284658,0.4312114989733059,0.7924682147735631,0.6226226752127771
Phoneme,20,3010,0.7125693160813309,0.37424547283702214,0.7635344724873355,0.5900668455239794
Phoneme,20,3011,0.7523105360443623,0.5472972972972973,0.8055067729377233,0.6807201542485908
Phoneme,20,3012,0.6829944547134935,0.1654501216545012,0.6978633776859672,0.5188751848026409
Phoneme,20,3013,0.7458410351201479,0.17417417417417416,0.8001899800563923,0.5438974279623134
Phoneme,20,3014,0.7144177449168208,0.3807615230460922,0.7291354817426445,0.5929795261953361
Phoneme,20,3015,0.7060998151571165,0.28378378378378377,0.7848823116143584,0.5581169858297349
Phoneme,20,3016,0.6857670979667283,0.09574468085106383,0.7509204690442919,0.5069931344553131
Phoneme,20,3017,0.744916820702403,0.45669291338582674,0.7264178985752981,0.6340153313488823
Phoneme,20,3018,0.7060998151571165,0.09659090909090907,0.8015423454200631,0.5106904968244598
Phoneme,20,3019,0.732902033271719,0.18591549295774648,0.8018913523169066,0.5440685089839234
Phoneme,20,3020,0.7245841035120147,0.1235294117647059,0.7742693816804221,0.524899370856447
Phoneme,20,3021,0.722735674676525,0.43396226415094336,0.7880009288747346,0.6173658107749469
Phoneme,20,3022,0.756007393715342,0.6,0.7828333436423991,0.7175315972866538
Phoneme,20,3023,0.7292051756007394,0.3644251626898048,0.8276349274548038,0.5930941600290842
Phoneme,20,3024,0.7051756007393716,0.030395136778115502,0.8030976068396987,0.5070811765521687
Phoneme,20,3025,0.7033271719038817,0.15303430079155672,0.7453956713784535,0.5261174630855449
Phoneme,20,3026,0.7597042513863216,0.4672131147540984,0.8263087359023525,0.6425558235912662
Phoneme,20,3027,0.6903881700554528,0.0,0.7754320765649664,0.5
Phoneme,20,3028,0.7569316081330869,0.4392324093816631,0.7736781054908963,0.6295676011486613
Phoneme,20,3029,0.7134935304990758,0.00641025641025641,0.8044423870114813,0.5016077170418006
Phoneme,30,3000,0.7486136783733827,0.47692307692307695,0.8229279857749678,0.6439214330402714
Phoneme,30,3001,0.7624768946395564,0.5104761904761904,0.8261897393576783,0.6659187813767966
Phoneme,30,3002,0.7171903881700554,0.41825095057034223,0.8011268956422706,0.6099622370077324
Phoneme,30,3003,0.7393715341959335,0.38961038961038963,0.8184625247508683,0.6076135293926705
Phoneme,30,3004,0.7680221811460258,0.5694682675814752,0.8148875972695963,0.6975554327640145
Phoneme,30,3005,0.7347504621072088,0.4225352112676056,0.8140285767303767,0.6165955341126987
Phoneme,30,3006,0.7024029574861368,0.19095477386934673,0.8037183303967435,0.5362496708994066
Phoneme,30,3007,0.7615526802218114,0.4027777777777778,0.8123871410495614,0.6158913980570031
Phoneme,30,3008,0.7181146025878004,0.0,0.8179673819018082,0.5
Phoneme,30,3009,0.7412199630314233,0.3777777777777778,0.80114742040559,0.6010171272459809
Phoneme,30,3010,0.7467652495378928,0.4385245901639344,0.8090937850507607,0.6270825030711142
Phoneme,30,3011,0.7643253234750462,0.5421903052064632,0.8117045533627257,0.6793549232236645
Phoneme,30,3012,0.6950092421441775,0.24311926605504589,0.7515604431212913,0.5439536626364502
Phoneme,30,3013,0.7606284658040665,0.37288135593220334,0.8015439103225362,0.6046222749467024
Phoneme,30,3014,0.7375231053604436,0.5052264808362369,0.7645491845528958,0.6555040102265932
Phoneme,30,3015,0.7375231053604436,0.4836363636363637,0.7939498021750474,0.6442437663570216
Phoneme,30,3016,0.7384473197781886,0.4418145956607495,0.7846082184012799,0.6262207100471879
Phoneme,30,3017,0.743992606284658,0.4312114989733059,0.7741954391121048,0.6226842839020836
Phoneme,30,3018,0.722735674676525,0.3562231759656652,0.8067379226901451,0.5864387478700644
Phoneme,30,3019,0.744916820702403,0.34905660377358494,0.8085026794157822,0.5927792371545655
Phoneme,30,3020,0.7412199630314233,0.2349726775956284,0.8037731700717088,0.5585128872953592
Phoneme,30,3021,0.7282809611829945,0.4731182795698925,0.7980485337048833,0.6372744161358811
Phoneme,30,3022,0.7569316081330869,0.5723577235772357,0.7906847281499351,0.6978639615678027
Phoneme,30,3023,0.7837338262476895,0.6047297297297297,0.8279158541825032,0.7199119212083154
Phoneme,30,3024,0.7218114602587801,0.26405867970660146,0.8119735516424169,0.562510962362894
Phoneme,30,3025,0.7042513863216266,0.28888888888888886,0.7952317208460749,0.5591961716220254
Phoneme,30,3026,0.7513863216266173,0.4384133611691023,0.8314261561617287,0.6283602399950516
Phoneme,30,3027,0.6820702402957486,0.060109289617486336,0.7957161981258367,0.5030310295910008
Phoneme,30,3028,0.743992606284658,0.4093816631130064,0.7886358995746825,0.6131153309786647
Phoneme,30,3029,0.7319778188539742,0.24083769633507854,0.8222961785963024,0.5577422731575896
Phoneme,50,3000,0.7606284658040665,0.5587734241908006,0.8317157298561033,0.6891443577332148
Phoneme,50,3001,0.777264325323475,0.5688729874776387,0.8322630836943814,0.7024233202668317
Phoneme,50,3002,0.7476894639556377,0.5411764705882354,0.8086834901796239,0.6740334472217228
Phoneme,50,3003,0.7717190388170055,0.5944170771756978,0.8345424741130263,0.7101470445028728
Phoneme,50,3004,0.7791127541589649,0.6062602965403625,0.8228270398052323,0.7224082560231329
Phoneme,50,3005,0.7643253234750462,0.5714285714285714,0.8121811921403682,0.6975505659677119
Phoneme,50,3006,0.7606284658040665,0.5761047463175123,0.8152459647204164,0.6975899710391478
Phoneme,50,3007,0.7707948243992606,0.5539568345323741,0.8198846211585065,0.6923802783675395
Phoneme,50,3008,0.7726432532347505,0.5477941176470589,0.8247821592083887,0.6863472371669093
Phoneme,50,3009,0.7467652495378928,0.5176056338028169,0.809364295471262,0.6658652936849847
Phoneme,50,3010,0.7624768946395564,0.5848142164781908,0.8212755292793256,0.7057174081849817
Phoneme,50,3011,0.777264325323475,0.5976627712854757,0.8142548949775054,0.7137702072613097
Phoneme,50,3012,0.7208872458410351,0.4756944444444445,0.7822103408469531,0.6353079368936955
Phoneme,50,3013,0.7634011090573013,0.5076923076923077,0.824126607523554,0.6644487999449831
Phoneme,50,3014,0.7513863216266173,0.5640194489465153,0.788251788622915,0.6920950083503433
Phoneme,50,3015,0.7652495378927912,0.5863192182410423,0.8037034145860467,0.7067712420448896
Phoneme,50,3016,0.7680221811460258,0.5694682675814751,0.8074933673572716,0.6942199809627965
Phoneme,50,3017,0.7384473197781886,0.4900900900900901,0.793294732831778,0.64891336657498
Phoneme,50,3018,0.755083179297597,0.5500848896434636,0.8100369677254592,0.6858099197427749
Phoneme,50,3019,0.7707948243992606,0.5523465703971119,0.8116339182515498,0.6885405064621204
Phoneme,50,3020,0.7597042513863216,0.5578231292517007,0.8157345081856312,0.6926160194831552
Phoneme,50,3021,0.755083179297597,0.5648604269293924,0.8034890857218684,0.6938072253184713
Phoneme,50,3022,0.7569316081330869,0.5792,0.7975588132203459,0.7024824230428239
Phoneme,50,3023,0.788354898336414,0.6416275430359937,0.8326461645239118,0.747343589913078
Phoneme,50,3024,0.755083179297597,0.5438898450946643,0.813629633255424,0.6787058905109786
Phoneme,50,3025,0.7643253234750462,0.5826513911620294,0.7994522701315289,0.7036711819584822
Phoneme,50,3026,0.777264325323475,0.585197934595525,0.8313436836353889,0.7067008927650976
Phoneme,50,3027,0.7597042513863216,0.5873015873015873,0.8021538891885952,0.7024915582728926
Phoneme,50,3028,0.7513863216266173,0.5064220183486238,0.7931019502044043,0.6637884968785435
Phoneme,50,3029,0.7430683918669131,0.4774436090225564,0.828214078680129,0.6432202718313795
Phoneme,75,3000,0.7744916820702403,0.6038961038961039,0.8325842141657611,0.7191544008693075
Phoneme,75,3001,0.7791127541589649,0.5724508050089445,0.8349236641221374,0.7047486417715425
Phoneme,75,3002,0.7421441774491682,0.5310924369747899,0.8099902095945973,0.6675478031529101
Phoneme,75,3003,0.777264325323475,0.6156299840510367,0.8381820690102899,0.7245836985100789
Phoneme,75,3004,0.7837338262476895,0.6188925081433224,0.8277751696115864,0.7313427255013565
Phoneme,75,3005,0.7698706099815157,0.5911330049261084,0.8129646811405951,0.7107090575452053
Phoneme,75,3006,0.7624768946395564,0.5901116427432217,0.8199445085768677,0.7067156773396521
Phoneme,75,3007,0.7828096118299446,0.5913043478260869,0.8221107036393661,0.7174054772780887
Phoneme,75,3008,0.7865064695009242,0.6037735849056604,0.8271282992594468,0.7228875245268689
Phoneme,75,3009,0.7615526802218114,0.5714285714285715,0.8117810234317537,0.7007754544499317
Phoneme,75,3010,0.7689463955637708,0.6056782334384858,0.8214973890393061,0.7203375555162964
Phoneme,75,3011,0.7800369685767098,0.611111111111111,0.8159619454644447,0.7229461153343895
Phoneme,75,3012,0.7365988909426987,0.5410628019323672,0.7885574255220041,0.6734370253356826
Phoneme,75,3013,0.7791127541589649,0.5843478260869566,0.8275393714325012,0.713173096760883
Phoneme,75,3014,0.7504621072088724,0.5602605863192183,0.796556772025319,0.6895940289890929
Phoneme,75,3015,0.7643253234750462,0.5880452342487884,0.807820145687909,0.7079401142988615
Phoneme,75,3016,0.7661737523105361,0.5747899159663865,0.8165785689693582,0.6972294793122304
Phoneme,75,3017,0.7504621072088724,0.5544554455445545,0.7954885140481543,0.6884035217724412
Phoneme,75,3018,0.755083179297597,0.542314335060449,0.8133611323930218,0.6809534575080487
Phoneme,75,3019,0.7855822550831792,0.5986159169550174,0.8127729326468425,0.7185331512031102
Phoneme,75,3020,0.7707948243992606,0.5921052631578947,0.8200683263428494,0.7163611148694358
Phoneme,75,3021,0.7606284658040665,0.580226904376013,0.8065991573779193,0.7043026804670913
Phoneme,75,3022,0.7597042513863216,0.5899053627760252,0.8029566400692769,0.7099853611265747
Phoneme,75,3023,0.7855822550831792,0.6282051282051282,0.8373268995604323,0.7370195326701259
Phoneme,75,3024,0.7624768946395564,0.5695142378559465,0.8166277120375922,0.6946466957908606
Phoneme,75,3025,0.7615526802218114,0.5811688311688311,0.8015154678423618,0.702600693463675
Phoneme,75,3026,0.7855822550831792,0.6209150326797386,0.8321271726356158,0.7310570916063587
Phoneme,75,3027,0.7634011090573013,0.6012461059190031,0.8069052328717856,0.7117544806090031
Phoneme,75,3028,0.7578558225508318,0.5287769784172661,0.7939230431703747,0.6779881919011561
Phoneme,75,3029,0.7634011090573013,0.5555555555555555,0.8309624198748025,0.6891413414740951
Phoneme,100,3000,0.7744916820702403,0.6064516129032258,0.8330534426553393,0.7209901544337975
Phoneme,100,3001,0.7781885397412199,0.5698924731182795,0.8358262842995667,0.7030594525823534
Phoneme,100,3002,0.7402957486136784,0.5261382799325464,0.8108733441227597,0.6645627285260445
Phoneme,100,3003,0.7781885397412199,0.6190476190476192,0.8393222319602688,0.72698980751128
Phoneme,100,3004,0.7865064695009242,0.624390243902439,0.8309908307955646,0.7351878087387878
Phoneme,100,3005,0.767097966728281,0.5841584158415841,0.8145316591410486,0.705977196346467
Phoneme,100,3006,0.7643253234750462,0.5920000000000001,0.8237033436620289,0.7080401806509103
Phoneme,100,3007,0.7855822550831792,0.5972222222222222,0.8243239185914345,0.7214094233202514
Phoneme,100,3008,0.7874306839186691,0.6061643835616438,0.829639006688187,0.724526868789164
Phoneme,100,3009,0.756007393715342,0.5570469798657718,0.8125123463276243,0.6910034674792477
Phoneme,100,3010,0.7717190388170055,0.6085578446909667,0.8213083973919153,0.7223034795005691
Phoneme,100,3011,0.7828096118299446,0.6128500823723229,0.817619872196364,0.7240166038291966
Phoneme,100,3012,0.7402957486136784,0.5460420032310178,0.791165927456103,0.6769528322903376
Phoneme,100,3013,0.7754158964879853,0.574430823117338,0.8277112990853449,0.7064163400041263
Phoneme,100,3014,0.7513863216266173,0.5611745513866232,0.7990763077049958,0.6902476237603348
Phoneme,100,3015,0.7634011090573013,0.5857605177993528,0.8092170404729722,0.7063727161797393
Phoneme,100,3016,0.767097966728281,0.5757575757575757,0.8203738582740953,0.6978917309678595
Phoneme,100,3017,0.7569316081330869,0.5652892561983471,0.7980507165375099,0.6958452128260841
Phoneme,100,3018,0.7569316081330869,0.545768566493955,0.8151990521525432,0.6832184110157961
Phoneme,100,3019,0.7846580406654344,0.5961871750433275,0.8139876011348114,0.7169044867079962
Phoneme,100,3020,0.7680221811460258,0.5878489326765188,0.8225290894330943,0.7134310309836287
Phoneme,100,3021,0.7597042513863216,0.5765472312703583,0.8091701499469215,0.7017690087579618
Phoneme,100,3022,0.7606284658040665,0.5908372827804108,0.8058266839858972,0.7106389558978166
Phoneme,100,3023,0.7818853974121996,0.6217948717948719,0.8398097960802459,0.7325494926793801
Phoneme,100,3024,0.7624768946395564,0.5666104553119731,0.8191322295508593,0.692868243615316
Phoneme,100,3025,0.7578558225508318,0.5676567656765676,0.8035541036756849,0.6936683573425686
Phoneme,100,3026,0.7846580406654344,0.618657937806874,0.8344075379889074,0.7294798045401125
Phoneme,100,3027,0.7597042513863216,0.5937499999999999,0.8090671142280565,0.7066075246258666
Phoneme,100,3028,0.7541589648798521,0.5181159420289855,0.7945095381460676,0.671115339667479
Phoneme,100,3029,0.7615526802218114,0.5441696113074205,0.8325430288471564,0.6820890729457296
Phoneme,150,3000,0.7754158964879853,0.6086956521739131,0.8339013467680859,0.7225624814778228
Phoneme,150,3001,0.7791127541589649,0.57397504456328,0.8369824977649405,0.7058016986452101
Phoneme,150,3002,0.7421441774491682,0.5310924369747899,0.8127794761134088,0.6675478031529101
Phoneme,150,3003,0.7837338262476895,0.6297468354430379,0.8417364560002597,0.7344475281591847
Phoneme,150,3004,0.7837338262476895,0.6213592233009709,0.8355858195158228,0.7332372235632352
Phoneme,150,3005,0.7735674676524954,0.5977011494252873,0.8175666481103483,0.715170821220181
Phoneme,150,3006,0.7652495378927912,0.5981012658227848,0.8282277173582843,0.7121696336350932
Phoneme,150,3007,0.7855822550831792,0.5972222222222222,0.8276094276094276,0.7214094233202514
Phoneme,150,3008,0.7865064695009242,0.6064735945485519,0.8333101251134039,0.7248792117644576
Phoneme,150,3009,0.7541589648798521,0.5551839464882944,0.813861510980351,0.6897131448986025
Phoneme,150,3010,0.7698706099815157,0.6066350710900474,0.822450564304408,0.720992863511054
Phoneme,150,3011,0.7818853974121996,0.6118421052631579,0.819777223770985,0.7233595736058064
Phoneme,150,3012,0.7486136783733827,0.5641025641025641,0.7956659983393077,0.688980699515969
Phoneme,150,3013,0.7781885397412199,0.5818815331010452,0.828089539921601,0.7114839075716939
Phoneme,150,3014,0.7532347504621072,0.567260940032415,0.8014473928372611,0.6943258901878312
Phoneme,150,3015,0.7615526802218114,0.5838709677419355,0.8106919970254358,0.7050621001902242
Phoneme,150,3016,0.7735674676524954,0.5896147403685091,0.8237924539765478,0.7068614942179556
Phoneme,150,3017,0.7606284658040665,0.5747126436781609,0.8019275131145414,0.7023177047354694
Phoneme,150,3018,0.7569316081330869,0.5473321858864028,0.8175226181355372,0.6841897034627413
Phoneme,150,3019,0.7874306839186691,0.6020761245674741,0.8157528632972575,0.7208069769885468
Phoneme,150,3020,0.7735674676524954,0.6003262642740621,0.8256621228521175,0.722297388716006
Phoneme,150,3021,0.7615526802218114,0.5838709677419354,0.8128441812632696,0.7068363521762209
Phoneme,150,3022,0.7597042513863216,0.5899053627760252,0.8090431125131441,0.7099853611265747
Phoneme,150,3023,0.7809611829944547,0.6183574879227053,0.8424496810655385,0.730037677231715
Phoneme,150,3024,0.7624768946395564,0.5695142378559465,0.8224403137581223,0.6946466957908606
Phoneme,150,3025,0.7597042513863216,0.5681063122923589,0.806620244718173,0.6940818156139855
Phoneme,150,3026,0.7855822550831792,0.6221498371335505,0.8375909775056184,0.7319807839013629
Phoneme,150,3027,0.7597042513863216,0.5937499999999999,0.8125916601730304,0.7066075246258666
Phoneme,150,3028,0.755083179297597,0.5207956600361664,0.7957172833552726,0.6728335527258984
Phoneme,150,3029,0.7624768946395564,0.5467372134038799,0.8347617200695635,0.6836967899875304
Phoneme,200,3000,0.7763401109057301,0.6146496815286624,0.8344817083209852,0.726888438868583
Phoneme,200,3001,0.7837338262476895,0.5880281690140845,0.8378593287944432,0.7153007014648236
Phoneme,200,3002,0.743992606284658,0.5360134003350084,0.8145577334212472,0.6705328777797758
Phoneme,200,3003,0.7855822550831792,0.6329113924050633,0.8437205829843867,0.7366426461518486
Phoneme,200,3004,0.7865064695009242,0.6280193236714975,0.8388264083058783,0.7380295558316057
Phoneme,200,3005,0.7781885397412199,0.611650485436893,0.8203789612585307,0.7249046411414197
Phoneme,200,3006,0.7643253234750462,0.5996860282574568,0.8313182250845536,0.713240982643741
Phoneme,200,3007,0.788354898336414,0.600349040139616,0.830165776662592,0.7233202513457291
Phoneme,200,3008,0.7902033271719039,0.6184873949579832,0.8353102517036943,0.733428276051227
Phoneme,200,3009,0.7578558225508318,0.5633333333333332,0.8149458863087107,0.6952442996742672
Phoneme,200,3010,0.7707948243992606,0.6100628930817609,0.8240446677650094,0.7234723517545409
Phoneme,200,3011,0.7855822550831792,0.6209150326797386,0.8216807692780036,0.729590103200822
Phoneme,200,3012,0.7569316081330869,0.5805422647527911,0.7983514591814003,0.7001417664094618
Phoneme,200,3013,0.7800369685767098,0.5868055555555555,0.8286397084107008,0.7148622859500722
Phoneme,200,3014,0.756007393715342,0.5755627009646302,0.8035215768747036,0.6999814436815737
Phoneme,200,3015,0.7634011090573013,0.5897435897435899,0.812376487795659,0.7091089865528335
Phoneme,200,3016,0.7735674676524954,0.5882352941176472,0.8259878080887862,0.7059946938858173
Phoneme,200,3017,0.7587800369685767,0.5714285714285715,0.8040752416717952,0.700052751227722
Phoneme,200,3018,0.756007393715342,0.5448275862068965,0.8194735762401771,0.6825715804853951
Phoneme,200,3019,0.789279112754159,0.6068965517241379,0.8171860880529579,0.7240643059787748
Phoneme,200,3020,0.777264325323475,0.6106623586429726,0.8272730347720201,0.7298783994046814
Phoneme,200,3021,0.7578558225508318,0.5746753246753247,0.8154856687898089,0.7004669254246285
Phoneme,200,3022,0.7643253234750462,0.5996860282574569,0.8115956372033566,0.7169481041628007
Phoneme,200,3023,0.7828096118299446,0.619124797406807,0.8440567471989953,0.7304136232937832
Phoneme,200,3024,0.7643253234750462,0.5728643216080401,0.8253282590340068,0.6968534449352863
Phoneme,200,3025,0.7606284658040665,0.5676126878130215,0.8095881382506213,0.6938382436620122
Phoneme,200,3026,0.788354898336414,0.6288492706645056,0.8403867961485331,0.736712645100101
Phoneme,200,3027,0.7624768946395564,0.6003110419906686,0.8156686447281664,0.7110851365661651
Phoneme,200,3028,0.756007393715342,0.5234657039711191,0.7970423275596161,0.6745517657843176
Phoneme,200,3029,0.7606284658040665,0.5464098073555166,0.8359044294585476,0.6833589817375021
Phoneme,300,3000,0.7809611829944547,0.6279434850863422,0.8363092298067107,0.7365858276531989
Phoneme,300,3001,0.7874306839186691,0.603448275862069,0.838963963963964,0.7262696857162506
Phoneme,300,3002,0.7495378927911276,0.5490848585690516,0.8176067453895183,0.678664908389778
Phoneme,300,3003,0.7874306839186691,0.6428571428571428,0.8467637225305937,0.7440719641639887
Phoneme,300,3004,0.7865064695009242,0.6280193236714975,0.844443428875308,0.7380295558316057
Phoneme,300,3005,0.7791127541589649,0.6188197767145136,0.8243623842807365,0.7301766973876826
Phoneme,300,3006,0.7652495378927912,0.6018808777429467,0.8368592664600928,0.7147700346315087
Phoneme,300,3007,0.788354898336414,0.6031195840554593,0.8350254133693624,0.725413369362414
Phoneme,300,3008,0.7911275415896488,0.6220735785953176,0.8383821760870941,0.7360634639323164
Phoneme,300,3009,0.7615526802218114,0.5714285714285715,0.8169969528212672,0.7007754544499317
Phoneme,300,3010,0.7754158964879853,0.6220839813374806,0.8262509398225943,0.732221432474517
Phoneme,300,3011,0.7874306839186691,0.6266233766233765,0.8252217732856832,0.7336059701736934
Phoneme,300,3012,0.7606284658040665,0.5882352941176471,0.8025598963079976,0.7053911740283938
Phoneme,300,3013,0.7837338262476895,0.596551724137931,0.830423457808954,0.721619042706829
Phoneme,300,3014,0.7606284658040665,0.5882352941176471,0.8072988185810602,0.7087915713078081
Phoneme,300,3015,0.7652495378927912,0.5942492012779553,0.8151743858798588,0.7122437827910779
Phoneme,300,3016,0.7726432532347505,0.5886287625418061,0.8290945176904226,0.7061992425623266
Phoneme,300,3017,0.7624768946395564,0.5807504078303426,0.8077803874284614,0.7065252431371072
Phoneme,300,3018,0.7578558225508318,0.552901023890785,0.8225758508228773,0.6877504113339781
Phoneme,300,3019,0.7865064695009242,0.6010362694300518,0.8203803719659557,0.7201618156982242
Phoneme,300,3020,0.7763401109057301,0.6121794871794872,0.8303257340008118,0.7312398525233392
Phoneme,300,3021,0.7643253234750462,0.5906902086677368,0.8188362526539278,0.7116134222399151
Phoneme,300,3022,0.7689463955637708,0.6093749999999999,0.8165109997732005,0.7239108471990268
Phoneme,300,3023,0.7855822550831792,0.6245954692556634,0.847551806193608,0.7342309217701689
Phoneme,300,3024,0.7689463955637708,0.5833333333333333,0.8305004548105908,0.7037041569280094
Phoneme,300,3025,0.7744916820702403,0.6038961038961038,0.8150777178740877,0.7181033318186842
Phoneme,300,3026,0.788354898336414,0.6359300476947536,0.8439042493969197,0.7422547988701264
Phoneme,300,3027,0.7634011090573013,0.6049382716049383,0.8205558552618434,0.7142240604207877
Phoneme,300,3028,0.7597042513863216,0.5357142857142857,0.8007437625173234,0.6825107198248335
Phoneme,300,3029,0.7689463955637708,0.5659722222222222,0.8387320096254499,0.6959100178913258
